vwsh,lon,lat
0.007880667,-120.4549,38.57567
0.008530667,-120.094,38.62627
0.009105667,-120.5208,38.8577
0.008230667,-120.1582,38.90858
0.008343167,-119.795,38.9581
0.008718167,-120.223,39.19109
0.007980667,-119.8581,39.24089
0.008593167,-120.2885,39.4738
0.008330667,-119.9218,39.5239
0.010498079,-120.4549,38.57567
0.011298077,-120.094,38.62627
0.010610577,-120.5208,38.8577
0.010835578,-120.1582,38.90858
0.010835578,-119.795,38.9581
0.010798079,-120.223,39.19109
0.010723078,-119.8581,39.24089
0.0104855765,-120.2885,39.4738
0.010823078,-119.9218,39.5239
0.0052599306,-120.4549,38.57567
0.0063974303,-120.094,38.62627
0.0052849306,-120.5208,38.8577
0.0058224313,-120.1582,38.90858
0.0064974306,-119.795,38.9581
0.0054724305,-120.223,39.19109
0.0058974307,-119.8581,39.24089
0.0055349306,-120.2885,39.4738
0.005222431,-119.9218,39.5239
0.004262204,-120.4549,38.57567
0.004674704,-120.094,38.62627
0.0040497035,-120.5208,38.8577
0.0042497036,-120.1582,38.90858
0.0046872036,-119.795,38.9581
0.003899704,-120.223,39.19109
0.0042997035,-119.8581,39.24089
0.003862204,-120.2885,39.4738
0.004099704,-119.9218,39.5239
0.0071536684,-120.4549,38.57567
0.0064411685,-120.094,38.62627
0.0069286684,-120.5208,38.8577
0.0062286686,-120.1582,38.90858
0.0051411684,-119.795,38.9581
0.006116168,-120.223,39.19109
0.0051411684,-119.8581,39.24089
0.0059036682,-120.2885,39.4738
0.0049536685,-119.9218,39.5239
0.010941458,-120.4549,38.57567
0.011103959,-120.094,38.62627
0.011541458,-120.5208,38.8577
0.011428959,-120.1582,38.90858
0.011678957,-119.795,38.9581
0.011628959,-120.223,39.19109
0.011978959,-119.8581,39.24089
0.011578958,-120.2885,39.4738
0.012603959,-119.9218,39.5239
0.01528784,-120.4549,38.57567
0.016512841,-120.094,38.62627
0.01626284,-120.5208,38.8577
0.01620034,-120.1582,38.90858
0.01677534,-119.795,38.9581
0.01556284,-120.223,39.19109
0.016250338,-119.8581,39.24089
0.01498784,-120.2885,39.4738
0.01537534,-119.9218,39.5239
0.010725455,-120.4549,38.57567
0.010450455,-120.094,38.62627
0.011300455,-120.5208,38.8577
0.011212955,-120.1582,38.90858
0.010750455,-119.795,38.9581
0.012162955,-120.223,39.19109
0.011750455,-119.8581,39.24089
0.012087955,-120.2885,39.4738
0.012675456,-119.9218,39.5239
0.011711072,-120.4549,38.57567
0.012073573,-120.094,38.62627
0.011311073,-120.5208,38.8577
0.011848574,-120.1582,38.90858
0.011898573,-119.795,38.9581
0.010311073,-120.223,39.19109
0.010811073,-119.8581,39.24089
0.008911072,-120.2885,39.4738
0.009536073,-119.9218,39.5239
0.009284973,-120.4549,38.57567
0.009147473,-120.094,38.62627
0.009509972,-120.5208,38.8577
0.009047472,-120.1582,38.90858
0.009222472,-119.795,38.9581
0.009397472,-120.223,39.19109
0.009659973,-119.8581,39.24089
0.009222473,-120.2885,39.4738
0.009184972,-119.9218,39.5239
0.00686015,-120.4549,38.57567
0.00652265,-120.094,38.62627
0.00722265,-120.5208,38.8577
0.00706015,-120.1582,38.90858
0.0066976496,-119.795,38.9581
0.0072601503,-120.223,39.19109
0.00723515,-119.8581,39.24089
0.0068351505,-120.2885,39.4738
0.00686015,-119.9218,39.5239
0.0026921725,-120.4549,38.57567
0.0024796724,-120.094,38.62627
0.0029921727,-120.5208,38.8577
0.0030421726,-120.1582,38.90858
0.0030921723,-119.795,38.9581
0.0033171724,-120.223,39.19109
0.0033546723,-119.8581,39.24089
0.0032796727,-120.2885,39.4738
0.0033296726,-119.9218,39.5239
0.00594871,-120.4549,38.57567
0.0061487094,-120.094,38.62627
0.0064612096,-120.5208,38.8577
0.0062362095,-120.1582,38.90858
0.0053862096,-119.795,38.9581
0.0063862097,-120.223,39.19109
0.00543621,-119.8581,39.24089
0.0064237094,-120.2885,39.4738
0.00581121,-119.9218,39.5239
0.0064934506,-120.4549,38.57567
0.0058684507,-120.094,38.62627
0.0062809503,-120.5208,38.8577
0.0060059507,-120.1582,38.90858
0.0053184507,-119.795,38.9581
0.005705951,-120.223,39.19109
0.0059434506,-119.8581,39.24089
0.0055559506,-120.2885,39.4738
0.0055809505,-119.9218,39.5239
0.0070743295,-120.4549,38.57567
0.0072743297,-120.094,38.62627
0.0072743297,-120.5208,38.8577
0.0071868296,-120.1582,38.90858
0.0073493295,-119.795,38.9581
0.0072868294,-120.223,39.19109
0.00726183,-119.8581,39.24089
0.0074743293,-120.2885,39.4738
0.0076368297,-119.9218,39.5239
0.0035985685,-120.4549,38.57567
0.0038235683,-120.094,38.62627
0.0035610683,-120.5208,38.8577
0.0037985684,-120.1582,38.90858
0.0038860687,-119.795,38.9581
0.0037485682,-120.223,39.19109
0.0038610685,-119.8581,39.24089
0.0036860683,-120.2885,39.4738
0.003823568,-119.9218,39.5239
0.0038134637,-120.4549,38.57567
0.0031759639,-120.094,38.62627
0.0035634637,-120.5208,38.8577
0.0031759636,-120.1582,38.90858
0.0032884637,-119.795,38.9581
0.0034509639,-120.223,39.19109
0.0029509636,-119.8581,39.24089
0.0041384636,-120.2885,39.4738
0.0036634635,-119.9218,39.5239
0.0058031157,-120.4549,38.57567
0.0058531156,-120.094,38.62627
0.006153115,-120.5208,38.8577
0.006115615,-120.1582,38.90858
0.0062531154,-119.795,38.9581
0.0065156156,-120.223,39.19109
0.0066031152,-119.8581,39.24089
0.0067531154,-120.2885,39.4738
0.006753116,-119.9218,39.5239
0.0073547577,-120.4549,38.57567
0.007317258,-120.094,38.62627
0.0074672583,-120.5208,38.8577
0.0074672583,-120.1582,38.90858
0.0077172583,-119.795,38.9581
0.008604758,-120.223,39.19109
0.009517258,-119.8581,39.24089
0.009442258,-120.2885,39.4738
0.009592257,-119.9218,39.5239
0.006861857,-120.4549,38.57567
0.0065618567,-120.094,38.62627
0.007174357,-120.5208,38.8577
0.006836857,-120.1582,38.90858
0.006649357,-119.795,38.9581
0.0058993567,-120.223,39.19109
0.005736857,-119.8581,39.24089
0.005686857,-120.2885,39.4738
0.0057493574,-119.9218,39.5239
0.006795444,-120.4549,38.57567
0.006945444,-120.094,38.62627
0.006332944,-120.5208,38.8577
0.0062829438,-120.1582,38.90858
0.006157944,-119.795,38.9581
0.005657944,-120.223,39.19109
0.005557944,-119.8581,39.24089
0.005257944,-120.2885,39.4738
0.004957944,-119.9218,39.5239
0.0051647658,-120.4549,38.57567
0.0048897658,-120.094,38.62627
0.0049272655,-120.5208,38.8577
0.0046022655,-120.1582,38.90858
0.004277265,-119.795,38.9581
0.0040897657,-120.223,39.19109
0.0037022652,-119.8581,39.24089
0.0034147652,-120.2885,39.4738
0.0034647654,-119.9218,39.5239
0.004649389,-120.4549,38.57567
0.004311889,-120.094,38.62627
0.004736889,-120.5208,38.8577
0.0044618887,-120.1582,38.90858
0.0041368892,-119.795,38.9581
0.0045493892,-120.223,39.19109
0.0043118894,-119.8581,39.24089
0.004674389,-120.2885,39.4738
0.004461889,-119.9218,39.5239
0.0050383587,-120.4549,38.57567
0.005213359,-120.094,38.62627
0.0050508585,-120.5208,38.8577
0.0049383584,-120.1582,38.90858
0.004963359,-119.795,38.9581
0.0048508584,-120.223,39.19109
0.0047633583,-119.8581,39.24089
0.0048133587,-120.2885,39.4738
0.004713359,-119.9218,39.5239
0.0049063545,-120.4549,38.57567
0.005343855,-120.094,38.62627
0.004843855,-120.5208,38.8577
0.0048813545,-120.1582,38.90858
0.0049688546,-119.795,38.9581
0.004931355,-120.223,39.19109
0.0049938546,-119.8581,39.24089
0.004856355,-120.2885,39.4738
0.004956355,-119.9218,39.5239
0.003972968,-120.4549,38.57567
0.004147968,-120.094,38.62627
0.003860468,-120.5208,38.8577
0.004010468,-120.1582,38.90858
0.0036604677,-119.795,38.9581
0.003510468,-120.223,39.19109
0.0035729678,-119.8581,39.24089
0.003222968,-120.2885,39.4738
0.003310468,-119.9218,39.5239
0.005962378,-120.4549,38.57567
0.0051623783,-120.094,38.62627
0.0061123786,-120.5208,38.8577
0.0054748785,-120.1582,38.90858
0.0045498786,-119.795,38.9581
0.005499878,-120.223,39.19109
0.0044748783,-119.8581,39.24089
0.005799879,-120.2885,39.4738
0.0048998785,-119.9218,39.5239
0.0074985707,-120.4549,38.57567
0.0077610705,-120.094,38.62627
0.0077360705,-120.5208,38.8577
0.0077860705,-120.1582,38.90858
0.0069360705,-119.795,38.9581
0.007823572,-120.223,39.19109
0.007073571,-119.8581,39.24089
0.008048571,-120.2885,39.4738
0.0073610703,-119.9218,39.5239
0.008281108,-120.4549,38.57567
0.009306109,-120.094,38.62627
0.008168608,-120.5208,38.8577
0.008831108,-120.1582,38.90858
0.009506108,-119.795,38.9581
0.008843607,-120.223,39.19109
0.009306108,-119.8581,39.24089
0.008918608,-120.2885,39.4738
0.009168607,-119.9218,39.5239
0.00816942,-120.4549,38.57567
0.00868192,-120.094,38.62627
0.00850692,-120.5208,38.8577
0.00878192,-120.1582,38.90858
0.00893192,-119.795,38.9581
0.008719421,-120.223,39.19109
0.00899442,-119.8581,39.24089
0.00863192,-120.2885,39.4738
0.00895692,-119.9218,39.5239
0.004400154,-120.4549,38.57567
0.004062654,-120.094,38.62627
0.004312654,-120.5208,38.8577
0.0039751544,-120.1582,38.90858
0.003662654,-119.795,38.9581
0.0038626543,-120.223,39.19109
0.003575154,-119.8581,39.24089
0.003787654,-120.2885,39.4738
0.0035126542,-119.9218,39.5239
0.011701608,-120.4549,38.57567
0.012451609,-120.094,38.62627
0.011551608,-120.5208,38.8577
0.0122766085,-120.1582,38.90858
0.012326608,-119.795,38.9581
0.0114516085,-120.223,39.19109
0.012064109,-119.8581,39.24089
0.010914108,-120.2885,39.4738
0.01157661,-119.9218,39.5239
0.0071446816,-120.4549,38.57567
0.0069071813,-120.094,38.62627
0.0075571816,-120.5208,38.8577
0.0070446813,-120.1582,38.90858
0.0077446816,-119.795,38.9581
0.007244682,-120.223,39.19109
0.006919682,-119.8581,39.24089
0.0077196816,-120.2885,39.4738
0.0074446816,-119.9218,39.5239
0.00859016,-120.4549,38.57567
0.008327659,-120.094,38.62627
0.00882766,-120.5208,38.8577
0.00832766,-120.1582,38.90858
0.00817766,-119.795,38.9581
0.00830266,-120.223,39.19109
0.008202661,-119.8581,39.24089
0.008502659,-120.2885,39.4738
0.00825266,-119.9218,39.5239
0.0024454435,-120.4549,38.57567
0.0025079432,-120.094,38.62627
0.0024579433,-120.5208,38.8577
0.002570443,-120.1582,38.90858
0.0028454433,-119.795,38.9581
0.0026579434,-120.223,39.19109
0.0028954432,-119.8581,39.24089
0.0026829434,-120.2885,39.4738
0.0029204434,-119.9218,39.5239
0.0059502227,-120.4549,38.57567
0.005612722,-120.094,38.62627
0.0064502223,-120.5208,38.8577
0.005625223,-120.1582,38.90858
0.005050223,-119.795,38.9581
0.005750222,-120.223,39.19109
0.0049877227,-119.8581,39.24089
0.0058752224,-120.2885,39.4738
0.0050377226,-119.9218,39.5239
0.008404386,-120.4549,38.57567
0.008691887,-120.094,38.62627
0.0083668865,-120.5208,38.8577
0.008579387,-120.1582,38.90858
0.009154386,-119.795,38.9581
0.008491886,-120.223,39.19109
0.008954386,-119.8581,39.24089
0.008579387,-120.2885,39.4738
0.009179387,-119.9218,39.5239
0.010632688,-120.4549,38.57567
0.010170188,-120.094,38.62627
0.009782688,-120.5208,38.8577
0.009007688,-120.1582,38.90858
0.009970188,-119.795,38.9581
0.009432688,-120.223,39.19109
0.008307688,-119.8581,39.24089
0.010407688,-120.2885,39.4738
0.010595188,-119.9218,39.5239
0.008425535,-120.4549,38.57567
0.009338035,-120.094,38.62627
0.008488035,-120.5208,38.8577
0.009388035,-120.1582,38.90858
0.0108380355,-119.795,38.9581
0.009563035,-120.223,39.19109
0.0110005345,-119.8581,39.24089
0.009650535,-120.2885,39.4738
0.010863036,-119.9218,39.5239
0.006371702,-120.4549,38.57567
0.0064717024,-120.094,38.62627
0.006484202,-120.5208,38.8577
0.0065342016,-120.1582,38.90858
0.0063842023,-119.795,38.9581
0.006634202,-120.223,39.19109
0.006321702,-119.8581,39.24089
0.0068717017,-120.2885,39.4738
0.0066967015,-119.9218,39.5239
0.00671438,-120.4549,38.57567
0.00675188,-120.094,38.62627
0.0070893797,-120.5208,38.8577
0.00655188,-120.1582,38.90858
0.00658938,-119.795,38.9581
0.00697688,-120.223,39.19109
0.0070393803,-119.8581,39.24089
0.00696438,-120.2885,39.4738
0.0069768806,-119.9218,39.5239
0.0060371,-120.4549,38.57567
0.0059870994,-120.094,38.62627
0.0064995997,-120.5208,38.8577
0.0064121,-120.1582,38.90858
0.0062371,-119.795,38.9581
0.0064871,-120.223,39.19109
0.0066870996,-119.8581,39.24089
0.0068746,-120.2885,39.4738
0.0068995995,-119.9218,39.5239
0.011373434,-120.4549,38.57567
0.009473434,-120.094,38.62627
0.011285934,-120.5208,38.8577
0.0111109335,-120.1582,38.90858
0.011060934,-119.795,38.9581
0.010498435,-120.223,39.19109
0.010385934,-119.8581,39.24089
0.009860934,-120.2885,39.4738
0.0097984355,-119.9218,39.5239
0.0046652644,-120.4549,38.57567
0.0047527645,-120.094,38.62627
0.004527765,-120.5208,38.8577
0.0045652646,-120.1582,38.90858
0.0046652644,-119.795,38.9581
0.004440265,-120.223,39.19109
0.0045027644,-119.8581,39.24089
0.0042652646,-120.2885,39.4738
0.0042902646,-119.9218,39.5239
0.0045923823,-120.4549,38.57567
0.004079882,-120.094,38.62627
0.004529882,-120.5208,38.8577
0.0038173823,-120.1582,38.90858
0.0034548827,-119.795,38.9581
0.004029882,-120.223,39.19109
0.0035298828,-119.8581,39.24089
0.0039548823,-120.2885,39.4738
0.0037173822,-119.9218,39.5239
0.007050145,-120.4549,38.57567
0.007475145,-120.094,38.62627
0.0071876454,-120.5208,38.8577
0.0076376447,-120.1582,38.90858
0.007837645,-119.795,38.9581
0.0072751455,-120.223,39.19109
0.007737645,-119.8581,39.24089
0.006350145,-120.2885,39.4738
0.006175145,-119.9218,39.5239
0.0046988563,-120.4549,38.57567
0.0046238564,-120.094,38.62627
0.0049738563,-120.5208,38.8577
0.0049238564,-120.1582,38.90858
0.005511356,-119.795,38.9581
0.005236356,-120.223,39.19109
0.006136356,-119.8581,39.24089
0.0052488563,-120.2885,39.4738
0.006136356,-119.9218,39.5239
0.005835649,-120.4549,38.57567
0.0060106493,-120.094,38.62627
0.006285649,-120.5208,38.8577
0.0063356487,-120.1582,38.90858
0.006060649,-119.795,38.9581
0.006235649,-120.223,39.19109
0.0060731494,-119.8581,39.24089
0.0063231494,-120.2885,39.4738
0.006148149,-119.9218,39.5239
0.0063953176,-120.4549,38.57567
0.006807817,-120.094,38.62627
0.006845317,-120.5208,38.8577
0.0068953177,-120.1582,38.90858
0.006982817,-119.795,38.9581
0.0070328177,-120.223,39.19109
0.007095318,-119.8581,39.24089
0.007107818,-120.2885,39.4738
0.007195318,-119.9218,39.5239
0.0055221245,-120.4549,38.57567
0.0055346247,-120.094,38.62627
0.0055846246,-120.5208,38.8577
0.005534625,-120.1582,38.90858
0.0055846246,-119.795,38.9581
0.005647125,-120.223,39.19109
0.005547125,-119.8581,39.24089
0.0057471246,-120.2885,39.4738
0.0056596245,-119.9218,39.5239
0.008912015,-120.4549,38.57567
0.009537015,-120.094,38.62627
0.008849515,-120.5208,38.8577
0.009249516,-120.1582,38.90858
0.009137015,-119.795,38.9581
0.008674515,-120.223,39.19109
0.009224515,-119.8581,39.24089
0.008537015,-120.2885,39.4738
0.008824515,-119.9218,39.5239
0.004131124,-120.4549,38.57567
0.004156124,-120.094,38.62627
0.004406124,-120.5208,38.8577
0.0047311233,-120.1582,38.90858
0.004793624,-119.795,38.9581
0.0050561237,-120.223,39.19109
0.0053811236,-119.8581,39.24089
0.005368624,-120.2885,39.4738
0.0056061237,-119.9218,39.5239
0.005873956,-120.4549,38.57567
0.005786456,-120.094,38.62627
0.005998956,-120.5208,38.8577
0.005873956,-120.1582,38.90858
0.005561456,-119.795,38.9581
0.0059114564,-120.223,39.19109
0.005998956,-119.8581,39.24089
0.0058114566,-120.2885,39.4738
0.0057489565,-119.9218,39.5239
0.0059032342,-120.4549,38.57567
0.005465734,-120.094,38.62627
0.005653234,-120.5208,38.8577
0.005978234,-120.1582,38.90858
0.0066532344,-119.795,38.9581
0.006703234,-120.223,39.19109
0.006740734,-119.8581,39.24089
0.006953234,-120.2885,39.4738
0.007003234,-119.9218,39.5239
0.0049422127,-120.4549,38.57567
0.004967212,-120.094,38.62627
0.0051047127,-120.5208,38.8577
0.005167213,-120.1582,38.90858
0.005217213,-119.795,38.9581
0.005142213,-120.223,39.19109
0.0055672126,-119.8581,39.24089
0.0050422125,-120.2885,39.4738
0.0053047123,-119.9218,39.5239
0.0047025494,-120.4549,38.57567
0.00461505,-120.094,38.62627
0.0048900503,-120.5208,38.8577
0.00492755,-120.1582,38.90858
0.0049400497,-119.795,38.9581
0.00507755,-120.223,39.19109
0.00512755,-119.8581,39.24089
0.0051150494,-120.2885,39.4738
0.0051525496,-119.9218,39.5239
0.006427928,-120.4549,38.57567
0.0062029283,-120.094,38.62627
0.006027928,-120.5208,38.8577
0.006015428,-120.1582,38.90858
0.0057779285,-119.795,38.9581
0.005502928,-120.223,39.19109
0.0053779273,-119.8581,39.24089
0.005015428,-120.2885,39.4738
0.004840428,-119.9218,39.5239
0.003407352,-120.4549,38.57567
0.0035948523,-120.094,38.62627
0.0031323524,-120.5208,38.8577
0.003469852,-120.1582,38.90858
0.0036323522,-119.795,38.9581
0.003207352,-120.223,39.19109
0.0034823522,-119.8581,39.24089
0.002919852,-120.2885,39.4738
0.003207352,-119.9218,39.5239
0.0028791819,-120.4549,38.57567
0.0030166819,-120.094,38.62627
0.0031791818,-120.5208,38.8577
0.0033541818,-120.1582,38.90858
0.0036041818,-119.795,38.9581
0.0036166818,-120.223,39.19109
0.0038666818,-119.8581,39.24089
0.003891682,-120.2885,39.4738
0.0040666824,-119.9218,39.5239
0.0036641129,-120.4549,38.57567
0.0035891132,-120.094,38.62627
0.0035891128,-120.5208,38.8577
0.0035891132,-120.1582,38.90858
0.004076613,-119.795,38.9581
0.003801613,-120.223,39.19109
0.004176613,-119.8581,39.24089
0.004039113,-120.2885,39.4738
0.004189113,-119.9218,39.5239
0.0065119336,-120.4549,38.57567
0.0067244344,-120.094,38.62627
0.0068494333,-120.5208,38.8577
0.0068744337,-120.1582,38.90858
0.006911934,-119.795,38.9581
0.006949434,-120.223,39.19109
0.006936934,-119.8581,39.24089
0.007024434,-120.2885,39.4738
0.006999434,-119.9218,39.5239
0.0041852035,-120.4549,38.57567
0.0048602037,-120.094,38.62627
0.0041227033,-120.5208,38.8577
0.0039852033,-120.1582,38.90858
0.0041102036,-119.795,38.9581
0.0038102036,-120.223,39.19109
0.0039227037,-119.8581,39.24089
0.0036977034,-120.2885,39.4738
0.0037602033,-119.9218,39.5239
0.0040811407,-120.4549,38.57567
0.0041061407,-120.094,38.62627
0.0038311407,-120.5208,38.8577
0.0034311404,-120.1582,38.90858
0.0035186405,-119.795,38.9581
0.0035436405,-120.223,39.19109
0.0029436403,-119.8581,39.24089
0.0036436403,-120.2885,39.4738
0.0031311405,-119.9218,39.5239
0.008184602,-120.4549,38.57567
0.0083971005,-120.094,38.62627
0.008259602,-120.5208,38.8577
0.008434602,-120.1582,38.90858
0.009084602,-119.795,38.9581
0.008309602,-120.223,39.19109
0.009272101,-119.8581,39.24089
0.008697101,-120.2885,39.4738
0.009234602,-119.9218,39.5239
0.0036305937,-120.4549,38.57567
0.0035305934,-120.094,38.62627
0.0038680932,-120.5208,38.8577
0.0038555935,-120.1582,38.90858
0.0038930934,-119.795,38.9581
0.0040305937,-120.223,39.19109
0.004168093,-119.8581,39.24089
0.0037680932,-120.2885,39.4738
0.0040680934,-119.9218,39.5239
0.01137646,-120.4549,38.57567
0.011763959,-120.094,38.62627
0.011313959,-120.5208,38.8577
0.011463959,-120.1582,38.90858
0.011701459,-119.795,38.9581
0.01132646,-120.223,39.19109
0.01081396,-119.8581,39.24089
0.011326459,-120.2885,39.4738
0.010863959,-119.9218,39.5239
0.0027156433,-120.4549,38.57567
0.002915643,-120.094,38.62627
0.002828143,-120.5208,38.8577
0.0031406432,-120.1582,38.90858
0.0034906433,-119.795,38.9581
0.0032781432,-120.223,39.19109
0.003628143,-119.8581,39.24089
0.0034156432,-120.2885,39.4738
0.0037656433,-119.9218,39.5239
0.0031651524,-120.4549,38.57567
0.0029151523,-120.094,38.62627
0.0032151523,-120.5208,38.8577
0.0029651523,-120.1582,38.90858
0.0028776522,-119.795,38.9581
0.0029901522,-120.223,39.19109
0.0029026524,-119.8581,39.24089
0.0030026522,-120.2885,39.4738
0.0028901526,-119.9218,39.5239
0.003466178,-120.4549,38.57567
0.003441178,-120.094,38.62627
0.003428678,-120.5208,38.8577
0.003378678,-120.1582,38.90858
0.0033786779,-119.795,38.9581
0.0030661782,-120.223,39.19109
0.0033661781,-119.8581,39.24089
0.002928678,-120.2885,39.4738
0.003291178,-119.9218,39.5239
0.0051247887,-120.4549,38.57567
0.004962289,-120.094,38.62627
0.005137289,-120.5208,38.8577
0.0053122886,-120.1582,38.90858
0.0049872887,-119.795,38.9581
0.005074789,-120.223,39.19109
0.005187289,-119.8581,39.24089
0.0049872887,-120.2885,39.4738
0.004987289,-119.9218,39.5239
0.0049311123,-120.4549,38.57567
0.0047811116,-120.094,38.62627
0.005181112,-120.5208,38.8577
0.004831112,-120.1582,38.90858
0.005318612,-119.795,38.9581
0.005118612,-120.223,39.19109
0.0052686124,-119.8581,39.24089
0.005306112,-120.2885,39.4738
0.005356112,-119.9218,39.5239
0.0107107535,-120.4549,38.57567
0.010485753,-120.094,38.62627
0.010898253,-120.5208,38.8577
0.011010754,-120.1582,38.90858
0.011048254,-119.795,38.9581
0.0112607535,-120.223,39.19109
0.011248254,-119.8581,39.24089
0.011510753,-120.2885,39.4738
0.011810753,-119.9218,39.5239
0.0060770013,-120.4549,38.57567
0.0060895015,-120.094,38.62627
0.006027001,-120.5208,38.8577
0.0059270016,-120.1582,38.90858
0.006252002,-119.795,38.9581
0.005902001,-120.223,39.19109
0.006064501,-119.8581,39.24089
0.0056895018,-120.2885,39.4738
0.0058395015,-119.9218,39.5239
0.0056265905,-120.4549,38.57567
0.0056578405,-120.094,38.62627
0.005345341,-120.5208,38.8577
0.0053703412,-120.1582,38.90858
0.0053390907,-119.795,38.9581
0.005301591,-120.223,39.19109
0.0052390904,-119.8581,39.24089
0.005176591,-120.2885,39.4738
0.0048328405,-119.9218,39.5239
0.002389351,-120.4549,38.57567
0.0022393512,-120.094,38.62627
0.002301851,-120.5208,38.8577
0.0021893512,-120.1582,38.90858
0.0020768512,-119.795,38.9581
0.002126851,-120.223,39.19109
0.002039351,-119.8581,39.24089
0.0021018512,-120.2885,39.4738
0.002076851,-119.9218,39.5239
0.0035529942,-120.4549,38.57567
0.0035529945,-120.094,38.62627
0.0036529943,-120.5208,38.8577
0.003665494,-120.1582,38.90858
0.0036404943,-119.795,38.9581
0.0035404942,-120.223,39.19109
0.0035904942,-119.8581,39.24089
0.0031779942,-120.2885,39.4738
0.003215494,-119.9218,39.5239
0.007178707,-120.4549,38.57567
0.006728707,-120.094,38.62627
0.008091207,-120.5208,38.8577
0.0071787066,-120.1582,38.90858
0.0068787066,-119.795,38.9581
0.008253707,-120.223,39.19109
0.007991207,-119.8581,39.24089
0.008841207,-120.2885,39.4738
0.008166207,-119.9218,39.5239
0.015379918,-120.4549,38.57567
0.018054916,-120.094,38.62627
0.015104918,-120.5208,38.8577
0.015954917,-120.1582,38.90858
0.017154917,-119.795,38.9581
0.016129918,-120.223,39.19109
0.016829917,-119.8581,39.24089
0.015154918,-120.2885,39.4738
0.014817418,-119.9218,39.5239
0.004730554,-120.4549,38.57567
0.0049055535,-120.094,38.62627
0.0043930537,-120.5208,38.8577
0.004618054,-120.1582,38.90858
0.0050055534,-119.795,38.9581
0.0043055536,-120.223,39.19109
0.0046805535,-119.8581,39.24089
0.0039555538,-120.2885,39.4738
0.004405554,-119.9218,39.5239
0.0032576506,-120.4549,38.57567
0.0030951507,-120.094,38.62627
0.0033201508,-120.5208,38.8577
0.0031951508,-120.1582,38.90858
0.0030076506,-119.795,38.9581
0.0031201509,-120.223,39.19109
0.0030201506,-119.8581,39.24089
0.0029826509,-120.2885,39.4738
0.0028576506,-119.9218,39.5239
0.0065700263,-120.4549,38.57567
0.006820026,-120.094,38.62627
0.0071825264,-120.5208,38.8577
0.007382526,-120.1582,38.90858
0.007420026,-119.795,38.9581
0.007845026,-120.223,39.19109
0.0077575264,-119.8581,39.24089
0.008145026,-120.2885,39.4738
0.0077325255,-119.9218,39.5239
0.0043644505,-120.4549,38.57567
0.0044644508,-120.094,38.62627
0.0047019506,-120.5208,38.8577
0.004964451,-120.1582,38.90858
0.0054269508,-119.795,38.9581
0.0057019508,-120.223,39.19109
0.0055769505,-119.8581,39.24089
0.0060269507,-120.2885,39.4738
0.0063019507,-119.9218,39.5239
0.009129704,-120.4549,38.57567
0.009504705,-120.094,38.62627
0.009267205,-120.5208,38.8577
0.009717204,-120.1582,38.90858
0.0102047045,-119.795,38.9581
0.009854704,-120.223,39.19109
0.010392204,-119.8581,39.24089
0.009979705,-120.2885,39.4738
0.010617204,-119.9218,39.5239
0.0054400405,-120.4549,38.57567
0.00530254,-120.094,38.62627
0.00520254,-120.5208,38.8577
0.0051525403,-120.1582,38.90858
0.0051650405,-119.795,38.9581
0.0050650407,-120.223,39.19109
0.0050900406,-119.8581,39.24089
0.00502754,-120.2885,39.4738
0.0050650407,-119.9218,39.5239
0.0021454773,-120.4549,38.57567
0.0021954773,-120.094,38.62627
0.0027454772,-120.5208,38.8577
0.0028204774,-120.1582,38.90858
0.0029579771,-119.795,38.9581
0.003295477,-120.223,39.19109
0.0033454772,-119.8581,39.24089
0.0036454771,-120.2885,39.4738
0.003670477,-119.9218,39.5239
0.0017179897,-120.4549,38.57567
0.0018429897,-120.094,38.62627
0.0018804898,-120.5208,38.8577
0.0020429897,-120.1582,38.90858
0.0022179896,-119.795,38.9581
0.0023929898,-120.223,39.19109
0.0025804895,-119.8581,39.24089
0.0027929896,-120.2885,39.4738
0.0029679895,-119.9218,39.5239
0.0047548926,-120.4549,38.57567
0.004629893,-120.094,38.62627
0.0046298928,-120.5208,38.8577
0.004342393,-120.1582,38.90858
0.0041048927,-119.795,38.9581
0.004067393,-120.223,39.19109
0.003904893,-119.8581,39.24089
0.004054893,-120.2885,39.4738
0.0037923928,-119.9218,39.5239
0.0060511352,-120.4549,38.57567
0.006163635,-120.094,38.62627
0.005276135,-120.5208,38.8577
0.005476135,-120.1582,38.90858
0.005663635,-119.795,38.9581
0.004851135,-120.223,39.19109
0.004988635,-119.8581,39.24089
0.004351135,-120.2885,39.4738
0.004651135,-119.9218,39.5239
0.0054787537,-120.4549,38.57567
0.0056662536,-120.094,38.62627
0.0055162534,-120.5208,38.8577
0.0057037533,-120.1582,38.90858
0.0057162535,-119.795,38.9581
0.0056162537,-120.223,39.19109
0.005641253,-119.8581,39.24089
0.0056037535,-120.2885,39.4738
0.0055287536,-119.9218,39.5239
0.0045838705,-120.4549,38.57567
0.0043963706,-120.094,38.62627
0.0046088705,-120.5208,38.8577
0.004583871,-120.1582,38.90858
0.0041838707,-119.795,38.9581
0.0046588704,-120.223,39.19109
0.00462137,-119.8581,39.24089
0.0049713706,-120.2885,39.4738
0.0045463704,-119.9218,39.5239
0.008139579,-120.4549,38.57567
0.007089578,-120.094,38.62627
0.007977079,-120.5208,38.8577
0.008114577,-120.1582,38.90858
0.007027078,-119.795,38.9581
0.007764578,-120.223,39.19109
0.0077645783,-119.8581,39.24089
0.0075020785,-120.2885,39.4738
0.007639578,-119.9218,39.5239
0.0037771163,-120.4549,38.57567
0.0038146162,-120.094,38.62627
0.003539616,-120.5208,38.8577
0.0035521162,-120.1582,38.90858
0.0036021164,-119.795,38.9581
0.0034646161,-120.223,39.19109
0.0036646165,-119.8581,39.24089
0.0036021161,-120.2885,39.4738
0.003814616,-119.9218,39.5239
0.0044824635,-120.4549,38.57567
0.0043324633,-120.094,38.62627
0.0044074636,-120.5208,38.8577
0.0043574637,-120.1582,38.90858
0.0042449636,-119.795,38.9581
0.0048324633,-120.223,39.19109
0.004632463,-119.8581,39.24089
0.0046574636,-120.2885,39.4738
0.0044199633,-119.9218,39.5239
0.0034568096,-120.4549,38.57567
0.0032068095,-120.094,38.62627
0.0029693097,-120.5208,38.8577
0.0027943095,-120.1582,38.90858
0.0026443098,-119.795,38.9581
0.0024943096,-120.223,39.19109
0.0024068097,-119.8581,39.24089
0.0024068097,-120.2885,39.4738
0.0027068097,-119.9218,39.5239
0.0036249256,-120.4549,38.57567
0.0036499253,-120.094,38.62627
0.003699925,-120.5208,38.8577
0.0037499252,-120.1582,38.90858
0.0037624254,-119.795,38.9581
0.0037374254,-120.223,39.19109
0.0037874256,-119.8581,39.24089
0.0036749255,-120.2885,39.4738
0.003999925,-119.9218,39.5239
0.0059002335,-120.4549,38.57567
0.005737733,-120.094,38.62627
0.0057752337,-120.5208,38.8577
0.0058502336,-120.1582,38.90858
0.0059252335,-119.795,38.9581
0.0056002336,-120.223,39.19109
0.005600233,-119.8581,39.24089
0.005300233,-120.2885,39.4738
0.0053377333,-119.9218,39.5239
0.00547708,-120.4549,38.57567
0.00551458,-120.094,38.62627
0.0051520797,-120.5208,38.8577
0.00518958,-120.1582,38.90858
0.0054520797,-119.795,38.9581
0.0056395796,-120.223,39.19109
0.00591458,-119.8581,39.24089
0.005864579,-120.2885,39.4738
0.0060520796,-119.9218,39.5239
0.0046090176,-120.4549,38.57567
0.0045590173,-120.094,38.62627
0.004796517,-120.5208,38.8577
0.0046215174,-120.1582,38.90858
0.004596517,-119.795,38.9581
0.0048715174,-120.223,39.19109
0.0049215173,-119.8581,39.24089
0.005259017,-120.2885,39.4738
0.004909017,-119.9218,39.5239
0.015048318,-120.4549,38.57567
0.014185821,-120.094,38.62627
0.016498318,-120.5208,38.8577
0.015748318,-120.1582,38.90858
0.0154858185,-119.795,38.9581
0.01641082,-120.223,39.19109
0.01708582,-119.8581,39.24089
0.016085818,-120.2885,39.4738
0.01648582,-119.9218,39.5239
0.006357761,-120.4549,38.57567
0.006370261,-120.094,38.62627
0.005970261,-120.5208,38.8577
0.005995261,-120.1582,38.90858
0.006032761,-119.795,38.9581
0.005595261,-120.223,39.19109
0.005607761,-119.8581,39.24089
0.0052327616,-120.2885,39.4738
0.0052702613,-119.9218,39.5239
0.00583643,-120.4549,38.57567
0.0058489293,-120.094,38.62627
0.0056739305,-120.5208,38.8577
0.00563643,-120.1582,38.90858
0.0055739298,-119.795,38.9581
0.00538643,-120.223,39.19109
0.0053489297,-119.8581,39.24089
0.00511143,-120.2885,39.4738
0.005011429,-119.9218,39.5239
0.004507744,-120.4549,38.57567
0.004645244,-120.094,38.62627
0.0048077437,-120.5208,38.8577
0.0048202444,-120.1582,38.90858
0.004782744,-119.795,38.9581
0.0048452443,-120.223,39.19109
0.0048202444,-119.8581,39.24089
0.0048452443,-120.2885,39.4738
0.004757744,-119.9218,39.5239
0.0035291228,-120.4549,38.57567
0.0038416227,-120.094,38.62627
0.0032541228,-120.5208,38.8577
0.0035666227,-120.1582,38.90858
0.0038041226,-119.795,38.9581
0.0032916225,-120.223,39.19109
0.0035041226,-119.8581,39.24089
0.0030541227,-120.2885,39.4738
0.0032541226,-119.9218,39.5239
0.0042977966,-120.4549,38.57567
0.0045727966,-120.094,38.62627
0.004372796,-120.5208,38.8577
0.0043727965,-120.1582,38.90858
0.0039852965,-119.795,38.9581
0.0041977963,-120.223,39.19109
0.0040602963,-119.8581,39.24089
0.0043852963,-120.2885,39.4738
0.0042977966,-119.9218,39.5239
0.0040376405,-120.4549,38.57567
0.0041001406,-120.094,38.62627
0.0039751404,-120.5208,38.8577
0.0040251403,-120.1582,38.90858
0.0040626405,-119.795,38.9581
0.003975141,-120.223,39.19109
0.0039751404,-119.8581,39.24089
0.0038376404,-120.2885,39.4738
0.0037876407,-119.9218,39.5239
0.0020299638,-120.4549,38.57567
0.0021674638,-120.094,38.62627
0.0019674636,-120.5208,38.8577
0.0020299638,-120.1582,38.90858
0.0019424638,-119.795,38.9581
0.0019924636,-120.223,39.19109
0.0018674639,-119.8581,39.24089
0.0020299638,-120.2885,39.4738
0.0018799638,-119.9218,39.5239
0.002363357,-120.4549,38.57567
0.002288357,-120.094,38.62627
0.002400857,-120.5208,38.8577
0.002238357,-120.1582,38.90858
0.0021133572,-119.795,38.9581
0.002575857,-120.223,39.19109
0.002263357,-119.8581,39.24089
0.003313357,-120.2885,39.4738
0.0029758571,-119.9218,39.5239
0.0124836005,-120.4549,38.57567
0.011733601,-120.094,38.62627
0.012721101,-120.5208,38.8577
0.012371102,-120.1582,38.90858
0.011846102,-119.795,38.9581
0.012433602,-120.223,39.19109
0.0120461015,-119.8581,39.24089
0.012683602,-120.2885,39.4738
0.012446102,-119.9218,39.5239
0.007236679,-120.4549,38.57567
0.007449179,-120.094,38.62627
0.006724179,-120.5208,38.8577
0.0069616786,-120.1582,38.90858
0.007074179,-119.795,38.9581
0.006286679,-120.223,39.19109
0.006436679,-119.8581,39.24089
0.00584918,-120.2885,39.4738
0.006111679,-119.9218,39.5239
0.006021578,-120.4549,38.57567
0.006184078,-120.094,38.62627
0.0056715775,-120.5208,38.8577
0.0056965784,-120.1582,38.90858
0.005909078,-119.795,38.9581
0.005521578,-120.223,39.19109
0.005596578,-119.8581,39.24089
0.0053715785,-120.2885,39.4738
0.005471578,-119.9218,39.5239
0.006180632,-120.4549,38.57567
0.005868132,-120.094,38.62627
0.006455632,-120.5208,38.8577
0.0062181316,-120.1582,38.90858
0.0050056316,-119.795,38.9581
0.005918131,-120.223,39.19109
0.0047556316,-119.8581,39.24089
0.0056306315,-120.2885,39.4738
0.005218132,-119.9218,39.5239
0.0055356347,-120.4549,38.57567
0.0067606354,-120.094,38.62627
0.005323135,-120.5208,38.8577
0.005248135,-120.1582,38.90858
0.006248135,-119.795,38.9581
0.0054606353,-120.223,39.19109
0.005835635,-119.8581,39.24089
0.005398135,-120.2885,39.4738
0.0053731343,-119.9218,39.5239
0.006168003,-120.4549,38.57567
0.0058805034,-120.094,38.62627
0.0059930035,-120.5208,38.8577
0.0061430032,-120.1582,38.90858
0.0064430037,-119.795,38.9581
0.0059555033,-120.223,39.19109
0.006643004,-119.8581,39.24089
0.006093004,-120.2885,39.4738
0.006480504,-119.9218,39.5239
0.006566314,-120.4549,38.57567
0.005816314,-120.094,38.62627
0.008266313,-120.5208,38.8577
0.007316313,-120.1582,38.90858
0.006166314,-119.795,38.9581
0.008216314,-120.223,39.19109
0.0072288145,-119.8581,39.24089
0.008866314,-120.2885,39.4738
0.007691314,-119.9218,39.5239
0.006875957,-120.4549,38.57567
0.006288457,-120.094,38.62627
0.007150957,-120.5208,38.8577
0.0063884566,-120.1582,38.90858
0.005100957,-119.795,38.9581
0.0061634565,-120.223,39.19109
0.0055009574,-119.8581,39.24089
0.006213457,-120.2885,39.4738
0.0053009572,-119.9218,39.5239
0.006359434,-120.4549,38.57567
0.0046469346,-120.094,38.62627
0.0065969345,-120.5208,38.8577
0.005134435,-120.1582,38.90858
0.005534435,-119.795,38.9581
0.0057844347,-120.223,39.19109
0.005271935,-119.8581,39.24089
0.0066844346,-120.2885,39.4738
0.005859434,-119.9218,39.5239
0.0043436396,-120.4549,38.57567
0.0037561394,-120.094,38.62627
0.0048561394,-120.5208,38.8577
0.0042436393,-120.1582,38.90858
0.003556139,-119.795,38.9581
0.004781139,-120.223,39.19109
0.0038311393,-119.8581,39.24089
0.0050936397,-120.2885,39.4738
0.0045436393,-119.9218,39.5239
0.0025050538,-120.4549,38.57567
0.0021800539,-120.094,38.62627
0.0032925536,-120.5208,38.8577
0.002805054,-120.1582,38.90858
0.0025675534,-119.795,38.9581
0.004242554,-120.223,39.19109
0.0036800539,-119.8581,39.24089
0.0059300535,-120.2885,39.4738
0.0053925538,-119.9218,39.5239
0.0035044095,-120.4549,38.57567
0.0026669097,-120.094,38.62627
0.005266909,-120.5208,38.8577
0.0038169096,-120.1582,38.90858
0.0035294094,-119.795,38.9581
0.006654409,-120.223,39.19109
0.0067169094,-119.8581,39.24089
0.008541909,-120.2885,39.4738
0.008379409,-119.9218,39.5239
0.011208499,-120.4549,38.57567
0.010920999,-120.094,38.62627
0.012083499,-120.5208,38.8577
0.012195999,-120.1582,38.90858
0.011721,-119.795,38.9581
0.012045999,-120.223,39.19109
0.012320999,-119.8581,39.24089
0.011820999,-120.2885,39.4738
0.011833498,-119.9218,39.5239
0.0047864383,-120.4549,38.57567
0.004986439,-120.094,38.62627
0.0052989386,-120.5208,38.8577
0.005098939,-120.1582,38.90858
0.0048114387,-119.795,38.9581
0.004986439,-120.223,39.19109
0.004986439,-119.8581,39.24089
0.0048364387,-120.2885,39.4738
0.004886439,-119.9218,39.5239
0.008650808,-120.4549,38.57567
0.009225808,-120.094,38.62627
0.007550808,-120.5208,38.8577
0.008263309,-120.1582,38.90858
0.008875808,-119.795,38.9581
0.007425808,-120.223,39.19109
0.008000808,-119.8581,39.24089
0.006388308,-120.2885,39.4738
0.0069508087,-119.9218,39.5239
0.0033469393,-120.4549,38.57567
0.0038469392,-120.094,38.62627
0.0032094396,-120.5208,38.8577
0.0035094395,-120.1582,38.90858
0.0037344394,-119.795,38.9581
0.0034219397,-120.223,39.19109
0.0035219397,-119.8581,39.24089
0.0037219394,-120.2885,39.4738
0.003809439,-119.9218,39.5239
0.0061170044,-120.4549,38.57567
0.0060295044,-120.094,38.62627
0.0061670044,-120.5208,38.8577
0.006242004,-120.1582,38.90858
0.0062045045,-119.795,38.9581
0.006279505,-120.223,39.19109
0.0063920044,-119.8581,39.24089
0.006317004,-120.2885,39.4738
0.0064045046,-119.9218,39.5239
0.0027322683,-120.4549,38.57567
0.0027822684,-120.094,38.62627
0.0025572684,-120.5208,38.8577
0.002582268,-120.1582,38.90858
0.002619768,-119.795,38.9581
0.0023822682,-120.223,39.19109
0.002457268,-119.8581,39.24089
0.0022447682,-120.2885,39.4738
0.0022822681,-119.9218,39.5239
0.0046140966,-120.4549,38.57567
0.0049015963,-120.094,38.62627
0.004476596,-120.5208,38.8577
0.0046890965,-120.1582,38.90858
0.004726596,-119.795,38.9581
0.004576596,-120.223,39.19109
0.004614096,-119.8581,39.24089
0.004501596,-120.2885,39.4738
0.004451596,-119.9218,39.5239
0.007068555,-120.4549,38.57567
0.0070560547,-120.094,38.62627
0.0067810547,-120.5208,38.8577
0.006906055,-120.1582,38.90858
0.0065060547,-119.795,38.9581
0.0066185547,-120.223,39.19109
0.0064685545,-119.8581,39.24089
0.006193555,-120.2885,39.4738
0.005931055,-119.9218,39.5239
0.0027204375,-120.4549,38.57567
0.0027079377,-120.094,38.62627
0.0025391874,-120.5208,38.8577
0.0025141872,-120.1582,38.90858
0.0024891875,-119.795,38.9581
0.0025141875,-120.223,39.19109
0.0023454374,-119.8581,39.24089
0.0029141873,-120.2885,39.4738
0.0030516873,-119.9218,39.5239
0.0033511121,-120.4549,38.57567
0.003313612,-120.094,38.62627
0.0032011117,-120.5208,38.8577
0.0032261119,-120.1582,38.90858
0.0031136118,-119.795,38.9581
0.003026112,-120.223,39.19109
0.0029761116,-119.8581,39.24089
0.0029261122,-120.2885,39.4738
0.002876112,-119.9218,39.5239
0.0033934512,-120.4549,38.57567
0.0030684518,-120.094,38.62627
0.0029934517,-120.5208,38.8577
0.0030184514,-120.1582,38.90858
0.0031309514,-119.795,38.9581
0.0031059512,-120.223,39.19109
0.0033559515,-119.8581,39.24089
0.0033684515,-120.2885,39.4738
0.0036059513,-119.9218,39.5239
0.0019598883,-120.4549,38.57567
0.0018473883,-120.094,38.62627
0.0018598883,-120.5208,38.8577
0.0017348883,-120.1582,38.90858
0.0016473883,-119.795,38.9581
0.0015348884,-120.223,39.19109
0.0014348885,-119.8581,39.24089
0.0012723884,-120.2885,39.4738
0.0012223884,-119.9218,39.5239
0.006632281,-120.4549,38.57567
0.006532281,-120.094,38.62627
0.006732281,-120.5208,38.8577
0.0066572814,-120.1582,38.90858
0.0065322807,-119.795,38.9581
0.0067697815,-120.223,39.19109
0.0066447807,-119.8581,39.24089
0.006594781,-120.2885,39.4738
0.0063822814,-119.9218,39.5239
0.0050750026,-120.4549,38.57567
0.0052250028,-120.094,38.62627
0.0052000023,-120.5208,38.8577
0.0051375027,-120.1582,38.90858
0.004750002,-119.795,38.9581
0.004787503,-120.223,39.19109
0.0044875024,-119.8581,39.24089
0.0039875023,-120.2885,39.4738
0.0039500026,-119.9218,39.5239
0.005511604,-120.4549,38.57567
0.005574104,-120.094,38.62627
0.005524105,-120.5208,38.8577
0.005949104,-120.1582,38.90858
0.0056866044,-119.795,38.9581
0.005811604,-120.223,39.19109
0.005711605,-119.8581,39.24089
0.006149104,-120.2885,39.4738
0.006161604,-119.9218,39.5239
0.0033222244,-120.4549,38.57567
0.0026847247,-120.094,38.62627
0.003922225,-120.5208,38.8577
0.0032347247,-120.1582,38.90858
0.0033097244,-119.795,38.9581
0.0038597244,-120.223,39.19109
0.0032472245,-119.8581,39.24089
0.0049472246,-120.2885,39.4738
0.0044347243,-119.9218,39.5239
0.00432996,-120.4549,38.57567
0.0040799603,-120.094,38.62627
0.00491746,-120.5208,38.8577
0.0043174597,-120.1582,38.90858
0.0046799597,-119.795,38.9581
0.005767459,-120.223,39.19109
0.00582996,-119.8581,39.24089
0.00689246,-120.2885,39.4738
0.0067424597,-119.9218,39.5239
0.0071388464,-120.4549,38.57567
0.0077013467,-120.094,38.62627
0.0066888467,-120.5208,38.8577
0.007876347,-120.1582,38.90858
0.008126346,-119.795,38.9581
0.0073263473,-120.223,39.19109
0.007738847,-119.8581,39.24089
0.006888847,-120.2885,39.4738
0.007226347,-119.9218,39.5239
0.011349371,-120.4549,38.57567
0.01127437,-120.094,38.62627
0.01172437,-120.5208,38.8577
0.01194937,-120.1582,38.90858
0.01103687,-119.795,38.9581
0.011486871,-120.223,39.19109
0.011674371,-119.8581,39.24089
0.01109937,-120.2885,39.4738
0.01162437,-119.9218,39.5239
0.0046578073,-120.4549,38.57567
0.005282807,-120.094,38.62627
0.0041953074,-120.5208,38.8577
0.0047453074,-120.1582,38.90858
0.0054203076,-119.795,38.9581
0.0044453074,-120.223,39.19109
0.0049953074,-119.8581,39.24089
0.0042453073,-120.2885,39.4738
0.004757807,-119.9218,39.5239
0.0021738287,-120.4549,38.57567
0.0022613285,-120.094,38.62627
0.0020113285,-120.5208,38.8577
0.0020363284,-120.1582,38.90858
0.0021363285,-119.795,38.9581
0.0019113285,-120.223,39.19109
0.0019738285,-119.8581,39.24089
0.0018238286,-120.2885,39.4738
0.0018488285,-119.9218,39.5239
0.0034907493,-120.4549,38.57567
0.0036782492,-120.094,38.62627
0.0038407492,-120.5208,38.8577
0.0034407491,-120.1582,38.90858
0.0031657496,-119.795,38.9581
0.0031907496,-120.223,39.19109
0.0029657492,-119.8581,39.24089
0.002953249,-120.2885,39.4738
0.0027282494,-119.9218,39.5239
0.0071710525,-120.4549,38.57567
0.007033552,-120.094,38.62627
0.007083553,-120.5208,38.8577
0.0069835526,-120.1582,38.90858
0.006983552,-119.795,38.9581
0.0070460523,-120.223,39.19109
0.0074710525,-119.8581,39.24089
0.007246053,-120.2885,39.4738
0.0073960526,-119.9218,39.5239
0.0045671244,-120.4549,38.57567
0.0047921245,-120.094,38.62627
0.004467125,-120.5208,38.8577
0.004467124,-120.1582,38.90858
0.0047421246,-119.795,38.9581
0.0041921246,-120.223,39.19109
0.0044296244,-119.8581,39.24089
0.0040171244,-120.2885,39.4738
0.0042546242,-119.9218,39.5239
0.002002507,-120.4549,38.57567
0.002152507,-120.094,38.62627
0.0022650072,-120.5208,38.8577
0.0023775073,-120.1582,38.90858
0.002477507,-119.795,38.9581
0.0024900073,-120.223,39.19109
0.0025650072,-119.8581,39.24089
0.0027025072,-120.2885,39.4738
0.0027400071,-119.9218,39.5239
0.0037588691,-120.4549,38.57567
0.0038463692,-120.094,38.62627
0.0038213693,-120.5208,38.8577
0.003946369,-120.1582,38.90858
0.0041713687,-119.795,38.9581
0.004033869,-120.223,39.19109
0.0041463687,-119.8581,39.24089
0.004083869,-120.2885,39.4738
0.004258869,-119.9218,39.5239
0.0047975825,-120.4549,38.57567
0.0049475827,-120.094,38.62627
0.0043225824,-120.5208,38.8577
0.0043725823,-120.1582,38.90858
0.0045225825,-119.795,38.9581
0.003935083,-120.223,39.19109
0.003910083,-119.8581,39.24089
0.0035725827,-120.2885,39.4738
0.0034350827,-119.9218,39.5239
0.0055669406,-120.4549,38.57567
0.00544194,-120.094,38.62627
0.00600444,-120.5208,38.8577
0.0057919403,-120.1582,38.90858
0.0057669403,-119.795,38.9581
0.0058294404,-120.223,39.19109
0.00552944,-119.8581,39.24089
0.00560444,-120.2885,39.4738
0.0053169406,-119.9218,39.5239
0.005664678,-120.4549,38.57567
0.0057021775,-120.094,38.62627
0.005627177,-120.5208,38.8577
0.005589678,-120.1582,38.90858
0.005452178,-119.795,38.9581
0.005339678,-120.223,39.19109
0.0052896775,-119.8581,39.24089
0.0049021775,-120.2885,39.4738
0.005039678,-119.9218,39.5239
0.006181492,-120.4549,38.57567
0.0064064916,-120.094,38.62627
0.006418991,-120.5208,38.8577
0.0066314912,-120.1582,38.90858
0.006881491,-119.795,38.9581
0.006868991,-120.223,39.19109
0.0071189906,-119.8581,39.24089
0.006718991,-120.2885,39.4738
0.006831491,-119.9218,39.5239
0.007978853,-120.4549,38.57567
0.007491353,-120.094,38.62627
0.008266352,-120.5208,38.8577
0.007828852,-120.1582,38.90858
0.008016352,-119.795,38.9581
0.008503852,-120.223,39.19109
0.008366352,-119.8581,39.24089
0.008691352,-120.2885,39.4738
0.008578852,-119.9218,39.5239
0.00324898,-120.4549,38.57567
0.00332398,-120.094,38.62627
0.00324898,-120.5208,38.8577
0.0033489799,-120.1582,38.90858
0.0035239798,-119.795,38.9581
0.00338648,-120.223,39.19109
0.00358648,-119.8581,39.24089
0.00353648,-120.2885,39.4738
0.0037114797,-119.9218,39.5239
0.002115416,-120.4549,38.57567
0.002190416,-120.094,38.62627
0.0023029158,-120.5208,38.8577
0.0024279156,-120.1582,38.90858
0.0025404159,-119.795,38.9581
0.0027404157,-120.223,39.19109
0.002915416,-119.8581,39.24089
0.0031779162,-120.2885,39.4738
0.0034404157,-119.9218,39.5239
0.0016377384,-120.4549,38.57567
0.0015752384,-120.094,38.62627
0.0017127385,-120.5208,38.8577
0.0016877385,-120.1582,38.90858
0.0017502385,-119.795,38.9581
0.0019127384,-120.223,39.19109
0.0019502384,-119.8581,39.24089
0.0021627382,-120.2885,39.4738
0.0022627385,-119.9218,39.5239
0.0034510095,-120.4549,38.57567
0.0034260096,-120.094,38.62627
0.0035135094,-120.5208,38.8577
0.0035010092,-120.1582,38.90858
0.0035135096,-119.795,38.9581
0.0035635098,-120.223,39.19109
0.0035510096,-119.8581,39.24089
0.0035885095,-120.2885,39.4738
0.0037260097,-119.9218,39.5239
0.0025465332,-120.4549,38.57567
0.0025715334,-120.094,38.62627
0.0025840332,-120.5208,38.8577
0.0025215335,-120.1582,38.90858
0.0026590333,-119.795,38.9581
0.0025465332,-120.223,39.19109
0.0027090334,-119.8581,39.24089
0.0026590333,-120.2885,39.4738
0.0027590333,-119.9218,39.5239
0.0028339922,-120.4549,38.57567
0.0028714922,-120.094,38.62627
0.002921492,-120.5208,38.8577
0.0028589922,-120.1582,38.90858
0.0027839923,-119.795,38.9581
0.0027839923,-120.223,39.19109
0.0026839923,-119.8581,39.24089
0.0026714923,-120.2885,39.4738
0.0026839923,-119.9218,39.5239
0.0047047306,-120.4549,38.57567
0.00464223,-120.094,38.62627
0.0046172305,-120.5208,38.8577
0.00456723,-120.1582,38.90858
0.0044297306,-119.795,38.9581
0.0044672303,-120.223,39.19109
0.00440473,-119.8581,39.24089
0.0045422306,-120.2885,39.4738
0.0045172307,-119.9218,39.5239
0.0045658005,-120.4549,38.57567
0.004178301,-120.094,38.62627
0.0047908006,-120.5208,38.8577
0.004390801,-120.1582,38.90858
0.0040033003,-119.795,38.9581
0.004615801,-120.223,39.19109
0.0041658008,-119.8581,39.24089
0.0049908007,-120.2885,39.4738
0.004440801,-119.9218,39.5239
0.005058209,-120.4549,38.57567
0.0051769586,-120.094,38.62627
0.0050394596,-120.5208,38.8577
0.00519571,-120.1582,38.90858
0.005239459,-119.795,38.9581
0.005089459,-120.223,39.19109
0.00518946,-119.8581,39.24089
0.004970709,-120.2885,39.4738
0.005064459,-119.9218,39.5239
0.0037934897,-120.4549,38.57567
0.0037809894,-120.094,38.62627
0.0036309897,-120.5208,38.8577
0.0036184895,-120.1582,38.90858
0.0033684897,-119.795,38.9581
0.0027809897,-120.223,39.19109
0.0026184898,-119.8581,39.24089
0.0024434896,-120.2885,39.4738
0.0025184897,-119.9218,39.5239
0.008700985,-120.4549,38.57567
0.008425985,-120.094,38.62627
0.008950985,-120.5208,38.8577
0.008388486,-120.1582,38.90858
0.008075986,-119.795,38.9581
0.008400986,-120.223,39.19109
0.007900985,-119.8581,39.24089
0.008188484,-120.2885,39.4738
0.007650986,-119.9218,39.5239
