ustm,lon,lat
13.551461,-120.4549,38.57567
13.538961,-120.094,38.62627
13.176461,-120.5208,38.8577
13.551462,-120.1582,38.90858
13.351461,-119.795,38.9581
13.363962,-120.223,39.19109
13.663961,-119.8581,39.24089
13.601461,-120.2885,39.4738
13.663961,-119.9218,39.5239
10.448598,-120.4549,38.57567
9.8485985,-120.094,38.62627
9.436098,-120.5208,38.8577
9.861098,-120.1582,38.90858
8.986098,-119.795,38.9581
9.136099,-120.223,39.19109
8.848598,-119.8581,39.24089
9.148598,-120.2885,39.4738
8.873598,-119.9218,39.5239
22.154003,-120.4549,38.57567
23.591503,-120.094,38.62627
22.066502,-120.5208,38.8577
23.579002,-120.1582,38.90858
23.2415,-119.795,38.9581
22.779001,-120.223,39.19109
22.491503,-119.8581,39.24089
20.154001,-120.2885,39.4738
22.491503,-119.9218,39.5239
8.85872,-120.4549,38.57567
9.57122,-120.094,38.62627
8.94622,-120.5208,38.8577
9.57122,-120.1582,38.90858
9.02122,-119.795,38.9581
8.75872,-120.223,39.19109
8.47122,-119.8581,39.24089
8.22122,-120.2885,39.4738
8.47122,-119.9218,39.5239
4.608943,-120.4549,38.57567
4.033943,-120.094,38.62627
2.7839432,-120.5208,38.8577
4.046443,-120.1582,38.90858
3.9464433,-119.795,38.9581
3.033943,-120.223,39.19109
3.258943,-119.8581,39.24089
2.4464433,-120.2885,39.4738
3.2714431,-119.9218,39.5239
15.871275,-120.4549,38.57567
15.158774,-120.094,38.62627
13.158773,-120.5208,38.8577
15.158774,-120.1582,38.90858
12.483774,-119.795,38.9581
12.046273,-120.223,39.19109
10.396275,-119.8581,39.24089
10.133775,-120.2885,39.4738
10.396275,-119.9218,39.5239
20.981901,-120.4549,38.57567
22.019402,-120.094,38.62627
22.069403,-120.5208,38.8577
22.019402,-120.1582,38.90858
21.219402,-119.795,38.9581
21.919401,-120.223,39.19109
21.056902,-119.8581,39.24089
21.731901,-120.2885,39.4738
21.056902,-119.9218,39.5239
17.688906,-120.4549,38.57567
18.876404,-120.094,38.62627
18.876406,-120.5208,38.8577
18.876404,-120.1582,38.90858
18.113905,-119.795,38.9581
18.713905,-120.223,39.19109
18.326408,-119.8581,39.24089
18.651405,-120.2885,39.4738
18.326408,-119.9218,39.5239
8.2689,-120.4549,38.57567
9.0814,-120.094,38.62627
9.093901,-120.5208,38.8577
9.0814,-120.1582,38.90858
9.3314,-119.795,38.9581
9.1689,-120.223,39.19109
9.2314,-119.8581,39.24089
9.0939,-120.2885,39.4738
9.2314,-119.9218,39.5239
3.9710836,-120.4549,38.57567
5.521084,-120.094,38.62627
5.3085833,-120.5208,38.8577
5.521084,-120.1582,38.90858
6.1085844,-119.795,38.9581
5.8960843,-120.223,39.19109
6.196084,-119.8581,39.24089
6.108584,-120.2885,39.4738
6.183584,-119.9218,39.5239
4.407382,-120.4549,38.57567
4.8073826,-120.094,38.62627
4.3573823,-120.5208,38.8577
4.8198824,-120.1582,38.90858
5.644882,-119.795,38.9581
5.082382,-120.223,39.19109
5.6323824,-119.8581,39.24089
4.819882,-120.2885,39.4738
5.6323824,-119.9218,39.5239
8.871149,-120.4549,38.57567
10.046148,-120.094,38.62627
10.308649,-120.5208,38.8577
10.021149,-120.1582,38.90858
11.921148,-119.795,38.9581
11.058648,-120.223,39.19109
11.1586485,-119.8581,39.24089
10.421149,-120.2885,39.4738
11.146149,-119.9218,39.5239
21.752752,-120.4549,38.57567
23.390251,-120.094,38.62627
22.91525,-120.5208,38.8577
23.390251,-120.1582,38.90858
23.177752,-119.795,38.9581
23.027752,-120.223,39.19109
22.227753,-119.8581,39.24089
21.977753,-120.2885,39.4738
22.227753,-119.9218,39.5239
11.308075,-120.4549,38.57567
11.958076,-120.094,38.62627
10.683075,-120.5208,38.8577
11.945575,-120.1582,38.90858
12.958075,-119.795,38.9581
11.370576,-120.223,39.19109
11.5205765,-119.8581,39.24089
10.570576,-120.2885,39.4738
11.5205765,-119.9218,39.5239
-7.076764,-120.4549,38.57567
-6.901765,-120.094,38.62627
-6.8642645,-120.5208,38.8577
-6.901765,-120.1582,38.90858
-6.589265,-119.795,38.9581
-6.4892645,-120.223,39.19109
-6.0517645,-119.8581,39.24089
-6.026764,-120.2885,39.4738
-6.0517645,-119.9218,39.5239
2.0729594,-120.4549,38.57567
1.8854592,-120.094,38.62627
2.235459,-120.5208,38.8577
1.8854592,-120.1582,38.90858
2.697959,-119.795,38.9581
2.410459,-120.223,39.19109
2.935459,-119.8581,39.24089
3.0729592,-120.2885,39.4738
2.935459,-119.9218,39.5239
13.011065,-120.4549,38.57567
13.448565,-120.094,38.62627
13.773564,-120.5208,38.8577
13.461063,-120.1582,38.90858
14.861065,-119.795,38.9581
14.236065,-120.223,39.19109
14.586063,-119.8581,39.24089
13.873566,-120.2885,39.4738
14.586063,-119.9218,39.5239
22.484213,-120.4549,38.57567
23.109213,-120.094,38.62627
23.409212,-120.5208,38.8577
23.109213,-120.1582,38.90858
23.271711,-119.795,38.9581
23.846714,-120.223,39.19109
24.021713,-119.8581,39.24089
24.934214,-120.2885,39.4738
24.059214,-119.9218,39.5239
28.097137,-120.4549,38.57567
28.972137,-120.094,38.62627
28.272137,-120.5208,38.8577
28.972137,-120.1582,38.90858
28.784637,-119.795,38.9581
28.884636,-120.223,39.19109
29.159637,-119.8581,39.24089
29.484636,-120.2885,39.4738
29.172138,-119.9218,39.5239
27.456202,-120.4549,38.57567
28.118702,-120.094,38.62627
26.2187,-120.5208,38.8577
28.131203,-120.1582,38.90858
27.0312,-119.795,38.9581
26.293703,-120.223,39.19109
25.968699,-119.8581,39.24089
25.3312,-120.2885,39.4738
25.9812,-119.9218,39.5239
14.502797,-120.4549,38.57567
13.302798,-120.094,38.62627
10.865298,-120.5208,38.8577
13.315298,-120.1582,38.90858
10.452798,-119.795,38.9581
9.752798,-120.223,39.19109
8.6652975,-119.8581,39.24089
8.365299,-120.2885,39.4738
8.6652975,-119.9218,39.5239
4.410424,-120.4549,38.57567
3.285424,-120.094,38.62627
2.472924,-120.5208,38.8577
3.285424,-120.1582,38.90858
1.2229238,-119.795,38.9581
1.4604237,-120.223,39.19109
0.82292366,-119.8581,39.24089
0.9354241,-120.2885,39.4738
0.8479235,-119.9218,39.5239
-1.0529783,-120.4549,38.57567
-0.76547813,-120.094,38.62627
0.24702144,-120.5208,38.8577
-0.7779784,-120.1582,38.90858
-0.69047856,-119.795,38.9581
-0.39047766,-120.223,39.19109
-2.090478,-119.8581,39.24089
-1.8404787,-120.2885,39.4738
-2.090478,-119.9218,39.5239
7.493962,-120.4549,38.57567
8.468962,-120.094,38.62627
7.4689617,-120.5208,38.8577
8.456461,-120.1582,38.90858
9.656462,-119.795,38.9581
7.931462,-120.223,39.19109
8.256462,-119.8581,39.24089
6.943962,-120.2885,39.4738
8.2314625,-119.9218,39.5239
5.425848,-120.4549,38.57567
5.388348,-120.094,38.62627
5.4633484,-120.5208,38.8577
5.4008484,-120.1582,38.90858
4.850848,-119.795,38.9581
5.3258486,-120.223,39.19109
5.0133486,-119.8581,39.24089
5.6133485,-120.2885,39.4738
5.0133486,-119.9218,39.5239
9.803495,-120.4549,38.57567
10.015997,-120.094,38.62627
11.003495,-120.5208,38.8577
10.015997,-120.1582,38.90858
10.753495,-119.795,38.9581
11.240996,-120.223,39.19109
11.115995,-119.8581,39.24089
12.090996,-120.2885,39.4738
11.128496,-119.9218,39.5239
17.853802,-120.4549,38.57567
19.603804,-120.094,38.62627
20.191303,-120.5208,38.8577
19.603804,-120.1582,38.90858
20.703802,-119.795,38.9581
20.803802,-120.223,39.19109
20.716301,-119.8581,39.24089
21.216303,-120.2885,39.4738
20.691303,-119.9218,39.5239
15.295126,-120.4549,38.57567
17.145124,-120.094,38.62627
16.420124,-120.5208,38.8577
17.132626,-120.1582,38.90858
16.957626,-119.795,38.9581
16.832626,-120.223,39.19109
16.807627,-119.8581,39.24089
16.682625,-120.2885,39.4738
16.770126,-119.9218,39.5239
12.929937,-120.4549,38.57567
13.392437,-120.094,38.62627
12.879937,-120.5208,38.8577
13.392437,-120.1582,38.90858
13.092437,-119.795,38.9581
13.254937,-120.223,39.19109
13.492438,-119.8581,39.24089
13.604937,-120.2885,39.4738
13.467437,-119.9218,39.5239
2.7430463,-120.4549,38.57567
2.730546,-120.094,38.62627
2.8680463,-120.5208,38.8577
2.730546,-120.1582,38.90858
4.280546,-119.795,38.9581
3.6180458,-120.223,39.19109
3.680546,-119.8581,39.24089
2.2930462,-120.2885,39.4738
3.680546,-119.9218,39.5239
9.022844,-120.4549,38.57567
10.085343,-120.094,38.62627
10.122843,-120.5208,38.8577
10.085343,-120.1582,38.90858
11.6353445,-119.795,38.9581
11.360344,-120.223,39.19109
11.060344,-119.8581,39.24089
11.035344,-120.2885,39.4738
11.060344,-119.9218,39.5239
1.4300362,-120.4549,38.57567
2.2925363,-120.094,38.62627
2.530036,-120.5208,38.8577
2.2925363,-120.1582,38.90858
3.4050362,-119.795,38.9581
2.9675362,-120.223,39.19109
4.242536,-119.8581,39.24089
3.7550364,-120.2885,39.4738
4.242536,-119.9218,39.5239
-7.7988877,-120.4549,38.57567
-8.048888,-120.094,38.62627
-7.8488884,-120.5208,38.8577
-8.036388,-120.1582,38.90858
-7.2738876,-119.795,38.9581
-7.761388,-120.223,39.19109
-7.198888,-119.8581,39.24089
-7.2988877,-120.2885,39.4738
-7.186388,-119.9218,39.5239
-4.1410418,-120.4549,38.57567
-4.991041,-120.094,38.62627
-4.5785418,-120.5208,38.8577
-4.941042,-120.1582,38.90858
-5.4160414,-119.795,38.9581
-4.991042,-120.223,39.19109
-4.978542,-119.8581,39.24089
-4.553542,-120.2885,39.4738
-4.978542,-119.9218,39.5239
8.343719,-120.4549,38.57567
7.106218,-120.094,38.62627
6.131217,-120.5208,38.8577
7.118718,-120.1582,38.90858
5.3312182,-119.795,38.9581
5.4187174,-120.223,39.19109
5.0937176,-119.8581,39.24089
5.531218,-120.2885,39.4738
5.0937176,-119.9218,39.5239
-4.595348,-120.4549,38.57567
-3.6328473,-120.094,38.62627
-4.5453477,-120.5208,38.8577
-3.6203475,-120.1582,38.90858
-4.1828475,-119.795,38.9581
-4.1203475,-120.223,39.19109
-3.807848,-119.8581,39.24089
-4.170347,-120.2885,39.4738
-3.807848,-119.9218,39.5239
-14.436773,-120.4549,38.57567
-14.411772,-120.094,38.62627
-14.286771,-120.5208,38.8577
-14.411772,-120.1582,38.90858
-13.699273,-119.795,38.9581
-13.849272,-120.223,39.19109
-12.836773,-119.8581,39.24089
-12.824272,-120.2885,39.4738
-12.824273,-119.9218,39.5239
5.5122967,-120.4549,38.57567
6.2872972,-120.094,38.62627
6.9122972,-120.5208,38.8577
6.2872972,-120.1582,38.90858
6.9372973,-119.795,38.9581
7.962297,-120.223,39.19109
9.074797,-119.8581,39.24089
10.1497965,-120.2885,39.4738
9.0872965,-119.9218,39.5239
6.488041,-120.4549,38.57567
6.238041,-120.094,38.62627
6.3380413,-120.5208,38.8577
6.238041,-120.1582,38.90858
6.0880404,-119.795,38.9581
6.6005406,-120.223,39.19109
7.10054,-119.8581,39.24089
7.625541,-120.2885,39.4738
7.1255407,-119.9218,39.5239
7.3667927,-120.4549,38.57567
6.941792,-120.094,38.62627
7.1917925,-120.5208,38.8577
6.941792,-120.1582,38.90858
6.116792,-119.795,38.9581
6.9417925,-120.223,39.19109
7.166792,-119.8581,39.24089
8.041792,-120.2885,39.4738
7.179292,-119.9218,39.5239
22.582966,-120.4549,38.57567
23.695465,-120.094,38.62627
23.157967,-120.5208,38.8577
23.695465,-120.1582,38.90858
24.320467,-119.795,38.9581
23.820465,-120.223,39.19109
23.682964,-119.8581,39.24089
23.657965,-120.2885,39.4738
23.682964,-119.9218,39.5239
23.34641,-120.4549,38.57567
23.45891,-120.094,38.62627
21.62141,-120.5208,38.8577
23.45891,-120.1582,38.90858
22.27141,-119.795,38.9581
21.65891,-120.223,39.19109
21.68391,-119.8581,39.24089
21.18391,-120.2885,39.4738
21.69641,-119.9218,39.5239
7.582851,-120.4549,38.57567
7.2078505,-120.094,38.62627
7.1703506,-120.5208,38.8577
7.2203503,-120.1582,38.90858
6.8078504,-119.795,38.9581
7.232851,-120.223,39.19109
7.6578507,-119.8581,39.24089
7.9828506,-120.2885,39.4738
7.6703506,-119.9218,39.5239
9.513167,-120.4549,38.57567
9.750667,-120.094,38.62627
9.950666,-120.5208,38.8577
9.763166,-120.1582,38.90858
10.438167,-119.795,38.9581
10.088167,-120.223,39.19109
10.088167,-119.8581,39.24089
10.313167,-120.2885,39.4738
10.088167,-119.9218,39.5239
15.547682,-120.4549,38.57567
16.135181,-120.094,38.62627
15.122681,-120.5208,38.8577
16.135181,-120.1582,38.90858
16.322681,-119.795,38.9581
15.585179,-120.223,39.19109
15.67268,-119.8581,39.24089
15.122681,-120.2885,39.4738
15.68518,-119.9218,39.5239
6.6266904,-120.4549,38.57567
6.939192,-120.094,38.62627
6.1516905,-120.5208,38.8577
6.9516916,-120.1582,38.90858
7.4016905,-119.795,38.9581
6.826691,-120.223,39.19109
7.439191,-119.8581,39.24089
7.1891913,-120.2885,39.4738
7.4516907,-119.9218,39.5239
1.7351198,-120.4549,38.57567
1.3101203,-120.094,38.62627
1.6851201,-120.5208,38.8577
1.3351202,-120.1582,38.90858
1.1851199,-119.795,38.9581
1.71012,-120.223,39.19109
1.9476197,-119.8581,39.24089
2.5601203,-120.2885,39.4738
1.9601197,-119.9218,39.5239
19.403444,-120.4549,38.57567
20.415943,-120.094,38.62627
19.878445,-120.5208,38.8577
20.415943,-120.1582,38.90858
20.603443,-119.795,38.9581
20.753443,-120.223,39.19109
21.053442,-119.8581,39.24089
21.553444,-120.2885,39.4738
21.065943,-119.9218,39.5239
14.021856,-120.4549,38.57567
14.209355,-120.094,38.62627
13.534356,-120.5208,38.8577
14.234356,-120.1582,38.90858
13.746856,-119.795,38.9581
13.7593565,-120.223,39.19109
13.696856,-119.8581,39.24089
13.909356,-120.2885,39.4738
13.709356,-119.9218,39.5239
16.89069,-120.4549,38.57567
17.70319,-120.094,38.62627
17.09069,-120.5208,38.8577
17.72819,-120.1582,38.90858
17.74069,-119.795,38.9581
17.89069,-120.223,39.19109
18.15319,-119.8581,39.24089
18.553188,-120.2885,39.4738
18.19069,-119.9218,39.5239
28.951052,-120.4549,38.57567
31.126053,-120.094,38.62627
29.90105,-120.5208,38.8577
31.138554,-120.1582,38.90858
31.663555,-119.795,38.9581
31.526054,-120.223,39.19109
32.251053,-119.8581,39.24089
32.263554,-120.2885,39.4738
32.251053,-119.9218,39.5239
19.601938,-120.4549,38.57567
20.46444,-120.094,38.62627
19.32694,-120.5208,38.8577
20.46444,-120.1582,38.90858
20.264439,-119.795,38.9581
19.801939,-120.223,39.19109
19.964437,-119.8581,39.24089
19.939438,-120.2885,39.4738
19.964437,-119.9218,39.5239
20.650549,-120.4549,38.57567
22.338049,-120.094,38.62627
21.525549,-120.5208,38.8577
22.32555,-120.1582,38.90858
22.113049,-119.795,38.9581
21.775549,-120.223,39.19109
21.175547,-119.8581,39.24089
21.175549,-120.2885,39.4738
21.175547,-119.9218,39.5239
18.326267,-120.4549,38.57567
18.73877,-120.094,38.62627
17.576267,-120.5208,38.8577
18.726269,-120.1582,38.90858
18.163769,-119.795,38.9581
17.863768,-120.223,39.19109
17.851269,-119.8581,39.24089
17.588766,-120.2885,39.4738
17.851269,-119.9218,39.5239
13.142507,-120.4549,38.57567
13.580006,-120.094,38.62627
13.380007,-120.5208,38.8577
13.605005,-120.1582,38.90858
14.267506,-119.795,38.9581
13.955007,-120.223,39.19109
14.330005,-119.8581,39.24089
14.392506,-120.2885,39.4738
14.330005,-119.9218,39.5239
6.9428444,-120.4549,38.57567
6.605345,-120.094,38.62627
6.205345,-120.5208,38.8577
6.6178446,-120.1582,38.90858
5.8803453,-119.795,38.9581
5.6928444,-120.223,39.19109
5.130345,-119.8581,39.24089
5.217845,-120.2885,39.4738
5.1428447,-119.9218,39.5239
9.630161,-120.4549,38.57567
11.317661,-120.094,38.62627
11.280161,-120.5208,38.8577
11.317661,-120.1582,38.90858
11.605161,-119.795,38.9581
11.567659,-120.223,39.19109
11.455161,-119.8581,39.24089
11.50516,-120.2885,39.4738
11.4301605,-119.9218,39.5239
11.241352,-120.4549,38.57567
11.928853,-120.094,38.62627
12.178852,-120.5208,38.8577
11.928853,-120.1582,38.90858
13.203852,-119.795,38.9581
12.616353,-120.223,39.19109
12.241352,-119.8581,39.24089
12.428852,-120.2885,39.4738
12.241352,-119.9218,39.5239
10.418356,-120.4549,38.57567
10.393355,-120.094,38.62627
10.3808565,-120.5208,38.8577
10.405855,-120.1582,38.90858
10.280855,-119.795,38.9581
10.4433565,-120.223,39.19109
10.330856,-119.8581,39.24089
10.705857,-120.2885,39.4738
10.343355,-119.9218,39.5239
8.933298,-120.4549,38.57567
8.258299,-120.094,38.62627
8.645798,-120.5208,38.8577
8.258299,-120.1582,38.90858
7.7457976,-119.795,38.9581
8.495798,-120.223,39.19109
8.558298,-119.8581,39.24089
9.370798,-120.2885,39.4738
8.570799,-119.9218,39.5239
14.720942,-120.4549,38.57567
15.295941,-120.094,38.62627
14.895943,-120.5208,38.8577
15.295941,-120.1582,38.90858
15.345942,-119.795,38.9581
15.220942,-120.223,39.19109
15.345941,-119.8581,39.24089
15.495942,-120.2885,39.4738
15.345941,-119.9218,39.5239
9.082002,-120.4549,38.57567
8.444503,-120.094,38.62627
8.519502,-120.5208,38.8577
8.457003,-120.1582,38.90858
8.194502,-119.795,38.9581
8.494501,-120.223,39.19109
8.707003,-119.8581,39.24089
9.182002,-120.2885,39.4738
8.719502,-119.9218,39.5239
15.267864,-120.4549,38.57567
16.130365,-120.094,38.62627
16.192865,-120.5208,38.8577
16.130365,-120.1582,38.90858
16.542864,-119.795,38.9581
16.355366,-120.223,39.19109
16.592865,-119.8581,39.24089
16.405365,-120.2885,39.4738
16.580364,-119.9218,39.5239
11.656263,-120.4549,38.57567
11.656263,-120.094,38.62627
11.831263,-120.5208,38.8577
11.668763,-120.1582,38.90858
11.681262,-119.795,38.9581
12.418763,-120.223,39.19109
12.931261,-119.8581,39.24089
13.456264,-120.2885,39.4738
12.943762,-119.9218,39.5239
13.877141,-120.4549,38.57567
13.82714,-120.094,38.62627
13.58964,-120.5208,38.8577
13.85214,-120.1582,38.90858
13.664641,-119.795,38.9581
13.814641,-120.223,39.19109
14.00214,-119.8581,39.24089
14.50214,-120.2885,39.4738
14.02714,-119.9218,39.5239
-0.75186515,-120.4549,38.57567
-1.4893645,-120.094,38.62627
-1.126865,-120.5208,38.8577
-1.4643648,-120.1582,38.90858
-1.9268649,-119.795,38.9581
-1.476865,-120.223,39.19109
-1.614365,-119.8581,39.24089
-1.1768647,-120.2885,39.4738
-1.5893649,-119.9218,39.5239
0.9208424,-120.4549,38.57567
0.24584222,-120.094,38.62627
0.8083422,-120.5208,38.8577
0.24584222,-120.1582,38.90858
-0.52915764,-119.795,38.9581
0.30834246,-120.223,39.19109
0.058342695,-119.8581,39.24089
0.8708422,-120.2885,39.4738
0.070842505,-119.9218,39.5239
-1.107372,-120.4549,38.57567
-1.5323722,-120.094,38.62627
-0.7948723,-120.5208,38.8577
-1.5198724,-120.1582,38.90858
-1.982372,-119.795,38.9581
-0.8323722,-120.223,39.19109
-0.69487214,-119.8581,39.24089
0.40512753,-120.2885,39.4738
-0.69487214,-119.9218,39.5239
5.4762373,-120.4549,38.57567
5.7012377,-120.094,38.62627
6.7762375,-120.5208,38.8577
5.7012377,-120.1582,38.90858
7.1387377,-119.795,38.9581
7.738738,-120.223,39.19109
8.863737,-119.8581,39.24089
9.576238,-120.2885,39.4738
8.863737,-119.9218,39.5239
21.863304,-120.4549,38.57567
23.138306,-120.094,38.62627
24.050804,-120.5208,38.8577
23.125805,-120.1582,38.90858
24.925804,-119.795,38.9581
25.125803,-120.223,39.19109
25.875805,-119.8581,39.24089
26.400806,-120.2885,39.4738
25.875805,-119.9218,39.5239
7.6838994,-120.4549,38.57567
6.3463993,-120.094,38.62627
3.883898,-120.5208,38.8577
6.3463993,-120.1582,38.90858
4.2838984,-119.795,38.9581
3.0463986,-120.223,39.19109
2.721399,-119.8581,39.24089
1.7588983,-120.2885,39.4738
2.746399,-119.9218,39.5239
-8.717293,-120.4549,38.57567
-9.829794,-120.094,38.62627
-9.767294,-120.5208,38.8577
-9.804794,-120.1582,38.90858
-10.317293,-119.795,38.9581
-10.2922945,-120.223,39.19109
-9.9797945,-119.8581,39.24089
-9.942293,-120.2885,39.4738
-9.954794,-119.9218,39.5239
-6.902515,-120.4549,38.57567
-7.140014,-120.094,38.62627
-6.865014,-120.5208,38.8577
-7.140014,-120.1582,38.90858
-6.802514,-119.795,38.9581
-6.6400146,-120.223,39.19109
-5.890014,-119.8581,39.24089
-5.6650143,-120.2885,39.4738
-5.890014,-119.9218,39.5239
2.9262497,-120.4549,38.57567
2.2387497,-120.094,38.62627
2.23875,-120.5208,38.8577
2.2637498,-120.1582,38.90858
1.5012496,-119.795,38.9581
1.9887497,-120.223,39.19109
2.40125,-119.8581,39.24089
2.7012496,-120.2885,39.4738
2.40125,-119.9218,39.5239
5.2687173,-120.4549,38.57567
4.968717,-120.094,38.62627
4.956218,-120.5208,38.8577
4.9937177,-120.1582,38.90858
4.5312176,-119.795,38.9581
5.1187177,-120.223,39.19109
5.7312174,-119.8581,39.24089
6.143718,-120.2885,39.4738
5.7312174,-119.9218,39.5239
12.471261,-120.4549,38.57567
13.046263,-120.094,38.62627
12.996262,-120.5208,38.8577
13.046263,-120.1582,38.90858
13.921262,-119.795,38.9581
14.021261,-120.223,39.19109
15.071262,-119.8581,39.24089
15.421261,-120.2885,39.4738
15.083761,-119.9218,39.5239
-4.3519855,-120.4549,38.57567
-5.5644865,-120.094,38.62627
-8.064486,-120.5208,38.8577
-5.5644865,-120.1582,38.90858
-5.9394865,-119.795,38.9581
-8.014486,-120.223,39.19109
-7.1894855,-119.8581,39.24089
-9.014486,-120.2885,39.4738
-7.164486,-119.9218,39.5239
-25.210175,-120.4549,38.57567
-25.610174,-120.094,38.62627
-24.335173,-120.5208,38.8577
-25.597675,-120.1582,38.90858
-23.647673,-119.795,38.9581
-23.560175,-120.223,39.19109
-21.522676,-119.8581,39.24089
-21.360174,-120.2885,39.4738
-21.510176,-119.9218,39.5239
-10.698903,-120.4549,38.57567
-11.461405,-120.094,38.62627
-11.111404,-120.5208,38.8577
-11.461405,-120.1582,38.90858
-11.611404,-119.795,38.9581
-11.373904,-120.223,39.19109
-10.898904,-119.8581,39.24089
-10.673903,-120.2885,39.4738
-10.886403,-119.9218,39.5239
-3.2207603,-120.4549,38.57567
-3.7457604,-120.094,38.62627
-3.6832604,-120.5208,38.8577
-3.7207606,-120.1582,38.90858
-4.12076,-119.795,38.9581
-3.9832604,-120.223,39.19109
-3.8582602,-119.8581,39.24089
-3.83326,-120.2885,39.4738
-3.8582602,-119.9218,39.5239
-5.2705345,-120.4549,38.57567
-5.545535,-120.094,38.62627
-5.683034,-120.5208,38.8577
-5.545535,-120.1582,38.90858
-5.5330353,-119.795,38.9581
-5.7705345,-120.223,39.19109
-5.8455343,-119.8581,39.24089
-5.7580347,-120.2885,39.4738
-5.8455343,-119.9218,39.5239
-1.1579227,-120.4549,38.57567
-0.7079232,-120.094,38.62627
-0.3204224,-120.5208,38.8577
-0.7079232,-120.1582,38.90858
2.9170773,-119.795,38.9581
0.86707735,-120.223,39.19109
2.3170774,-119.8581,39.24089
1.6920779,-120.2885,39.4738
2.3170774,-119.9218,39.5239
1.4252982,-120.4549,38.57567
2.1127985,-120.094,38.62627
2.250298,-120.5208,38.8577
2.1252983,-120.1582,38.90858
2.7502985,-119.795,38.9581
3.0752983,-120.223,39.19109
3.7502985,-119.8581,39.24089
4.2002983,-120.2885,39.4738
3.7502985,-119.9218,39.5239
15.109463,-120.4549,38.57567
15.446962,-120.094,38.62627
15.334462,-120.5208,38.8577
15.446962,-120.1582,38.90858
15.971962,-119.795,38.9581
16.134462,-120.223,39.19109
16.859463,-119.8581,39.24089
17.059462,-120.2885,39.4738
16.884464,-119.9218,39.5239
12.806289,-120.4549,38.57567
12.243788,-120.094,38.62627
11.206288,-120.5208,38.8577
12.256288,-120.1582,38.90858
11.443787,-119.795,38.9581
11.256289,-120.223,39.19109
12.056289,-119.8581,39.24089
11.868789,-120.2885,39.4738
12.068788,-119.9218,39.5239
10.660673,-120.4549,38.57567
10.710672,-120.094,38.62627
9.423172,-120.5208,38.8577
10.710672,-120.1582,38.90858
9.960672,-119.795,38.9581
9.173172,-120.223,39.19109
9.123171,-119.8581,39.24089
8.460672,-120.2885,39.4738
9.135672,-119.9218,39.5239
10.375793,-120.4549,38.57567
10.175793,-120.094,38.62627
8.425793,-120.5208,38.8577
10.175793,-120.1582,38.90858
8.863293,-119.795,38.9581
7.7257934,-120.223,39.19109
7.288293,-119.8581,39.24089
6.7007933,-120.2885,39.4738
7.288293,-119.9218,39.5239
10.414391,-120.4549,38.57567
10.789392,-120.094,38.62627
9.7893915,-120.5208,38.8577
10.789392,-120.1582,38.90858
9.676892,-119.795,38.9581
9.314392,-120.223,39.19109
8.451892,-119.8581,39.24089
8.114391,-120.2885,39.4738
8.451892,-119.9218,39.5239
8.26506,-120.4549,38.57567
8.82756,-120.094,38.62627
8.165061,-120.5208,38.8577
8.81506,-120.1582,38.90858
8.865061,-119.795,38.9581
8.177561,-120.223,39.19109
8.227561,-119.8581,39.24089
7.1275606,-120.2885,39.4738
8.227561,-119.9218,39.5239
-0.19893599,-120.4549,38.57567
-0.13643539,-120.094,38.62627
-1.3239356,-120.5208,38.8577
-0.13643539,-120.1582,38.90858
0.0635643,-119.795,38.9581
-1.4239355,-120.223,39.19109
-1.2239357,-119.8581,39.24089
-3.036436,-120.2885,39.4738
-1.2239357,-119.9218,39.5239
-2.728736,-120.4549,38.57567
-2.766235,-120.094,38.62627
-1.9537356,-120.5208,38.8577
-2.766235,-120.1582,38.90858
-1.9537354,-119.795,38.9581
-1.6037354,-120.223,39.19109
-1.0912354,-119.8581,39.24089
-0.4537356,-120.2885,39.4738
-1.0912354,-119.9218,39.5239
3.9022944,-120.4549,38.57567
3.8647943,-120.094,38.62627
4.1522937,-120.5208,38.8577
3.8647943,-120.1582,38.90858
4.164795,-119.795,38.9581
4.552294,-120.223,39.19109
5.327294,-119.8581,39.24089
5.527294,-120.2885,39.4738
5.3397937,-119.9218,39.5239
-1.4717181,-120.4549,38.57567
-2.5217175,-120.094,38.62627
-2.521718,-120.5208,38.8577
-2.5217175,-120.1582,38.90858
-3.5467181,-119.795,38.9581
-3.2467184,-120.223,39.19109
-3.2217178,-119.8581,39.24089
-3.0092177,-120.2885,39.4738
-3.209218,-119.9218,39.5239
1.7114451,-120.4549,38.57567
2.0489452,-120.094,38.62627
2.1864452,-120.5208,38.8577
2.0489452,-120.1582,38.90858
2.3114452,-119.795,38.9581
2.7739453,-120.223,39.19109
3.373945,-119.8581,39.24089
3.9239454,-120.2885,39.4738
3.373945,-119.9218,39.5239
3.721255,-120.4549,38.57567
3.0337546,-120.094,38.62627
3.1212544,-120.5208,38.8577
3.0587544,-120.1582,38.90858
2.5587547,-119.795,38.9581
2.6337547,-120.223,39.19109
2.3212545,-119.8581,39.24089
2.4212546,-120.2885,39.4738
2.3337545,-119.9218,39.5239
3.4415295,-120.4549,38.57567
4.1790295,-120.094,38.62627
6.1915298,-120.5208,38.8577
4.1790295,-120.1582,38.90858
7.42903,-119.795,38.9581
6.95403,-120.223,39.19109
7.01653,-119.8581,39.24089
6.82903,-120.2885,39.4738
7.01653,-119.9218,39.5239
12.344509,-120.4549,38.57567
12.93201,-120.094,38.62627
13.007009,-120.5208,38.8577
12.93201,-120.1582,38.90858
15.31951,-119.795,38.9581
13.819509,-120.223,39.19109
13.83201,-119.8581,39.24089
14.207009,-120.2885,39.4738
13.8195095,-119.9218,39.5239
13.973743,-120.4549,38.57567
14.698744,-120.094,38.62627
13.136245,-120.5208,38.8577
14.698744,-120.1582,38.90858
15.061243,-119.795,38.9581
13.586243,-120.223,39.19109
13.936243,-119.8581,39.24089
12.323744,-120.2885,39.4738
13.923742,-119.9218,39.5239
-19.240292,-120.4549,38.57567
-19.865294,-120.094,38.62627
-20.127792,-120.5208,38.8577
-19.865294,-120.1582,38.90858
-18.802792,-119.795,38.9581
-19.640293,-120.223,39.19109
-18.115294,-119.8581,39.24089
-18.815292,-120.2885,39.4738
-18.115294,-119.9218,39.5239
-6.7155,-120.4549,38.57567
-7.8905005,-120.094,38.62627
-7.0404997,-120.5208,38.8577
-7.8905005,-120.1582,38.90858
-8.7404995,-119.795,38.9581
-7.7655005,-120.223,39.19109
-7.0905004,-119.8581,39.24089
-6.353,-120.2885,39.4738
-7.0655003,-119.9218,39.5239
4.120034,-120.4549,38.57567
3.7825341,-120.094,38.62627
3.8075342,-120.5208,38.8577
3.7825341,-120.1582,38.90858
3.2450345,-119.795,38.9581
3.695034,-120.223,39.19109
3.8325338,-119.8581,39.24089
4.382534,-120.2885,39.4738
3.8325338,-119.9218,39.5239
3.6875184,-120.4549,38.57567
4.5875187,-120.094,38.62627
5.0250187,-120.5208,38.8577
4.5875187,-120.1582,38.90858
6.1125183,-119.795,38.9581
5.7125187,-120.223,39.19109
6.062518,-119.8581,39.24089
6.0875187,-120.2885,39.4738
6.062518,-119.9218,39.5239
7.7052627,-120.4549,38.57567
8.9927635,-120.094,38.62627
11.205262,-120.5208,38.8577
8.980263,-120.1582,38.90858
13.430263,-119.795,38.9581
12.517763,-120.223,39.19109
12.6177635,-119.8581,39.24089
12.117762,-120.2885,39.4738
12.6177635,-119.9218,39.5239
15.027941,-120.4549,38.57567
16.752943,-120.094,38.62627
16.827942,-120.5208,38.8577
16.752943,-120.1582,38.90858
16.67794,-119.795,38.9581
17.040442,-120.223,39.19109
16.527943,-119.8581,39.24089
17.015442,-120.2885,39.4738
16.527943,-119.9218,39.5239
6.421935,-120.4549,38.57567
7.621935,-120.094,38.62627
7.0219345,-120.5208,38.8577
7.621935,-120.1582,38.90858
8.934434,-119.795,38.9581
7.859434,-120.223,39.19109
8.309435,-119.8581,39.24089
7.934435,-120.2885,39.4738
8.321936,-119.9218,39.5239
11.311615,-120.4549,38.57567
13.161613,-120.094,38.62627
11.961614,-120.5208,38.8577
13.149114,-120.1582,38.90858
13.749115,-119.795,38.9581
12.936615,-120.223,39.19109
13.311615,-119.8581,39.24089
12.5366125,-120.2885,39.4738
13.311615,-119.9218,39.5239
2.219586,-120.4549,38.57567
2.2695858,-120.094,38.62627
1.0445862,-120.5208,38.8577
2.2695858,-120.1582,38.90858
1.9070861,-119.795,38.9581
1.4570861,-120.223,39.19109
1.0820861,-119.8581,39.24089
-0.23041391,-120.2885,39.4738
1.0820861,-119.9218,39.5239
-14.564066,-120.4549,38.57567
-14.589066,-120.094,38.62627
-14.914066,-120.5208,38.8577
-14.589066,-120.1582,38.90858
-14.126566,-119.795,38.9581
-14.451566,-120.223,39.19109
-13.276566,-119.8581,39.24089
-13.464066,-120.2885,39.4738
-13.276566,-119.9218,39.5239
-17.310966,-120.4549,38.57567
-16.923468,-120.094,38.62627
-17.135967,-120.5208,38.8577
-16.910969,-120.1582,38.90858
-15.735968,-119.795,38.9581
-16.185966,-120.223,39.19109
-14.523468,-119.8581,39.24089
-14.648468,-120.2885,39.4738
-14.523468,-119.9218,39.5239
-2.1333702,-120.4549,38.57567
-0.9708698,-120.094,38.62627
-2.9208698,-120.5208,38.8577
-0.9708698,-120.1582,38.90858
-0.63337016,-119.795,38.9581
-1.5958703,-120.223,39.19109
0.77913034,-119.8581,39.24089
0.12912989,-120.2885,39.4738
0.79163015,-119.9218,39.5239
19.250553,-120.4549,38.57567
20.413052,-120.094,38.62627
20.988052,-120.5208,38.8577
20.413052,-120.1582,38.90858
21.26305,-119.795,38.9581
21.350554,-120.223,39.19109
20.700552,-119.8581,39.24089
21.350555,-120.2885,39.4738
20.700552,-119.9218,39.5239
21.383762,-120.4549,38.57567
23.083763,-120.094,38.62627
21.821262,-120.5208,38.8577
23.071264,-120.1582,38.90858
21.858763,-119.795,38.9581
21.758762,-120.223,39.19109
20.971264,-119.8581,39.24089
20.858763,-120.2885,39.4738
20.971264,-119.9218,39.5239
14.881429,-120.4549,38.57567
15.081426,-120.094,38.62627
13.068926,-120.5208,38.8577
15.068926,-120.1582,38.90858
12.856428,-119.795,38.9581
12.456428,-120.223,39.19109
11.131427,-119.8581,39.24089
10.818926,-120.2885,39.4738
11.131427,-119.9218,39.5239
1.3531885,-120.4549,38.57567
1.3781881,-120.094,38.62627
-3.4968114,-120.5208,38.8577
1.3656883,-120.1582,38.90858
1.8406885,-119.795,38.9581
-3.509312,-120.223,39.19109
-3.771812,-119.8581,39.24089
-6.1843114,-120.2885,39.4738
-3.771812,-119.9218,39.5239
-2.6678252,-120.4549,38.57567
-2.1553247,-120.094,38.62627
-2.3053248,-120.5208,38.8577
-2.1553247,-120.1582,38.90858
-2.0053248,-119.795,38.9581
-2.0678248,-120.223,39.19109
-2.1553252,-119.8581,39.24089
-2.2303252,-120.2885,39.4738
-2.1553252,-119.9218,39.5239
-4.6234684,-120.4549,38.57567
-6.2109685,-120.094,38.62627
-7.560968,-120.5208,38.8577
-6.198468,-120.1582,38.90858
-7.4609685,-119.795,38.9581
-8.623468,-120.223,39.19109
-9.260968,-119.8581,39.24089
-10.023468,-120.2885,39.4738
-9.260968,-119.9218,39.5239
-2.133877,-120.4549,38.57567
-4.1588764,-120.094,38.62627
-6.946377,-120.5208,38.8577
-4.1588764,-120.1582,38.90858
-6.946377,-119.795,38.9581
-8.846377,-120.223,39.19109
-9.858876,-119.8581,39.24089
-11.596377,-120.2885,39.4738
-9.858876,-119.9218,39.5239
-0.020525336,-120.4549,38.57567
-0.6205251,-120.094,38.62627
-4.5330257,-120.5208,38.8577
-0.6205251,-120.1582,38.90858
-1.4705253,-119.795,38.9581
-6.4705257,-120.223,39.19109
-6.745525,-119.8581,39.24089
-12.633026,-120.2885,39.4738
-6.733025,-119.9218,39.5239
-3.701661,-120.4549,38.57567
-4.1891613,-120.094,38.62627
-8.151661,-120.5208,38.8577
-4.1766615,-120.1582,38.90858
-7.001661,-119.795,38.9581
-9.751661,-120.223,39.19109
-11.2391615,-119.8581,39.24089
-11.339161,-120.2885,39.4738
-11.2391615,-119.9218,39.5239
-0.75816107,-120.4549,38.57567
-0.7456608,-120.094,38.62627
-1.5331609,-120.5208,38.8577
-0.7456608,-120.1582,38.90858
-1.0206604,-119.795,38.9581
-1.7331598,-120.223,39.19109
-2.0581603,-119.8581,39.24089
-2.4206612,-120.2885,39.4738
-2.0581603,-119.9218,39.5239
20.838587,-120.4549,38.57567
21.751085,-120.094,38.62627
20.801088,-120.5208,38.8577
21.751085,-120.1582,38.90858
21.326086,-119.795,38.9581
21.10109,-120.223,39.19109
20.563585,-119.8581,39.24089
20.426086,-120.2885,39.4738
20.563585,-119.9218,39.5239
26.556381,-120.4549,38.57567
27.493881,-120.094,38.62627
23.80638,-120.5208,38.8577
27.493881,-120.1582,38.90858
24.94388,-119.795,38.9581
23.91888,-120.223,39.19109
23.53138,-119.8581,39.24089
22.743881,-120.2885,39.4738
23.53138,-119.9218,39.5239
8.001481,-120.4549,38.57567
8.451481,-120.094,38.62627
4.76398,-120.5208,38.8577
8.463981,-120.1582,38.90858
7.5514803,-119.795,38.9581
5.0264807,-120.223,39.19109
5.32648,-119.8581,39.24089
3.6514802,-120.2885,39.4738
5.32648,-119.9218,39.5239
-6.887802,-120.4549,38.57567
-6.887802,-120.094,38.62627
-6.7003026,-120.5208,38.8577
-6.887802,-120.1582,38.90858
-6.587802,-119.795,38.9581
-6.537802,-120.223,39.19109
-6.3378024,-119.8581,39.24089
-6.275303,-120.2885,39.4738
-6.3378024,-119.9218,39.5239
3.8191724,-120.4549,38.57567
3.7066727,-120.094,38.62627
3.0066721,-120.5208,38.8577
3.7066727,-120.1582,38.90858
3.1816723,-119.795,38.9581
2.7816727,-120.223,39.19109
2.3691726,-119.8581,39.24089
2.181672,-120.2885,39.4738
2.3691726,-119.9218,39.5239
3.4803698,-120.4549,38.57567
5.45537,-120.094,38.62627
4.39287,-120.5208,38.8577
5.45537,-120.1582,38.90858
8.055368,-119.795,38.9581
6.31787,-120.223,39.19109
7.2428694,-119.8581,39.24089
6.392869,-120.2885,39.4738
7.2428694,-119.9218,39.5239
8.595169,-120.4549,38.57567
8.782669,-120.094,38.62627
8.87017,-120.5208,38.8577
8.782669,-120.1582,38.90858
8.757669,-119.795,38.9581
9.05767,-120.223,39.19109
8.95767,-119.8581,39.24089
9.507669,-120.2885,39.4738
8.97017,-119.9218,39.5239
17.428581,-120.4549,38.57567
17.791082,-120.094,38.62627
17.691082,-120.5208,38.8577
17.791082,-120.1582,38.90858
18.566082,-119.795,38.9581
18.56608,-120.223,39.19109
19.09108,-119.8581,39.24089
19.453583,-120.2885,39.4738
19.128582,-119.9218,39.5239
17.443085,-120.4549,38.57567
18.068085,-120.094,38.62627
18.030584,-120.5208,38.8577
18.068085,-120.1582,38.90858
19.455584,-119.795,38.9581
19.130585,-120.223,39.19109
20.268085,-119.8581,39.24089
20.693085,-120.2885,39.4738
20.268085,-119.9218,39.5239
16.489384,-120.4549,38.57567
16.951883,-120.094,38.62627
15.7518835,-120.5208,38.8577
16.976883,-120.1582,38.90858
16.739384,-119.795,38.9581
16.189384,-120.223,39.19109
16.576881,-119.8581,39.24089
15.876883,-120.2885,39.4738
16.589382,-119.9218,39.5239
11.154125,-120.4549,38.57567
11.441626,-120.094,38.62627
10.6916275,-120.5208,38.8577
11.454126,-120.1582,38.90858
11.566626,-119.795,38.9581
11.279127,-120.223,39.19109
11.754126,-119.8581,39.24089
11.554126,-120.2885,39.4738
11.754126,-119.9218,39.5239
11.373134,-120.4549,38.57567
11.423134,-120.094,38.62627
10.873135,-120.5208,38.8577
11.423134,-120.1582,38.90858
11.373134,-119.795,38.9581
10.748135,-120.223,39.19109
10.585634,-119.8581,39.24089
10.335634,-120.2885,39.4738
10.585634,-119.9218,39.5239
16.55717,-120.4549,38.57567
17.51967,-120.094,38.62627
16.41967,-120.5208,38.8577
17.51967,-120.1582,38.90858
17.144669,-119.795,38.9581
16.657171,-120.223,39.19109
16.34467,-119.8581,39.24089
16.26967,-120.2885,39.4738
16.33217,-119.9218,39.5239
9.533211,-120.4549,38.57567
9.88321,-120.094,38.62627
8.708209,-120.5208,38.8577
9.870709,-120.1582,38.90858
9.35821,-119.795,38.9581
8.795711,-120.223,39.19109
8.58321,-119.8581,39.24089
8.020709,-120.2885,39.4738
8.55821,-119.9218,39.5239
-1.6412833,-120.4549,38.57567
-0.96628284,-120.094,38.62627
-4.8912835,-120.5208,38.8577
-0.96628284,-120.1582,38.90858
-1.3912833,-119.795,38.9581
-4.591283,-120.223,39.19109
-4.003783,-119.8581,39.24089
-7.253783,-120.2885,39.4738
-4.016283,-119.9218,39.5239
-12.806246,-120.4549,38.57567
-11.243744,-120.094,38.62627
-11.581245,-120.5208,38.8577
-11.243744,-120.1582,38.90858
-10.693746,-119.795,38.9581
-11.181246,-120.223,39.19109
-9.356245,-119.8581,39.24089
-12.031244,-120.2885,39.4738
-9.368745,-119.9218,39.5239
-18.614511,-120.4549,38.57567
-19.23951,-120.094,38.62627
-18.464512,-120.5208,38.8577
-19.23951,-120.1582,38.90858
-19.15201,-119.795,38.9581
-18.464512,-120.223,39.19109
-17.714512,-119.8581,39.24089
-17.289513,-120.2885,39.4738
-17.702011,-119.9218,39.5239
-20.151062,-120.4549,38.57567
-20.313562,-120.094,38.62627
-19.638561,-120.5208,38.8577
-20.301062,-120.1582,38.90858
-19.676062,-119.795,38.9581
-19.701061,-120.223,39.19109
-19.576061,-119.8581,39.24089
-19.126062,-120.2885,39.4738
-19.563562,-119.9218,39.5239
-10.92719,-120.4549,38.57567
-10.75219,-120.094,38.62627
-9.802189,-120.5208,38.8577
-10.73969,-120.1582,38.90858
-10.027189,-119.795,38.9581
-9.32719,-120.223,39.19109
-8.62719,-119.8581,39.24089
-7.92719,-120.2885,39.4738
-8.62719,-119.9218,39.5239
4.4208813,-120.4549,38.57567
4.1083817,-120.094,38.62627
3.7958815,-120.5208,38.8577
4.1083817,-120.1582,38.90858
4.1083813,-119.795,38.9581
4.0458813,-120.223,39.19109
4.6458817,-119.8581,39.24089
4.3583813,-120.2885,39.4738
4.670882,-119.9218,39.5239
4.937271,-120.4549,38.57567
4.7872705,-120.094,38.62627
3.6872709,-120.5208,38.8577
4.7997704,-120.1582,38.90858
4.437271,-119.795,38.9581
3.9747705,-120.223,39.19109
4.3747716,-119.8581,39.24089
3.7997708,-120.2885,39.4738
4.412271,-119.9218,39.5239
-6.5667105,-120.4549,38.57567
-7.391711,-120.094,38.62627
-7.979211,-120.5208,38.8577
-7.3792105,-120.1582,38.90858
-7.7417107,-119.795,38.9581
-8.25421,-120.223,39.19109
-8.041712,-119.8581,39.24089
-8.491711,-120.2885,39.4738
-8.029211,-119.9218,39.5239
-0.678247,-120.4549,38.57567
-0.753247,-120.094,38.62627
-0.740747,-120.5208,38.8577
-0.740747,-120.1582,38.90858
-0.52824664,-119.795,38.9581
-0.40324688,-120.223,39.19109
0.2717533,-119.8581,39.24089
0.33425307,-120.2885,39.4738
0.28425336,-119.9218,39.5239
2.7174373,-120.4549,38.57567
2.6799366,-120.094,38.62627
2.0049367,-120.5208,38.8577
2.6924367,-120.1582,38.90858
3.4549372,-119.795,38.9581
2.5174367,-120.223,39.19109
3.5174372,-119.8581,39.24089
2.679937,-120.2885,39.4738
3.5174372,-119.9218,39.5239
0.11554825,-120.4549,38.57567
1.6155484,-120.094,38.62627
1.0405482,-120.5208,38.8577
1.6155484,-120.1582,38.90858
1.7405484,-119.795,38.9581
1.2780485,-120.223,39.19109
1.7655482,-119.8581,39.24089
1.4405482,-120.2885,39.4738
1.7655482,-119.9218,39.5239
3.4732342,-120.4549,38.57567
5.335735,-120.094,38.62627
3.6857343,-120.5208,38.8577
5.335735,-120.1582,38.90858
7.3732347,-119.795,38.9581
5.8732347,-120.223,39.19109
6.6732345,-119.8581,39.24089
5.6232343,-120.2885,39.4738
6.6732345,-119.9218,39.5239
11.569852,-120.4549,38.57567
11.569852,-120.094,38.62627
11.319851,-120.5208,38.8577
11.569852,-120.1582,38.90858
11.644851,-119.795,38.9581
11.394852,-120.223,39.19109
11.4073515,-119.8581,39.24089
11.119852,-120.2885,39.4738
11.4073515,-119.9218,39.5239
5.493203,-120.4549,38.57567
4.6432033,-120.094,38.62627
4.068203,-120.5208,38.8577
4.6432033,-120.1582,38.90858
3.8807034,-119.795,38.9581
2.905703,-120.223,39.19109
1.6807029,-119.8581,39.24089
0.71820354,-120.2885,39.4738
1.6807029,-119.9218,39.5239
-1.0106606,-120.4549,38.57567
-0.99816036,-120.094,38.62627
-0.6106608,-120.5208,38.8577
-1.0106604,-120.1582,38.90858
-0.86066103,-119.795,38.9581
-0.11066055,-120.223,39.19109
0.66433954,-119.8581,39.24089
1.1018395,-120.2885,39.4738
0.68933916,-119.9218,39.5239
5.1526833,-120.4549,38.57567
4.8401833,-120.094,38.62627
4.7776833,-120.5208,38.8577
4.852683,-120.1582,38.90858
4.427683,-119.795,38.9581
4.802683,-120.223,39.19109
4.915183,-119.8581,39.24089
5.4151826,-120.2885,39.4738
4.927683,-119.9218,39.5239
11.948019,-120.4549,38.57567
11.685518,-120.094,38.62627
11.560518,-120.5208,38.8577
11.698019,-120.1582,38.90858
11.310519,-119.795,38.9581
12.035519,-120.223,39.19109
12.648019,-119.8581,39.24089
13.173019,-120.2885,39.4738
12.648019,-119.9218,39.5239
9.573727,-120.4549,38.57567
9.123726,-120.094,38.62627
9.186226,-120.5208,38.8577
9.123726,-120.1582,38.90858
8.686226,-119.795,38.9581
9.236225,-120.223,39.19109
9.773726,-119.8581,39.24089
10.236227,-120.2885,39.4738
9.786226,-119.9218,39.5239
11.111014,-120.4549,38.57567
11.123512,-120.094,38.62627
11.011013,-120.5208,38.8577
11.123512,-120.1582,38.90858
10.986013,-119.795,38.9581
11.161014,-120.223,39.19109
11.361013,-119.8581,39.24089
11.6735115,-120.2885,39.4738
11.361013,-119.9218,39.5239
12.150662,-120.4549,38.57567
12.388163,-120.094,38.62627
12.000662,-120.5208,38.8577
12.388163,-120.1582,38.90858
12.788162,-119.795,38.9581
12.113161,-120.223,39.19109
12.213161,-119.8581,39.24089
11.875662,-120.2885,39.4738
12.225662,-119.9218,39.5239
5.229594,-120.4549,38.57567
5.0295944,-120.094,38.62627
5.3545947,-120.5208,38.8577
5.0295944,-120.1582,38.90858
5.292094,-119.795,38.9581
5.529594,-120.223,39.19109
5.792094,-119.8581,39.24089
6.4045944,-120.2885,39.4738
5.8045945,-119.9218,39.5239
5.161034,-120.4549,38.57567
5.111034,-120.094,38.62627
5.323533,-120.5208,38.8577
5.111034,-120.1582,38.90858
5.148534,-119.795,38.9581
5.4485335,-120.223,39.19109
5.9610333,-119.8581,39.24089
6.2360344,-120.2885,39.4738
5.9610333,-119.9218,39.5239
8.270948,-120.4549,38.57567
9.5834465,-120.094,38.62627
10.320947,-120.5208,38.8577
9.5834465,-120.1582,38.90858
10.0209465,-119.795,38.9581
10.458447,-120.223,39.19109
10.383448,-119.8581,39.24089
10.908447,-120.2885,39.4738
10.383448,-119.9218,39.5239
16.467009,-120.4549,38.57567
17.567007,-120.094,38.62627
17.629507,-120.5208,38.8577
17.567007,-120.1582,38.90858
17.879507,-119.795,38.9581
18.304508,-120.223,39.19109
18.554508,-119.8581,39.24089
18.892008,-120.2885,39.4738
18.554508,-119.9218,39.5239
15.738127,-120.4549,38.57567
16.200626,-120.094,38.62627
15.6881275,-120.5208,38.8577
16.213125,-120.1582,38.90858
16.425627,-119.795,38.9581
16.125628,-120.223,39.19109
16.438126,-119.8581,39.24089
16.338125,-120.2885,39.4738
16.438126,-119.9218,39.5239
12.392307,-120.4549,38.57567
12.454806,-120.094,38.62627
12.467305,-120.5208,38.8577
12.454806,-120.1582,38.90858
13.042306,-119.795,38.9581
12.629806,-120.223,39.19109
12.492306,-119.8581,39.24089
12.454806,-120.2885,39.4738
12.492306,-119.9218,39.5239
18.925716,-120.4549,38.57567
19.088215,-120.094,38.62627
18.763218,-120.5208,38.8577
19.088215,-120.1582,38.90858
19.013218,-119.795,38.9581
18.900715,-120.223,39.19109
18.850716,-119.8581,39.24089
19.100716,-120.2885,39.4738
18.850716,-119.9218,39.5239
