uwnd,lon,lat
5.0643883,-120.4549,38.57567
7.5194664,-120.094,38.62627
5.4452477,-120.5208,38.8577
7.5194664,-120.1582,38.90858
6.826107,-119.795,38.9581
6.201107,-120.223,39.19109
6.5057945,-119.8581,39.24089
5.900326,-120.2885,39.4738
6.509701,-119.9218,39.5239
-1.1876373,-120.4549,38.57567
-0.04310608,-120.094,38.62627
-0.9298248,-120.5208,38.8577
-0.041152954,-120.1582,38.90858
1.3475189,-119.795,38.9581
0.6736908,-120.223,39.19109
2.3377533,-119.8581,39.24089
2.0311127,-120.2885,39.4738
2.3377533,-119.9218,39.5239
7.3010707,-120.4549,38.57567
9.644821,-120.094,38.62627
8.640915,-120.5208,38.8577
9.640915,-120.1582,38.90858
6.0491176,-119.795,38.9581
7.5354457,-120.223,39.19109
8.431931,-119.8581,39.24089
9.447556,-120.2885,39.4738
8.426071,-119.9218,39.5239
0.15141869,-120.4549,38.57567
-0.28998756,-120.094,38.62627
0.2764187,-120.5208,38.8577
-0.2938938,-120.1582,38.90858
-1.6454563,-119.795,38.9581
-0.8251438,-120.223,39.19109
-1.0106907,-119.8581,39.24089
-0.7685032,-120.2885,39.4738
-1.0106907,-119.9218,39.5239
1.5823326,-120.4549,38.57567
0.53155136,-120.094,38.62627
0.49053574,-120.5208,38.8577
0.5335045,-120.1582,38.90858
0.35967636,-119.795,38.9581
-0.052433014,-120.223,39.19109
-0.2789955,-119.8581,39.24089
-0.96258926,-120.2885,39.4738
-0.2789955,-119.9218,39.5239
0.7096939,-120.4549,38.57567
1.867897,-120.094,38.62627
1.055397,-120.5208,38.8577
1.8659439,-120.1582,38.90858
0.41867828,-119.795,38.9581
0.79953766,-120.223,39.19109
1.0944595,-119.8581,39.24089
1.1003189,-120.2885,39.4738
1.0944595,-119.9218,39.5239
3.841505,-120.4549,38.57567
5.109083,-120.094,38.62627
4.7516613,-120.5208,38.8577
5.103224,-120.1582,38.90858
0.7379894,-119.795,38.9581
2.8844738,-120.223,39.19109
2.245802,-119.8581,39.24089
3.5524426,-120.2885,39.4738
2.2438488,-119.9218,39.5239
4.666615,-120.4549,38.57567
4.9244275,-120.094,38.62627
5.008412,-120.5208,38.8577
4.9224744,-120.1582,38.90858
-0.27674448,-119.795,38.9581
2.5298963,-120.223,39.19109
1.2213024,-119.8581,39.24089
2.6880994,-120.2885,39.4738
1.2213024,-119.9218,39.5239
-0.81697464,-120.4549,38.57567
-0.34041214,-120.094,38.62627
-0.947834,-120.5208,38.8577
-0.34236526,-120.1582,38.90858
-1.9966621,-119.795,38.9581
-1.8091621,-120.223,39.19109
-1.6275215,-119.8581,39.24089
-1.4185371,-120.2885,39.4738
-1.6275215,-119.9218,39.5239
-1.7546196,-120.4549,38.57567
-1.3346977,-120.094,38.62627
-0.932354,-120.5208,38.8577
-1.338604,-120.1582,38.90858
-1.901104,-119.795,38.9581
-1.5593071,-120.223,39.19109
-1.7507133,-119.8581,39.24089
-1.4733696,-120.2885,39.4738
-1.7546196,-119.9218,39.5239
2.2067986,-120.4549,38.57567
4.82008,-120.094,38.62627
3.009533,-120.5208,38.8577
4.8142204,-120.1582,38.90858
3.040783,-119.795,38.9581
3.5974236,-120.223,39.19109
3.9860954,-119.8581,39.24089
3.8278923,-120.2885,39.4738
3.9860954,-119.9218,39.5239
0.44520187,-120.4549,38.57567
2.2420769,-120.094,38.62627
1.8670769,-120.5208,38.8577
2.2303581,-120.1582,38.90858
-0.29698563,-119.795,38.9581
0.88074875,-120.223,39.19109
0.40613937,-119.8581,39.24089
0.91199875,-120.2885,39.4738
0.40028,-119.9218,39.5239
3.1417255,-120.4549,38.57567
5.9210224,-120.094,38.62627
4.292116,-120.5208,38.8577
5.911257,-120.1582,38.90858
3.555788,-119.795,38.9581
3.6534443,-120.223,39.19109
5.067507,-119.8581,39.24089
5.147585,-120.2885,39.4738
5.0655537,-119.9218,39.5239
4.0079327,-120.4549,38.57567
6.4766827,-120.094,38.62627
5.8516827,-120.5208,38.8577
6.4747295,-120.1582,38.90858
4.7384014,-119.795,38.9581
5.384886,-120.223,39.19109
6.447386,-119.8581,39.24089
7.509886,-120.2885,39.4738
6.4454327,-119.9218,39.5239
-2.1774998,-120.4549,38.57567
-1.681406,-120.094,38.62627
-2.3493748,-120.5208,38.8577
-1.681406,-120.1582,38.90858
-0.2575779,-119.795,38.9581
-1.181406,-120.223,39.19109
0.05687523,-119.8581,39.24089
-0.40992165,-120.2885,39.4738
0.058828354,-119.9218,39.5239
1.114727,-120.4549,38.57567
2.817852,-120.094,38.62627
1.8276176,-120.5208,38.8577
2.817852,-120.1582,38.90858
2.472149,-119.795,38.9581
2.5541801,-120.223,39.19109
2.599102,-119.8581,39.24089
2.3901176,-120.2885,39.4738
2.599102,-119.9218,39.5239
4.5865498,-120.4549,38.57567
7.6295185,-120.094,38.62627
6.262331,-120.5208,38.8577
7.6275654,-120.1582,38.90858
5.8365498,-119.795,38.9581
6.1256123,-120.223,39.19109
7.0943623,-119.8581,39.24089
6.7213154,-120.2885,39.4738
7.090456,-119.9218,39.5239
7.3185177,-120.4549,38.57567
11.215002,-120.094,38.62627
9.250158,-120.5208,38.8577
11.213049,-120.1582,38.90858
8.609533,-119.795,38.9581
9.000158,-120.223,39.19109
11.172033,-119.8581,39.24089
11.205236,-120.2885,39.4738
11.168127,-119.9218,39.5239
6.842417,-120.4549,38.57567
10.098276,-120.094,38.62627
8.024057,-120.5208,38.8577
10.0885105,-120.1582,38.90858
7.754526,-119.795,38.9581
7.973276,-120.223,39.19109
9.3385105,-119.8581,39.24089
8.758432,-120.2885,39.4738
9.3385105,-119.9218,39.5239
7.746279,-120.4549,38.57567
10.689638,-120.094,38.62627
9.232607,-120.5208,38.8577
10.683779,-120.1582,38.90858
8.310732,-119.795,38.9581
8.740419,-120.223,39.19109
9.541201,-119.8581,39.24089
9.605654,-120.2885,39.4738
9.541201,-119.9218,39.5239
4.837759,-120.4549,38.57567
6.681509,-120.094,38.62627
5.3475246,-120.5208,38.8577
6.679556,-120.1582,38.90858
5.400259,-119.795,38.9581
5.3787746,-120.223,39.19109
5.3924465,-119.8581,39.24089
5.1443996,-120.2885,39.4738
5.3943996,-119.9218,39.5239
-3.8403702,-120.4549,38.57567
-3.3266983,-120.094,38.62627
-4.383339,-120.5208,38.8577
-3.3266983,-120.1582,38.90858
-1.2095108,-119.795,38.9581
-2.932167,-120.223,39.19109
-1.0063858,-119.8581,39.24089
-1.9809952,-120.2885,39.4738
-1.0063858,-119.9218,39.5239
-1.9725056,-120.4549,38.57567
-1.8592243,-120.094,38.62627
-2.2889118,-120.5208,38.8577
-1.8631306,-120.1582,38.90858
-3.4119587,-119.795,38.9581
-3.3435993,-120.223,39.19109
-3.011568,-119.8581,39.24089
-2.9197712,-120.2885,39.4738
-3.0174274,-119.9218,39.5239
-0.72733307,-120.4549,38.57567
1.5070419,-120.094,38.62627
0.99337006,-120.5208,38.8577
1.4992294,-120.1582,38.90858
-0.20194244,-119.795,38.9581
0.53829193,-120.223,39.19109
0.4269638,-119.8581,39.24089
0.50899506,-120.2885,39.4738
0.4191513,-119.9218,39.5239
2.3047314,-120.4549,38.57567
5.4785595,-120.094,38.62627
4.1055126,-120.5208,38.8577
5.4746532,-120.1582,38.90858
4.0859814,-119.795,38.9581
4.5996532,-120.223,39.19109
5.3555126,-119.8581,39.24089
5.12895,-120.2885,39.4738
5.3496532,-119.9218,39.5239
2.5641174,-120.4549,38.57567
5.232086,-120.094,38.62627
4.868805,-120.5208,38.8577
5.22818,-120.1582,38.90858
3.042633,-119.795,38.9581
4.6402893,-120.223,39.19109
5.247711,-119.8581,39.24089
5.6402893,-120.2885,39.4738
5.243805,-119.9218,39.5239
1.1897774,-120.4549,38.57567
4.51009,-120.094,38.62627
4.8460274,-120.5208,38.8577
4.5061836,-120.1582,38.90858
2.2327461,-119.795,38.9581
3.6272774,-120.223,39.19109
3.6917305,-119.8581,39.24089
4.275715,-120.2885,39.4738
3.683918,-119.9218,39.5239
-0.1642704,-120.4549,38.57567
2.919714,-120.094,38.62627
2.9470577,-120.5208,38.8577
2.9079952,-120.1582,38.90858
1.5427608,-119.795,38.9581
2.3962765,-120.223,39.19109
2.3650265,-119.8581,39.24089
2.7615108,-120.2885,39.4738
2.3552608,-119.9218,39.5239
2.2240314,-120.4549,38.57567
2.1732502,-120.094,38.62627
2.5248127,-120.5208,38.8577
2.169344,-120.1582,38.90858
0.8216877,-119.795,38.9581
1.716219,-120.223,39.19109
1.6127033,-119.8581,39.24089
1.9642658,-120.2885,39.4738
1.6127033,-119.9218,39.5239
2.112156,-120.4549,38.57567
3.2625465,-120.094,38.62627
2.7879372,-120.5208,38.8577
3.2625465,-120.1582,38.90858
2.3289528,-119.795,38.9581
2.926609,-120.223,39.19109
2.6727028,-119.8581,39.24089
2.6805153,-120.2885,39.4738
2.6687965,-119.9218,39.5239
2.497221,-120.4549,38.57567
4.432768,-120.094,38.62627
2.872221,-120.5208,38.8577
4.4288616,-120.1582,38.90858
2.5206585,-119.795,38.9581
2.9386272,-120.223,39.19109
2.811674,-119.8581,39.24089
2.7237835,-120.2885,39.4738
2.811674,-119.9218,39.5239
-5.322939,-120.4549,38.57567
-7.0983295,-120.094,38.62627
-7.2409077,-120.5208,38.8577
-7.0983295,-120.1582,38.90858
-6.0787983,-119.795,38.9581
-7.1901264,-120.223,39.19109
-5.367861,-119.8581,39.24089
-6.227236,-120.2885,39.4738
-5.367861,-119.9218,39.5239
-4.2421474,-120.4549,38.57567
-4.769491,-120.094,38.62627
-6.1366787,-120.5208,38.8577
-4.767538,-120.1582,38.90858
-2.6386318,-119.795,38.9581
-4.919882,-120.223,39.19109
-2.4335537,-119.8581,39.24089
-3.8671474,-120.2885,39.4738
-2.4316006,-119.9218,39.5239
-5.46397,-120.4549,38.57567
-4.8135796,-120.094,38.62627
-5.8467827,-120.5208,38.8577
-4.8096733,-120.1582,38.90858
-0.40147018,-119.795,38.9581
-3.3877983,-120.223,39.19109
-0.7627983,-119.8581,39.24089
-2.6553764,-120.2885,39.4738
-0.75693893,-119.9218,39.5239
-0.90083885,-120.4549,38.57567
0.4546299,-120.094,38.62627
-0.39888573,-120.5208,38.8577
0.45658302,-120.1582,38.90858
1.5522861,-119.795,38.9581
0.8354893,-120.223,39.19109
2.081583,-119.8581,39.24089
1.5093174,-120.2885,39.4738
2.081583,-119.9218,39.5239
-3.7675095,-120.4549,38.57567
-5.1464157,-120.094,38.62627
-5.060478,-120.5208,38.8577
-5.1464157,-120.1582,38.90858
-4.072197,-119.795,38.9581
-4.935478,-120.223,39.19109
-3.4843063,-119.8581,39.24089
-3.9725876,-120.2885,39.4738
-3.4862595,-119.9218,39.5239
-7.3806114,-120.4549,38.57567
-7.8649864,-120.094,38.62627
-8.827877,-120.5208,38.8577
-7.8630333,-120.1582,38.90858
-4.7868614,-119.795,38.9581
-7.0524864,-120.223,39.19109
-4.0544395,-119.8581,39.24089
-5.669674,-120.2885,39.4738
-4.0544395,-119.9218,39.5239
2.5103416,-120.4549,38.57567
5.324795,-120.094,38.62627
4.05917,-120.5208,38.8577
5.326748,-120.1582,38.90858
6.498623,-119.795,38.9581
5.7896385,-120.223,39.19109
7.221279,-119.8581,39.24089
7.1607323,-120.2885,39.4738
7.2251854,-119.9218,39.5239
-3.161232,-120.4549,38.57567
-1.3819351,-120.094,38.62627
-3.0010757,-120.5208,38.8577
-1.3760757,-120.1582,38.90858
2.2313461,-119.795,38.9581
-0.036231995,-120.223,39.19109
2.8661118,-119.8581,39.24089
2.073143,-120.2885,39.4738
2.870018,-119.9218,39.5239
-6.151491,-120.4549,38.57567
-5.7960224,-120.094,38.62627
-6.946413,-120.5208,38.8577
-5.7960224,-120.1582,38.90858
-3.524538,-119.795,38.9581
-5.44446,-120.223,39.19109
-2.8272724,-119.8581,39.24089
-3.587038,-120.2885,39.4738
-2.8272724,-119.9218,39.5239
4.168209,-120.4549,38.57567
8.972897,-120.094,38.62627
7.808834,-120.5208,38.8577
8.965084,-120.1582,38.90858
8.267818,-119.795,38.9581
8.361568,-120.223,39.19109
9.939693,-119.8581,39.24089
9.027584,-120.2885,39.4738
9.935787,-119.9218,39.5239
4.348633,-120.4549,38.57567
6.926758,-120.094,38.62627
5.151367,-120.5208,38.8577
6.9248047,-120.1582,38.90858
5.1845703,-119.795,38.9581
5.6865234,-120.223,39.19109
6.0166016,-119.8581,39.24089
5.8935547,-120.2885,39.4738
6.0146484,-119.9218,39.5239
-2.3371773,-120.4549,38.57567
-0.9563179,-120.094,38.62627
-2.5461617,-120.5208,38.8577
-0.9543648,-120.1582,38.90858
0.9987602,-119.795,38.9581
-0.5481148,-120.223,39.19109
1.6608696,-119.8581,39.24089
0.8346977,-120.2885,39.4738
1.6647758,-119.9218,39.5239
1.3949966,-120.4549,38.57567
3.6254654,-120.094,38.62627
2.1625748,-120.5208,38.8577
3.619606,-120.1582,38.90858
2.1254654,-119.795,38.9581
2.539528,-120.223,39.19109
3.3481216,-119.8581,39.24089
3.0043716,-120.2885,39.4738
3.3422623,-119.9218,39.5239
4.711075,-120.4549,38.57567
7.513809,-120.094,38.62627
6.527481,-120.5208,38.8577
7.511856,-120.1582,38.90858
6.6251373,-119.795,38.9581
6.884903,-120.223,39.19109
7.8145905,-119.8581,39.24089
7.4278717,-120.2885,39.4738
7.810684,-119.9218,39.5239
2.7687206,-120.4549,38.57567
5.5050488,-120.094,38.62627
3.93083,-120.5208,38.8577
5.5011425,-120.1582,38.90858
4.696455,-119.795,38.9581
4.477705,-120.223,39.19109
5.776533,-119.8581,39.24089
5.432783,-120.2885,39.4738
5.77458,-119.9218,39.5239
-0.6645241,-120.4549,38.57567
0.6518822,-120.094,38.62627
-0.47702408,-120.5208,38.8577
0.65774155,-120.1582,38.90858
2.212429,-119.795,38.9581
1.290554,-120.223,39.19109
2.7319603,-119.8581,39.24089
2.116726,-120.2885,39.4738
2.7319603,-119.9218,39.5239
7.05229,-120.4549,38.57567
10.536665,-120.094,38.62627
8.466352,-120.5208,38.8577
10.530806,-120.1582,38.90858
8.263227,-119.795,38.9581
8.624556,-120.223,39.19109
11.487837,-119.8581,39.24089
11.292524,-120.2885,39.4738
11.483931,-119.9218,39.5239
4.187769,-120.4549,38.57567
7.299097,-120.094,38.62627
5.265894,-120.5208,38.8577
7.299097,-120.1582,38.90858
6.437769,-119.795,38.9581
6.5373783,-120.223,39.19109
7.441675,-119.8581,39.24089
7.031519,-120.2885,39.4738
7.439722,-119.9218,39.5239
5.391472,-120.4549,38.57567
9.256706,-120.094,38.62627
6.1805344,-120.5208,38.8577
9.2528,-120.1582,38.90858
6.567253,-119.795,38.9581
7.1981125,-120.223,39.19109
9.764519,-119.8581,39.24089
9.709831,-120.2885,39.4738
9.758659,-119.9218,39.5239
7.4018917,-120.4549,38.57567
10.937048,-120.094,38.62627
9.466345,-120.5208,38.8577
10.931189,-120.1582,38.90858
9.081579,-119.795,38.9581
9.474157,-120.223,39.19109
13.01322,-119.8581,39.24089
12.952673,-120.2885,39.4738
13.011267,-119.9218,39.5239
2.6315079,-120.4549,38.57567
5.4225235,-120.094,38.62627
3.4440079,-120.5208,38.8577
5.4186172,-120.1582,38.90858
2.4283829,-119.795,38.9581
3.7330704,-120.223,39.19109
4.334633,-119.8581,39.24089
4.524086,-120.2885,39.4738
4.3307266,-119.9218,39.5239
1.7167473,-120.4549,38.57567
5.0780754,-120.094,38.62627
4.2343254,-120.5208,38.8577
5.0663567,-120.1582,38.90858
3.0272942,-119.795,38.9581
3.5683098,-120.223,39.19109
4.855419,-119.8581,39.24089
5.1874504,-120.2885,39.4738
4.8437004,-119.9218,39.5239
5.23559,-120.4549,38.57567
7.7590275,-120.094,38.62627
6.3078556,-120.5208,38.8577
7.755121,-120.1582,38.90858
4.987543,-119.795,38.9581
5.770746,-120.223,39.19109
6.9816837,-119.8581,39.24089
7.405512,-120.2885,39.4738
6.9797306,-119.9218,39.5239
2.8193245,-120.4549,38.57567
5.280262,-120.094,38.62627
3.8622932,-120.5208,38.8577
5.278309,-120.1582,38.90858
2.7470589,-119.795,38.9581
4.155262,-120.223,39.19109
4.3076057,-119.8581,39.24089
4.7587776,-120.2885,39.4738
4.3036995,-119.9218,39.5239
-0.6209526,-120.4549,38.57567
-0.5975151,-120.094,38.62627
-1.7029839,-120.5208,38.8577
-0.5975151,-120.1582,38.90858
-1.8064995,-119.795,38.9581
-2.1834526,-120.223,39.19109
-1.8104057,-119.8581,39.24089
-1.8201714,-120.2885,39.4738
-1.8182182,-119.9218,39.5239
0.24311447,-120.4549,38.57567
1.4462395,-120.094,38.62627
1.5380363,-120.5208,38.8577
1.4442863,-120.1582,38.90858
-0.3721199,-119.795,38.9581
0.56147385,-120.223,39.19109
0.5556145,-119.8581,39.24089
1.0302238,-120.2885,39.4738
0.547802,-119.9218,39.5239
2.2135768,-120.4549,38.57567
5.46553,-120.094,38.62627
4.9928737,-120.5208,38.8577
5.4577174,-120.1582,38.90858
4.260452,-119.795,38.9581
5.0338893,-120.223,39.19109
5.998733,-119.8581,39.24089
5.656936,-120.2885,39.4738
5.994827,-119.9218,39.5239
5.542324,-120.4549,38.57567
8.64584,-120.094,38.62627
6.8294334,-120.5208,38.8577
8.643887,-120.1582,38.90858
6.8431053,-119.795,38.9581
6.899746,-120.223,39.19109
8.370449,-119.8581,39.24089
8.11459,-120.2885,39.4738
8.36459,-119.9218,39.5239
1.2832127,-120.4549,38.57567
3.148447,-120.094,38.62627
1.9101658,-120.5208,38.8577
3.146494,-120.1582,38.90858
2.4043064,-119.795,38.9581
2.7129002,-120.223,39.19109
3.1035252,-119.8581,39.24089
3.2304783,-120.2885,39.4738
3.1035252,-119.9218,39.5239
5.1330795,-120.4549,38.57567
7.6330795,-120.094,38.62627
6.4748764,-120.5208,38.8577
7.62722,-120.1582,38.90858
5.685814,-119.795,38.9581
5.969017,-120.223,39.19109
6.873314,-119.8581,39.24089
6.326439,-120.2885,39.4738
6.871361,-119.9218,39.5239
3.0318794,-120.4549,38.57567
5.635395,-120.094,38.62627
4.211567,-120.5208,38.8577
5.635395,-120.1582,38.90858
4.664692,-119.795,38.9581
5.3268013,-120.223,39.19109
5.6256294,-119.8581,39.24089
5.805317,-120.2885,39.4738
5.6256294,-119.9218,39.5239
5.4075623,-120.4549,38.57567
6.874359,-120.094,38.62627
6.3626404,-120.5208,38.8577
6.870453,-120.1582,38.90858
4.1731873,-119.795,38.9581
4.9700623,-120.223,39.19109
5.202484,-119.8581,39.24089
5.436859,-120.2885,39.4738
5.1946716,-119.9218,39.5239
5.6720505,-120.4549,38.57567
8.466972,-120.094,38.62627
6.474785,-120.5208,38.8577
8.463066,-120.1582,38.90858
7.1740036,-119.795,38.9581
7.668144,-120.223,39.19109
8.588066,-119.8581,39.24089
8.570488,-120.2885,39.4738
8.586113,-119.9218,39.5239
6.4117165,-120.4549,38.57567
9.864841,-120.094,38.62627
7.7886696,-120.5208,38.8577
9.864841,-120.1582,38.90858
8.177341,-119.795,38.9581
8.499607,-120.223,39.19109
10.177341,-119.8581,39.24089
9.710545,-120.2885,39.4738
10.173435,-119.9218,39.5239
-2.9480712,-120.4549,38.57567
-1.5867431,-120.094,38.62627
-2.74104,-120.5208,38.8577
-1.5828369,-120.1582,38.90858
0.94060063,-119.795,38.9581
-0.5945556,-120.223,39.19109
1.7238038,-119.8581,39.24089
0.76091313,-120.2885,39.4738
1.7238038,-119.9218,39.5239
-2.0573564,-120.4549,38.57567
-1.444075,-120.094,38.62627
-1.8757156,-120.5208,38.8577
-1.444075,-120.1582,38.90858
1.180925,-119.795,38.9581
-0.37962186,-120.223,39.19109
1.4153,-119.8581,39.24089
0.7883469,-120.2885,39.4738
1.4172531,-119.9218,39.5239
-2.8402982,-120.4549,38.57567
-2.2719388,-120.094,38.62627
-3.2035794,-120.5208,38.8577
-2.2719388,-120.1582,38.90858
-0.5141263,-119.795,38.9581
-2.0024076,-120.223,39.19109
-0.008266926,-119.8581,39.24089
-0.6391263,-120.2885,39.4738
-0.008266926,-119.9218,39.5239
2.0657043,-120.4549,38.57567
4.8664856,-120.094,38.62627
3.374298,-120.5208,38.8577
4.8664856,-120.1582,38.90858
5.124298,-119.795,38.9581
4.8977356,-120.223,39.19109
5.651642,-119.8581,39.24089
4.98172,-120.2885,39.4738
5.651642,-119.9218,39.5239
7.9147835,-120.4549,38.57567
11.535877,-120.094,38.62627
10.115955,-120.5208,38.8577
11.530018,-120.1582,38.90858
9.518299,-119.795,38.9581
9.864002,-120.223,39.19109
10.57494,-119.8581,39.24089
9.826893,-120.2885,39.4738
10.56908,-119.9218,39.5239
-2.3538837,-120.4549,38.57567
-0.95154,-120.094,38.62627
-1.9632587,-120.5208,38.8577
-0.94763374,-120.1582,38.90858
2.282835,-119.795,38.9581
0.251585,-120.223,39.19109
2.2867413,-119.8581,39.24089
1.1187725,-120.2885,39.4738
2.2945538,-119.9218,39.5239
-9.668742,-120.4549,38.57567
-10.104289,-120.094,38.62627
-10.932414,-120.5208,38.8577
-10.104289,-120.1582,38.90858
-6.0007734,-119.795,38.9581
-8.237102,-120.223,39.19109
-4.869914,-119.8581,39.24089
-6.414836,-120.2885,39.4738
-4.869914,-119.9218,39.5239
-6.3391714,-120.4549,38.57567
-5.3547964,-120.094,38.62627
-6.2786245,-120.5208,38.8577
-5.348937,-120.1582,38.90858
-0.8782339,-119.795,38.9581
-3.3391714,-120.223,39.19109
0.10614109,-119.8581,39.24089
-1.0715933,-120.2885,39.4738
0.108094215,-119.9218,39.5239
-6.3666763,-120.4549,38.57567
-5.9662857,-120.094,38.62627
-6.4936295,-120.5208,38.8577
-5.9623795,-120.1582,38.90858
-1.7651138,-119.795,38.9581
-3.4975357,-120.223,39.19109
-0.2162857,-119.8581,39.24089
-1.0405045,-120.2885,39.4738
-0.21433258,-119.9218,39.5239
-4.4774246,-120.4549,38.57567
-3.748909,-120.094,38.62627
-4.2996902,-120.5208,38.8577
-3.7450027,-120.1582,38.90858
-1.436409,-119.795,38.9581
-2.6668777,-120.223,39.19109
-0.5379715,-119.8581,39.24089
-0.8524246,-120.2885,39.4738
-0.5321121,-119.9218,39.5239
5.592264,-120.4549,38.57567
9.44578,-120.094,38.62627
6.8930454,-120.5208,38.8577
9.443827,-120.1582,38.90858
8.422342,-119.795,38.9581
8.201639,-120.223,39.19109
8.818827,-119.8581,39.24089
8.398905,-120.2885,39.4738
8.816874,-119.9218,39.5239
-9.004173,-120.4549,38.57567
-7.9319077,-120.094,38.62627
-10.025658,-120.5208,38.8577
-7.9280014,-120.1582,38.90858
-5.168236,-119.795,38.9581
-6.8166733,-120.223,39.19109
-4.935814,-119.8581,39.24089
-6.152611,-120.2885,39.4738
-4.9299545,-119.9218,39.5239
-15.579048,-120.4549,38.57567
-13.727486,-120.094,38.62627
-15.081001,-120.5208,38.8577
-13.725533,-120.1582,38.90858
-7.0810013,-119.795,38.9581
-9.963814,-120.223,39.19109
-5.9286575,-119.8581,39.24089
-8.295845,-120.2885,39.4738
-5.9286575,-119.9218,39.5239
-10.010626,-120.4549,38.57567
-9.995001,-120.094,38.62627
-11.31336,-120.5208,38.8577
-9.995001,-120.1582,38.90858
-5.370001,-119.795,38.9581
-8.393438,-120.223,39.19109
-4.7098446,-119.8581,39.24089
-6.948126,-120.2885,39.4738
-4.7078915,-119.9218,39.5239
-3.3935108,-120.4549,38.57567
-2.9931202,-120.094,38.62627
-4.6396046,-120.5208,38.8577
-2.991167,-120.1582,38.90858
-0.40132332,-119.795,38.9581
-2.7997608,-120.223,39.19109
-0.55952644,-119.8581,39.24089
-2.3759327,-120.2885,39.4738
-0.55952644,-119.9218,39.5239
-1.1347275,-120.4549,38.57567
-1.0077744,-120.094,38.62627
-1.9296494,-120.5208,38.8577
-1.0077744,-120.1582,38.90858
-1.5351181,-119.795,38.9581
-1.970665,-120.223,39.19109
-1.0273056,-119.8581,39.24089
-1.4667587,-120.2885,39.4738
-1.0292587,-119.9218,39.5239
1.9794312,-120.4549,38.57567
4.539978,-120.094,38.62627
3.2958374,-120.5208,38.8577
4.538025,-120.1582,38.90858
3.3895874,-119.795,38.9581
4.008728,-120.223,39.19109
4.489197,-119.8581,39.24089
4.6415405,-120.2885,39.4738
4.489197,-119.9218,39.5239
3.2988396,-120.4549,38.57567
6.5957146,-120.094,38.62627
4.802746,-120.5208,38.8577
6.5937614,-120.1582,38.90858
5.916027,-119.795,38.9581
6.29298,-120.223,39.19109
6.2988396,-119.8581,39.24089
5.992199,-120.2885,39.4738
6.2988396,-119.9218,39.5239
6.476643,-120.4549,38.57567
10.201252,-120.094,38.62627
7.2617993,-120.5208,38.8577
10.201252,-120.1582,38.90858
8.252033,-119.795,38.9581
8.492268,-120.223,39.19109
9.421955,-119.8581,39.24089
8.957111,-120.2885,39.4738
9.420002,-119.9218,39.5239
-2.976574,-120.4549,38.57567
-2.632824,-120.094,38.62627
-4.572277,-120.5208,38.8577
-2.6308708,-120.1582,38.90858
-1.1113396,-119.795,38.9581
-3.041027,-120.223,39.19109
-0.74415207,-119.8581,39.24089
-1.8496208,-120.2885,39.4738
-0.74415207,-119.9218,39.5239
1.4220963,-120.4549,38.57567
2.3654556,-120.094,38.62627
-0.27907562,-120.5208,38.8577
2.3654556,-120.1582,38.90858
-0.8025131,-119.795,38.9581
-1.0271225,-120.223,39.19109
-0.72634125,-119.8581,39.24089
-1.1540756,-120.2885,39.4738
-0.72634125,-119.9218,39.5239
1.1198425,-120.4549,38.57567
2.0417175,-120.094,38.62627
0.4538269,-120.5208,38.8577
2.0397644,-120.1582,38.90858
-0.22000122,-119.795,38.9581
0.07687378,-120.223,39.19109
-0.4367981,-119.8581,39.24089
-0.61257935,-120.2885,39.4738
-0.4367981,-119.9218,39.5239
-0.9122963,-120.4549,38.57567
-0.90253067,-120.094,38.62627
-2.0822182,-120.5208,38.8577
-0.90839005,-120.1582,38.90858
-3.5685463,-119.795,38.9581
-3.4474525,-120.223,39.19109
-3.1857338,-119.8581,39.24089
-3.1505775,-120.2885,39.4738
-3.1857338,-119.9218,39.5239
-1.5451955,-120.4549,38.57567
-1.2795705,-120.094,38.62627
-2.1194143,-120.5208,38.8577
-1.2815236,-120.1582,38.90858
-2.2112112,-119.795,38.9581
-2.537383,-120.223,39.19109
-1.928008,-119.8581,39.24089
-2.2366018,-120.2885,39.4738
-1.9299611,-119.9218,39.5239
-1.9424515,-120.4549,38.57567
-2.8487015,-120.094,38.62627
-3.1162796,-120.5208,38.8577
-2.8506546,-120.1582,38.90858
-3.122139,-119.795,38.9581
-3.8350296,-120.223,39.19109
-3.4404984,-119.8581,39.24089
-3.811592,-120.2885,39.4738
-3.4424515,-119.9218,39.5239
0.8326931,-120.4549,38.57567
3.207693,-120.094,38.62627
2.4010525,-120.5208,38.8577
3.2096462,-120.1582,38.90858
4.4303493,-119.795,38.9581
3.9479275,-120.223,39.19109
4.3678493,-119.8581,39.24089
4.1823025,-120.2885,39.4738
4.3678493,-119.9218,39.5239
-2.4391022,-120.4549,38.57567
-0.8004303,-120.094,38.62627
-2.5172272,-120.5208,38.8577
-0.8004303,-120.1582,38.90858
1.5550385,-119.795,38.9581
-0.46644592,-120.223,39.19109
1.7581635,-119.8581,39.24089
0.7308197,-120.2885,39.4738
1.7581635,-119.9218,39.5239
-6.0361366,-120.4549,38.57567
-5.854496,-120.094,38.62627
-7.1240273,-120.5208,38.8577
-5.852543,-120.1582,38.90858
-2.2861366,-119.795,38.9581
-4.9736366,-120.223,39.19109
-1.8486366,-119.8581,39.24089
-3.5654335,-120.2885,39.4738
-1.8486366,-119.9218,39.5239
-0.62801933,-120.4549,38.57567
1.1141682,-120.094,38.62627
-0.28817558,-120.5208,38.8577
1.1141682,-120.1582,38.90858
1.2704182,-119.795,38.9581
0.72940254,-120.223,39.19109
1.8114338,-119.8581,39.24089
1.1083088,-120.2885,39.4738
1.8114338,-119.9218,39.5239
-0.21846747,-120.4549,38.57567
0.8889544,-120.094,38.62627
-0.6247175,-120.5208,38.8577
0.8889544,-120.1582,38.90858
0.0452044,-119.795,38.9581
-0.46846747,-120.223,39.19109
-0.3766706,-119.8581,39.24089
-0.7028425,-120.2885,39.4738
-0.37471747,-119.9218,39.5239
0.4677887,-120.4549,38.57567
2.1982574,-120.094,38.62627
0.8798981,-120.5208,38.8577
2.190445,-120.1582,38.90858
0.5224762,-119.795,38.9581
0.8349762,-120.223,39.19109
1.4756012,-119.8581,39.24089
1.6884918,-120.2885,39.4738
1.471695,-119.9218,39.5239
4.5096436,-120.4549,38.57567
8.308472,-120.094,38.62627
7.035034,-120.5208,38.8577
8.302612,-120.1582,38.90858
6.781128,-119.795,38.9581
7.046753,-120.223,39.19109
8.611206,-119.8581,39.24089
7.988159,-120.2885,39.4738
8.605347,-119.9218,39.5239
2.1980324,-120.4549,38.57567
3.4675636,-120.094,38.62627
2.3113136,-120.5208,38.8577
3.4636574,-120.1582,38.90858
3.2605324,-119.795,38.9581
2.3347511,-120.223,39.19109
2.4206886,-119.8581,39.24089
1.176548,-120.2885,39.4738
2.4206886,-119.9218,39.5239
-12.724201,-120.4549,38.57567
-11.966389,-120.094,38.62627
-13.083576,-120.5208,38.8577
-11.964436,-120.1582,38.90858
-6.6656075,-119.795,38.9581
-9.17342,-120.223,39.19109
-5.983967,-119.8581,39.24089
-7.8081856,-120.2885,39.4738
-5.9800606,-119.9218,39.5239
-10.8513565,-120.4549,38.57567
-10.6287,-120.094,38.62627
-11.7263565,-120.5208,38.8577
-10.626747,-120.1582,38.90858
-5.9294815,-119.795,38.9581
-8.54081,-120.223,39.19109
-4.7263565,-119.8581,39.24089
-6.6482315,-120.2885,39.4738
-4.7263565,-119.9218,39.5239
-2.101591,-120.4549,38.57567
-1.5820599,-120.094,38.62627
-3.1094036,-120.5208,38.8577
-1.5820599,-120.1582,38.90858
-1.1953411,-119.795,38.9581
-2.304716,-120.223,39.19109
-0.8906536,-119.8581,39.24089
-1.459013,-120.2885,39.4738
-0.8906536,-119.9218,39.5239
0.5625,-120.4549,38.57567
2.5234375,-120.094,38.62627
1.8398438,-120.5208,38.8577
2.5195312,-120.1582,38.90858
1.6738281,-119.795,38.9581
2.3496094,-120.223,39.19109
2.9394531,-119.8581,39.24089
3.1113281,-120.2885,39.4738
2.9394531,-119.9218,39.5239
0.92871094,-120.4549,38.57567
3.788086,-120.094,38.62627
3.3876953,-120.5208,38.8577
3.7802734,-120.1582,38.90858
1.9169922,-119.795,38.9581
3.1416016,-120.223,39.19109
3.928711,-119.8581,39.24089
4.1865234,-120.2885,39.4738
3.9248047,-119.9218,39.5239
2.7739391,-120.4549,38.57567
5.258314,-120.094,38.62627
4.8462048,-120.5208,38.8577
5.2524548,-120.1582,38.90858
3.2348766,-119.795,38.9581
3.9047985,-120.223,39.19109
4.1059704,-119.8581,39.24089
4.443861,-120.2885,39.4738
4.098158,-119.9218,39.5239
0.9844333,-120.4549,38.57567
2.4258394,-120.094,38.62627
1.9414644,-120.5208,38.8577
2.4219332,-120.1582,38.90858
1.199277,-119.795,38.9581
1.5684177,-120.223,39.19109
1.7813082,-119.8581,39.24089
1.7051363,-120.2885,39.4738
1.7754488,-119.9218,39.5239
0.92708206,-120.4549,38.57567
2.2786446,-120.094,38.62627
2.177082,-120.5208,38.8577
2.2766914,-120.1582,38.90858
1.1419258,-119.795,38.9581
1.8782539,-120.223,39.19109
1.7337227,-119.8581,39.24089
1.9309883,-120.2885,39.4738
1.7337227,-119.9218,39.5239
-4.0006275,-120.4549,38.57567
-5.5142994,-120.094,38.62627
-5.379534,-120.5208,38.8577
-5.5142994,-120.1582,38.90858
-4.4381275,-119.795,38.9581
-5.2818775,-120.223,39.19109
-3.8326588,-119.8581,39.24089
-4.211565,-120.2885,39.4738
-3.834612,-119.9218,39.5239
-5.12685,-120.4549,38.57567
-6.328022,-120.094,38.62627
-6.548725,-120.5208,38.8577
-6.328022,-120.1582,38.90858
-5.687397,-119.795,38.9581
-6.2284126,-120.223,39.19109
-4.3553658,-119.8581,39.24089
-4.5428658,-120.2885,39.4738
-4.3553658,-119.9218,39.5239
-6.8689613,-120.4549,38.57567
-6.9998207,-120.094,38.62627
-6.9490395,-120.5208,38.8577
-6.9939613,-120.1582,38.90858
-4.1658363,-119.795,38.9581
-5.492008,-120.223,39.19109
-3.4158363,-119.8581,39.24089
-4.2634926,-120.2885,39.4738
-3.41193,-119.9218,39.5239
-2.7759705,-120.4549,38.57567
-2.2251892,-120.094,38.62627
-3.223236,-120.5208,38.8577
-2.2251892,-120.1582,38.90858
-1.3267517,-119.795,38.9581
-2.315033,-120.223,39.19109
-0.84628296,-119.8581,39.24089
-1.6392517,-120.2885,39.4738
-0.84628296,-119.9218,39.5239
3.895712,-120.4549,38.57567
8.239462,-120.094,38.62627
7.175009,-120.5208,38.8577
8.231649,-120.1582,38.90858
6.460165,-119.795,38.9581
6.690634,-120.223,39.19109
8.452353,-119.8581,39.24089
8.979696,-120.2885,39.4738
8.442587,-119.9218,39.5239
5.2411556,-120.4549,38.57567
7.6591244,-120.094,38.62627
7.840765,-120.5208,38.8577
7.651312,-120.1582,38.90858
3.840765,-119.795,38.9581
5.483343,-120.223,39.19109
4.5517025,-119.8581,39.24089
5.6181087,-120.2885,39.4738
4.541937,-119.9218,39.5239
3.679678,-120.4549,38.57567
2.4550686,-120.094,38.62627
4.210928,-120.5208,38.8577
2.4492092,-120.1582,38.90858
-1.3847752,-119.795,38.9581
1.1874905,-120.223,39.19109
-1.8300877,-119.8581,39.24089
-0.64844704,-120.2885,39.4738
-1.8320408,-119.9218,39.5239
0.67105484,-120.4549,38.57567
2.768711,-120.094,38.62627
2.844883,-120.5208,38.8577
2.768711,-120.1582,38.90858
2.065586,-119.795,38.9581
3.094883,-120.223,39.19109
1.9737892,-119.8581,39.24089
2.5538673,-120.2885,39.4738
1.9718361,-119.9218,39.5239
2.43363,-120.4549,38.57567
4.5371456,-120.094,38.62627
3.7285519,-120.5208,38.8577
4.52738,-120.1582,38.90858
2.8125362,-119.795,38.9581
3.824255,-120.223,39.19109
3.9160519,-119.8581,39.24089
4.18363,-120.2885,39.4738
3.9140987,-119.9218,39.5239
0.40484047,-120.4549,38.57567
0.7837467,-120.094,38.62627
0.64702797,-120.5208,38.8577
0.7837467,-120.1582,38.90858
1.2173405,-119.795,38.9581
0.86382484,-120.223,39.19109
0.59819984,-119.8581,39.24089
0.1958561,-120.2885,39.4738
0.59819984,-119.9218,39.5239
-1.9131031,-120.4549,38.57567
-2.7021656,-120.094,38.62627
-2.2900562,-120.5208,38.8577
-2.7021656,-120.1582,38.90858
-1.614275,-119.795,38.9581
-2.1826344,-120.223,39.19109
-1.3916187,-119.8581,39.24089
-1.7627125,-120.2885,39.4738
-1.3896656,-119.9218,39.5239
-4.115156,-120.4549,38.57567
-5.687422,-120.094,38.62627
-5.6854687,-120.5208,38.8577
-5.6854687,-120.1582,38.90858
-4.8534374,-119.795,38.9581
-5.7948437,-120.223,39.19109
-4.11125,-119.8581,39.24089
-4.880781,-120.2885,39.4738
-4.11125,-119.9218,39.5239
-2.206976,-120.4549,38.57567
-2.5858822,-120.094,38.62627
-2.3261166,-120.5208,38.8577
-2.5858822,-120.1582,38.90858
-1.8300228,-119.795,38.9581
-2.3554134,-120.223,39.19109
-1.7831478,-119.8581,39.24089
-2.1171322,-120.2885,39.4738
-1.7831478,-119.9218,39.5239
0.4692669,-120.4549,38.57567
1.6665325,-120.094,38.62627
1.1509075,-120.5208,38.8577
1.6665325,-120.1582,38.90858
0.9536419,-119.795,38.9581
1.4009075,-120.223,39.19109
1.5376263,-119.8581,39.24089
1.7954388,-120.2885,39.4738
1.5356731,-119.9218,39.5239
2.791088,-120.4549,38.57567
6.7227287,-120.094,38.62627
5.496166,-120.5208,38.8577
6.7188225,-120.1582,38.90858
5.677807,-119.795,38.9581
5.962963,-120.223,39.19109
7.74226,-119.8581,39.24089
7.4082756,-120.2885,39.4738
7.740307,-119.9218,39.5239
5.709877,-120.4549,38.57567
7.2469864,-120.094,38.62627
6.8544083,-120.5208,38.8577
7.24308,-120.1582,38.90858
4.99308,-119.795,38.9581
6.112221,-120.223,39.19109
5.6063614,-119.8581,39.24089
6.252846,-120.2885,39.4738
5.6044083,-119.9218,39.5239
1.6045036,-120.4549,38.57567
1.6396599,-120.094,38.62627
1.2177849,-120.5208,38.8577
1.6396599,-120.1582,38.90858
1.5849724,-119.795,38.9581
1.1377068,-120.223,39.19109
0.73145676,-119.8581,39.24089
0.18653488,-120.2885,39.4738
0.73731613,-119.9218,39.5239
-0.8634224,-120.4549,38.57567
0.029155731,-120.094,38.62627
-0.2696724,-120.5208,38.8577
0.031108856,-120.1582,38.90858
1.1209526,-119.795,38.9581
0.8318901,-120.223,39.19109
1.5076714,-119.8581,39.24089
1.2693901,-120.2885,39.4738
1.5096245,-119.9218,39.5239
0.95843697,-120.4549,38.57567
2.1498432,-120.094,38.62627
1.7748432,-120.5208,38.8577
2.1498432,-120.1582,38.90858
1.3939838,-119.795,38.9581
1.9721088,-120.223,39.19109
2.0033588,-119.8581,39.24089
2.2807026,-120.2885,39.4738
2.0014057,-119.9218,39.5239
2.7604542,-120.4549,38.57567
4.2057667,-120.094,38.62627
3.4479542,-120.5208,38.8577
4.2018604,-120.1582,38.90858
2.4030323,-119.795,38.9581
3.3893604,-120.223,39.19109
3.3776417,-119.8581,39.24089
3.5475636,-120.2885,39.4738
3.3756886,-119.9218,39.5239
2.6246376,-120.4549,38.57567
5.567997,-120.094,38.62627
3.6246376,-120.5208,38.8577
5.566044,-120.1582,38.90858
3.724247,-119.795,38.9581
4.5777626,-120.223,39.19109
5.3726845,-119.8581,39.24089
5.2828407,-120.2885,39.4738
5.366825,-119.9218,39.5239
4.9095325,-120.4549,38.57567
8.65172,-120.094,38.62627
6.4407825,-120.5208,38.8577
8.649767,-120.1582,38.90858
6.216173,-119.795,38.9581
6.9232044,-120.223,39.19109
8.772814,-119.8581,39.24089
8.518908,-120.2885,39.4738
8.768908,-119.9218,39.5239
6.525282,-120.4549,38.57567
10.361219,-120.094,38.62627
8.619032,-120.5208,38.8577
10.353407,-120.1582,38.90858
8.484266,-119.795,38.9581
8.833876,-120.223,39.19109
9.783094,-119.8581,39.24089
9.388563,-120.2885,39.4738
9.779188,-119.9218,39.5239
1.656168,-120.4549,38.57567
1.203043,-120.094,38.62627
-0.45320702,-120.5208,38.8577
1.203043,-120.1582,38.90858
-0.04891014,-119.795,38.9581
-0.81648827,-120.223,39.19109
-0.19734764,-119.8581,39.24089
-1.1211758,-120.2885,39.4738
-0.19930077,-119.9218,39.5239
3.322649,-120.4549,38.57567
5.539446,-120.094,38.62627
3.7640553,-120.5208,38.8577
5.5374928,-120.1582,38.90858
3.4828053,-119.795,38.9581
4.355852,-120.223,39.19109
4.0667896,-119.8581,39.24089
3.9964771,-120.2885,39.4738
4.0667896,-119.9218,39.5239
3.778059,-120.4549,38.57567
6.6120434,-120.094,38.62627
5.3522778,-120.5208,38.8577
6.604231,-120.1582,38.90858
4.7233715,-119.795,38.9581
5.6335278,-120.223,39.19109
5.7214184,-119.8581,39.24089
5.776106,-120.2885,39.4738
5.715559,-119.9218,39.5239
2.4588223,-120.4549,38.57567
5.2166348,-120.094,38.62627
4.564291,-120.5208,38.8577
5.2127285,-120.1582,38.90858
3.2303066,-119.795,38.9581
3.4842129,-120.223,39.19109
3.9510098,-119.8581,39.24089
4.392416,-120.2885,39.4738
3.9451504,-119.9218,39.5239
2.4651814,-120.4549,38.57567
2.037447,-120.094,38.62627
2.4495564,-120.5208,38.8577
2.0394,-120.1582,38.90858
0.8362751,-119.795,38.9581
1.6604939,-120.223,39.19109
1.021822,-119.8581,39.24089
1.2854939,-120.2885,39.4738
1.0237751,-119.9218,39.5239
-1.5492263,-120.4549,38.57567
-3.248445,-120.094,38.62627
-2.310945,-120.5208,38.8577
-3.246492,-120.1582,38.90858
-3.9945388,-119.795,38.9581
-3.933992,-120.223,39.19109
-4.262117,-119.8581,39.24089
-4.5082107,-120.2885,39.4738
-4.260164,-119.9218,39.5239
-9.990725,-120.4549,38.57567
-10.553225,-120.094,38.62627
-10.586428,-120.5208,38.8577
-10.547365,-120.1582,38.90858
-8.09424,-119.795,38.9581
-9.064943,-120.223,39.19109
-7.607912,-119.8581,39.24089
-8.492678,-120.2885,39.4738
-7.607912,-119.9218,39.5239
-6.424774,-120.4549,38.57567
-7.8661804,-120.094,38.62627
-6.764618,-120.5208,38.8577
-7.860321,-120.1582,38.90858
-4.6825867,-119.795,38.9581
-6.1825867,-120.223,39.19109
-5.2275085,-119.8581,39.24089
-6.5087585,-120.2885,39.4738
-5.2255554,-119.9218,39.5239
-3.740034,-120.4549,38.57567
-3.9841747,-120.094,38.62627
-2.7107372,-120.5208,38.8577
-3.9802685,-120.1582,38.90858
-2.081831,-119.795,38.9581
-2.5330029,-120.223,39.19109
-2.441206,-119.8581,39.24089
-2.7361279,-120.2885,39.4738
-2.441206,-119.9218,39.5239
-3.5940685,-120.4549,38.57567
-2.678053,-120.094,38.62627
-2.4983654,-120.5208,38.8577
-2.6741467,-120.1582,38.90858
-0.1233654,-119.795,38.9581
-0.9651623,-120.223,39.19109
0.0875721,-119.8581,39.24089
-0.2405529,-120.2885,39.4738
0.09147835,-119.9218,39.5239
0.5740509,-120.4549,38.57567
1.8201447,-120.094,38.62627
1.1209259,-120.5208,38.8577
1.8220978,-120.1582,38.90858
2.5877228,-119.795,38.9581
1.8220978,-120.223,39.19109
1.8338165,-119.8581,39.24089
1.3025665,-120.2885,39.4738
1.8357697,-119.9218,39.5239
0.75260043,-120.4549,38.57567
2.0514286,-120.094,38.62627
1.1022098,-120.5208,38.8577
2.0514286,-120.1582,38.90858
2.4557254,-119.795,38.9581
2.0182254,-120.223,39.19109
2.4244754,-119.8581,39.24089
2.0201786,-120.2885,39.4738
2.4283817,-119.9218,39.5239
-5.5258503,-120.4549,38.57567
-5.617647,-120.094,38.62627
-6.3559284,-120.5208,38.8577
-5.615694,-120.1582,38.90858
-3.5141315,-119.795,38.9581
-5.1039753,-120.223,39.19109
-3.066866,-119.8581,39.24089
-4.1098347,-120.2885,39.4738
-3.066866,-119.9218,39.5239
-1.3215739,-120.4549,38.57567
0.4713949,-120.094,38.62627
-0.43680823,-120.5208,38.8577
0.47334802,-120.1582,38.90858
2.1139731,-119.795,38.9581
1.254598,-120.223,39.19109
2.4909263,-119.8581,39.24089
2.0670981,-120.2885,39.4738
2.4909263,-119.9218,39.5239
0.66991115,-120.4549,38.57567
2.0546768,-120.094,38.62627
1.0214736,-120.5208,38.8577
2.0546768,-120.1582,38.90858
1.8163955,-119.795,38.9581
1.5136611,-120.223,39.19109
1.7031143,-119.8581,39.24089
1.4628799,-120.2885,39.4738
1.7050674,-119.9218,39.5239
-1.6281662,-120.4549,38.57567
-2.9562912,-120.094,38.62627
-3.2414474,-120.5208,38.8577
-2.9582443,-120.1582,38.90858
-3.8176193,-119.795,38.9581
-4.4016037,-120.223,39.19109
-3.9601974,-119.8581,39.24089
-4.637932,-120.2885,39.4738
-3.9601974,-119.9218,39.5239
0.9762614,-120.4549,38.57567
2.8219645,-120.094,38.62627
2.6188395,-120.5208,38.8577
2.8219645,-120.1582,38.90858
3.7809489,-119.795,38.9581
3.6286051,-120.223,39.19109
3.5055583,-119.8581,39.24089
3.5524333,-120.2885,39.4738
3.5055583,-119.9218,39.5239
3.1748304,-120.4549,38.57567
5.8935804,-120.094,38.62627
4.7881117,-120.5208,38.8577
5.8916273,-120.1582,38.90858
4.995143,-119.795,38.9581
5.684596,-120.223,39.19109
6.3291273,-119.8581,39.24089
6.588893,-120.2885,39.4738
6.3291273,-119.9218,39.5239
0.6175709,-120.4549,38.57567
1.1898365,-120.094,38.62627
0.7933521,-120.5208,38.8577
1.1898365,-120.1582,38.90858
0.9066334,-119.795,38.9581
0.8636646,-120.223,39.19109
0.74843025,-119.8581,39.24089
0.7191334,-120.2885,39.4738
0.7464771,-119.9218,39.5239
-2.182045,-120.4549,38.57567
-0.76602936,-120.094,38.62627
-0.56095123,-120.5208,38.8577
-0.76602936,-120.1582,38.90858
2.0874863,-119.795,38.9581
1.1421738,-120.223,39.19109
1.6949081,-119.8581,39.24089
1.3980331,-120.2885,39.4738
1.7007675,-119.9218,39.5239
0.95438004,-120.4549,38.57567
2.7844582,-120.094,38.62627
1.751255,-120.5208,38.8577
2.7844582,-120.1582,38.90858
3.6672707,-119.795,38.9581
3.1848488,-120.223,39.19109
3.5227394,-119.8581,39.24089
3.546177,-120.2885,39.4738
3.5246925,-119.9218,39.5239
0.6607113,-120.4549,38.57567
3.154852,-120.094,38.62627
2.2134457,-120.5208,38.8577
3.156805,-120.1582,38.90858
4.7876644,-119.795,38.9581
4.217352,-120.223,39.19109
5.3950863,-119.8581,39.24089
5.377508,-120.2885,39.4738
5.3970394,-119.9218,39.5239
-1.6455364,-120.4549,38.57567
-0.58498955,-120.094,38.62627
-1.764677,-120.5208,38.8577
-0.58498955,-120.1582,38.90858
0.5673542,-119.795,38.9581
-0.34084892,-120.223,39.19109
0.8974323,-119.8581,39.24089
0.6630573,-120.2885,39.4738
0.89938545,-119.9218,39.5239
1.0515537,-120.4549,38.57567
2.9050694,-120.094,38.62627
1.2195225,-120.5208,38.8577
2.9050694,-120.1582,38.90858
2.2234287,-119.795,38.9581
2.0925694,-120.223,39.19109
2.3660069,-119.8581,39.24089
2.52421,-120.2885,39.4738
2.3640537,-119.9218,39.5239
2.25531,-120.4549,38.57567
4.722107,-120.094,38.62627
2.9447632,-120.5208,38.8577
4.7182007,-120.1582,38.90858
3.1967163,-119.795,38.9581
3.5385132,-120.223,39.19109
3.8920288,-119.8581,39.24089
3.895935,-120.2885,39.4738
3.8920288,-119.9218,39.5239
1.1903496,-120.4549,38.57567
3.4676933,-120.094,38.62627
2.1219902,-120.5208,38.8577
3.4676933,-120.1582,38.90858
2.7860527,-119.795,38.9581
3.2020683,-120.223,39.19109
3.8251152,-119.8581,39.24089
4.2196465,-120.2885,39.4738
3.823162,-119.9218,39.5239
-0.98433495,-120.4549,38.57567
-0.39058495,-120.094,38.62627
-1.2480068,-120.5208,38.8577
-0.39058495,-120.1582,38.90858
-0.2069912,-119.795,38.9581
-0.5585537,-120.223,39.19109
0.37504005,-119.8581,39.24089
0.43949318,-120.2885,39.4738
0.37308693,-119.9218,39.5239
0.5020828,-120.4549,38.57567
1.6720047,-120.094,38.62627
1.3868484,-120.5208,38.8577
1.6680984,-120.1582,38.90858
0.5860672,-119.795,38.9581
1.144661,-120.223,39.19109
1.394661,-119.8581,39.24089
1.5548172,-120.2885,39.4738
1.3927078,-119.9218,39.5239
4.9456244,-120.4549,38.57567
7.83039,-120.094,38.62627
6.4612494,-120.5208,38.8577
7.8264837,-120.1582,38.90858
6.599921,-119.795,38.9581
7.0549994,-120.223,39.19109
7.4964056,-119.8581,39.24089
7.521796,-120.2885,39.4738
7.4964056,-119.9218,39.5239
2.831222,-120.4549,38.57567
4.8800497,-120.094,38.62627
3.8058314,-120.5208,38.8577
4.8761435,-120.1582,38.90858
3.860519,-119.795,38.9581
4.3038783,-120.223,39.19109
4.5812216,-119.8581,39.24089
4.8175497,-120.2885,39.4738
4.5812216,-119.9218,39.5239
3.3702934,-120.4549,38.57567
5.8077936,-120.094,38.62627
4.768731,-120.5208,38.8577
5.8019342,-120.1582,38.90858
4.9015436,-119.795,38.9581
5.204278,-120.223,39.19109
5.565606,-119.8581,39.24089
5.423028,-120.2885,39.4738
5.565606,-119.9218,39.5239
2.9609146,-120.4549,38.57567
5.499977,-120.094,38.62627
4.1913834,-120.5208,38.8577
5.496071,-120.1582,38.90858
3.546852,-119.795,38.9581
4.3788834,-120.223,39.19109
4.8534927,-119.8581,39.24089
5.199196,-120.2885,39.4738
4.8534927,-119.9218,39.5239
