wvinc,lon,lat
0.010120392,-120.4549,38.57567
0.027870417,-120.094,38.62627
0.006495476,-120.5208,38.8577
0.0056204796,-120.1582,38.90858
0.0024952888,-119.795,38.9581
-4.529953e-06,-120.223,39.19109
-0.00025463104,-119.8581,39.24089
-0.00025463104,-120.2885,39.4738
-0.00025463104,-119.9218,39.5239
-0.022979498,-120.4549,38.57567
0.007395506,-120.094,38.62627
-0.017354488,-120.5208,38.8577
0.035270452,-120.1582,38.90858
0.01964569,-119.795,38.9581
0.022895575,-120.223,39.19109
-0.015604496,-119.8581,39.24089
-0.006729603,-120.2885,39.4738
-0.029604435,-119.9218,39.5239
-0.07881904,-120.4549,38.57567
1.8415563,-120.094,38.62627
0.120556355,-120.5208,38.8577
1.4854312,-120.1582,38.90858
1.0413065,-119.795,38.9581
1.4643061,-120.223,39.19109
1.0585558,-119.8581,39.24089
1.3061814,-120.2885,39.4738
0.79680634,-119.9218,39.5239
0.39778328,-120.4549,38.57567
0.1990335,-120.094,38.62627
0.38915873,-120.5208,38.8577
0.25003338,-120.1582,38.90858
0.080658674,-119.795,38.9581
0.05190873,-120.223,39.19109
0.103158474,-119.8581,39.24089
0.017533064,-120.2885,39.4738
-0.0019664764,-119.9218,39.5239
0.083268166,-120.4549,38.57567
0.13101864,-120.094,38.62627
-0.0052313805,-120.5208,38.8577
0.0850184,-120.1582,38.90858
0.02314365,-119.795,38.9581
0.01326859,-120.223,39.19109
-0.0028563738,-119.8581,39.24089
-0.010356307,-120.2885,39.4738
0.006768346,-119.9218,39.5239
-0.12524724,-120.4549,38.57567
0.0023776293,-120.094,38.62627
-0.09362233,-120.5208,38.8577
-0.00862205,-120.1582,38.90858
-0.014747262,-119.795,38.9581
-0.012997031,-120.223,39.19109
-0.020247221,-119.8581,39.24089
-0.0013720989,-120.2885,39.4738
-0.009122372,-119.9218,39.5239
1.7593153,-120.4549,38.57567
4.4064407,-120.094,38.62627
1.5853157,-120.5208,38.8577
3.174691,-120.1582,38.90858
2.1939404,-119.795,38.9581
3.3516903,-120.223,39.19109
2.1838155,-119.8581,39.24089
3.7211905,-120.2885,39.4738
1.6338158,-119.9218,39.5239
2.0314367,-120.4549,38.57567
4.6655617,-120.094,38.62627
1.5296867,-120.5208,38.8577
2.3190613,-120.1582,38.90858
1.237562,-119.795,38.9581
1.5900617,-120.223,39.19109
0.5671861,-119.8581,39.24089
0.8011863,-120.2885,39.4738
0.18443656,-119.9218,39.5239
0.020591497,-120.4549,38.57567
0.14346695,-120.094,38.62627
-0.077908754,-120.5208,38.8577
0.19396639,-120.1582,38.90858
0.051591635,-119.795,38.9581
0.10034108,-120.223,39.19109
-0.042283535,-119.8581,39.24089
0.058466196,-120.2885,39.4738
0.1463418,-119.9218,39.5239
0.11583352,-120.4549,38.57567
0.19233346,-120.094,38.62627
0.16458344,-120.5208,38.8577
0.069083214,-120.1582,38.90858
0.0032086372,-119.795,38.9581
-0.09491634,-120.223,39.19109
-0.07266617,-119.8581,39.24089
-0.072416544,-120.2885,39.4738
-0.018666029,-119.9218,39.5239
0.12369037,-120.4549,38.57567
0.13481545,-120.094,38.62627
0.3559401,-120.5208,38.8577
0.05881548,-120.1582,38.90858
0.044065475,-119.795,38.9581
0.18256569,-120.223,39.19109
0.08981538,-119.8581,39.24089
0.063815355,-120.2885,39.4738
0.08856559,-119.9218,39.5239
-0.012891531,-120.4549,38.57567
-0.0032663345,-120.094,38.62627
-0.087266445,-120.5208,38.8577
-0.0283916,-120.1582,38.90858
-0.023391724,-119.795,38.9581
-0.03251648,-120.223,39.19109
-0.038891554,-119.8581,39.24089
-0.030891418,-120.2885,39.4738
-0.026766539,-119.9218,39.5239
0.28177667,-120.4549,38.57567
1.5769019,-120.094,38.62627
0.81140184,-120.5208,38.8577
1.894902,-120.1582,38.90858
1.3255272,-119.795,38.9581
2.497902,-120.223,39.19109
2.7162771,-119.8581,39.24089
2.860527,-120.2885,39.4738
1.5540268,-119.9218,39.5239
0.5222187,-120.4549,38.57567
2.3633437,-120.094,38.62627
2.6725936,-120.5208,38.8577
2.2504685,-120.1582,38.90858
1.1640935,-119.795,38.9581
2.2649686,-120.223,39.19109
0.7953439,-119.8581,39.24089
2.0233438,-120.2885,39.4738
1.1375937,-119.9218,39.5239
0.01676774,-120.4549,38.57567
0.008267641,-120.094,38.62627
0.013392568,-120.5208,38.8577
0.011392951,-120.1582,38.90858
0.016767621,-119.795,38.9581
0.0112679005,-120.223,39.19109
0.05664277,-119.8581,39.24089
0.00701797,-120.2885,39.4738
0.050142765,-119.9218,39.5239
-0.00013065338,-120.4549,38.57567
0.00011920929,-120.094,38.62627
-0.00063061714,-120.5208,38.8577
0.00011920929,-120.1582,38.90858
0.00024437904,-119.795,38.9581
0.00011920929,-120.223,39.19109
0.00024437904,-119.8581,39.24089
0.00024437904,-120.2885,39.4738
0.0004942417,-119.9218,39.5239
-0.075852394,-120.4549,38.57567
0.001147747,-120.094,38.62627
-0.111977816,-120.5208,38.8577
-0.14110184,-120.1582,38.90858
0.09252286,-119.795,38.9581
0.017522335,-120.223,39.19109
0.24964762,-119.8581,39.24089
0.21064734,-120.2885,39.4738
0.07689786,-119.9218,39.5239
0.16549182,-120.4549,38.57567
0.8117416,-120.094,38.62627
1.6178668,-120.5208,38.8577
0.67399216,-120.1582,38.90858
0.04386735,-119.795,38.9581
1.1056173,-120.223,39.19109
-0.16400814,-119.8581,39.24089
0.25224233,-120.2885,39.4738
-0.15125799,-119.9218,39.5239
0.56012845,-120.4549,38.57567
0.79900384,-120.094,38.62627
0.91175413,-120.5208,38.8577
0.5852535,-120.1582,38.90858
0.23300362,-119.795,38.9581
0.44250393,-120.223,39.19109
-0.15637136,-119.8581,39.24089
0.28437877,-120.2885,39.4738
-0.16274595,-119.9218,39.5239
0.70262074,-120.4549,38.57567
1.2952466,-120.094,38.62627
1.6614969,-120.5208,38.8577
1.141746,-120.1582,38.90858
0.3166213,-119.795,38.9581
0.84712124,-120.223,39.19109
0.08049631,-119.8581,39.24089
0.6619961,-120.2885,39.4738
0.07499623,-119.9218,39.5239
-0.1785016,-120.4549,38.57567
0.44824886,-120.094,38.62627
-0.080126286,-120.5208,38.8577
0.3747487,-120.1582,38.90858
0.12499809,-119.795,38.9581
0.22837329,-120.223,39.19109
-0.06737685,-119.8581,39.24089
0.027748346,-120.2885,39.4738
-0.083126545,-119.9218,39.5239
0.0012310743,-120.4549,38.57567
0.0031058788,-120.094,38.62627
0.012981057,-120.5208,38.8577
0.0019811392,-120.1582,38.90858
0.0013561249,-119.795,38.9581
0.0022310019,-120.223,39.19109
0.0009810925,-119.8581,39.24089
0.007981181,-120.2885,39.4738
0.0018560886,-119.9218,39.5239
-7.891655e-05,-120.4549,38.57567
-7.891655e-05,-120.094,38.62627
-0.00020384789,-120.5208,38.8577
-0.00032901764,-120.1582,38.90858
-0.00045394897,-119.795,38.9581
-0.00070381165,-120.223,39.19109
-0.00095391273,-119.8581,39.24089
-0.00070381165,-120.2885,39.4738
-0.00070405006,-119.9218,39.5239
-0.10114169,-120.4549,38.57567
-0.0045166016,-120.094,38.62627
-0.12526631,-120.5208,38.8577
-0.006516218,-120.1582,38.90858
-1.6212463e-05,-119.795,38.9581
-0.0027663708,-120.223,39.19109
-1.6212463e-05,-119.8581,39.24089
-0.0032663345,-120.2885,39.4738
0.0008585453,-119.9218,39.5239
-0.010879874,-120.4549,38.57567
-0.0020052195,-120.094,38.62627
-0.017754912,-120.5208,38.8577
-0.0052552223,-120.1582,38.90858
-0.0036298037,-119.795,38.9581
0.006619811,-120.223,39.19109
-0.0060048103,-119.8581,39.24089
-0.0022552013,-120.2885,39.4738
-0.009754896,-119.9218,39.5239
-0.0069983006,-120.4549,38.57567
-0.0058734417,-120.094,38.62627
-0.008623362,-120.5208,38.8577
-0.008873224,-120.1582,38.90858
-0.008123398,-119.795,38.9581
-0.00999856,-120.223,39.19109
-0.009498119,-119.8581,39.24089
-0.0109984875,-120.2885,39.4738
-0.011623383,-119.9218,39.5239
-6.890297e-05,-120.4549,38.57567
-6.890297e-05,-120.094,38.62627
-0.00019407272,-120.5208,38.8577
-6.890297e-05,-120.1582,38.90858
-6.890297e-05,-119.795,38.9581
-0.00019407272,-120.223,39.19109
-6.890297e-05,-119.8581,39.24089
-6.890297e-05,-120.2885,39.4738
-6.890297e-05,-119.9218,39.5239
0.24928379,-120.4549,38.57567
1.0334091,-120.094,38.62627
0.061159134,-120.5208,38.8577
0.3561592,-120.1582,38.90858
0.10740876,-119.795,38.9581
0.1449089,-120.223,39.19109
0.06578398,-119.8581,39.24089
0.15003419,-120.2885,39.4738
0.048159122,-119.9218,39.5239
0.48749948,-120.4549,38.57567
0.622375,-120.094,38.62627
0.5726249,-120.5208,38.8577
0.7199998,-120.1582,38.90858
0.18537474,-119.795,38.9581
0.58962464,-120.223,39.19109
0.05637455,-119.8581,39.24089
0.33662415,-120.2885,39.4738
0.04074955,-119.9218,39.5239
0.05519104,-120.4549,38.57567
0.03281617,-120.094,38.62627
0.017441034,-120.5208,38.8577
-0.014183521,-120.1582,38.90858
-0.051683187,-119.795,38.9581
0.0025663376,-120.223,39.19109
-0.014809132,-119.8581,39.24089
0.0010662079,-120.2885,39.4738
-0.006683588,-119.9218,39.5239
-0.034083366,-120.4549,38.57567
-0.0005829334,-120.094,38.62627
-0.024083376,-120.5208,38.8577
0.0071668625,-120.1582,38.90858
0.006541729,-119.795,38.9581
0.00029182434,-120.223,39.19109
0.003541708,-119.8581,39.24089
-0.002207756,-120.2885,39.4738
-0.00020813942,-119.9218,39.5239
-0.0021851063,-120.4549,38.57567
-0.0013103485,-120.094,38.62627
0.00068974495,-120.5208,38.8577
-0.00043535233,-120.1582,38.90858
-0.0018107891,-119.795,38.9581
-0.00043559074,-120.223,39.19109
-0.0011856556,-119.8581,39.24089
-0.00018548965,-120.2885,39.4738
-0.00018548965,-119.9218,39.5239
0.0048103333,-120.4549,38.57567
0.0074357986,-120.094,38.62627
0.006935358,-120.5208,38.8577
0.005060196,-120.1582,38.90858
0.018185377,-119.795,38.9581
0.0009353161,-120.223,39.19109
0.005060196,-119.8581,39.24089
6.03199e-05,-120.2885,39.4738
0.0021853447,-119.9218,39.5239
0.0002194643,-120.4549,38.57567
0.0013444424,-120.094,38.62627
0.0002194643,-120.5208,38.8577
0.0002194643,-120.1582,38.90858
0.0002194643,-119.795,38.9581
0.0002194643,-120.223,39.19109
0.0002194643,-119.8581,39.24089
0.0002194643,-120.2885,39.4738
0.0002194643,-119.9218,39.5239
-0.035395622,-120.4549,38.57567
-0.01414609,-120.094,38.62627
-0.03964591,-120.5208,38.8577
-0.023020744,-120.1582,38.90858
-0.018895626,-119.795,38.9581
-0.027520657,-120.223,39.19109
-0.02377081,-119.8581,39.24089
-0.04364586,-120.2885,39.4738
-0.03102088,-119.9218,39.5239
-0.021128416,-120.4549,38.57567
-0.00025367737,-120.094,38.62627
-0.01337862,-120.5208,38.8577
-0.032878637,-120.1582,38.90858
-0.032753706,-119.795,38.9581
-0.019003391,-120.223,39.19109
0.0023713112,-119.8581,39.24089
-0.019753695,-120.2885,39.4738
0.009371281,-119.9218,39.5239
0.0028586388,-120.4549,38.57567
0.0034835339,-120.094,38.62627
0.016108513,-120.5208,38.8577
-0.0016415119,-120.1582,38.90858
-0.0045166016,-119.795,38.9581
0.0007338524,-120.223,39.19109
-0.007391453,-119.8581,39.24089
-0.014641523,-120.2885,39.4738
-0.0076413155,-119.9218,39.5239
-0.0321908,-120.4549,38.57567
-0.0305655,-120.094,38.62627
-0.049940586,-120.5208,38.8577
-0.025940657,-120.1582,38.90858
-0.0149405,-119.795,38.9581
-0.014815569,-120.223,39.19109
-0.011440754,-119.8581,39.24089
-0.018690348,-120.2885,39.4738
-0.013315678,-119.9218,39.5239
-0.000120043755,-120.4549,38.57567
0.00013005733,-120.094,38.62627
-0.0011199713,-120.5208,38.8577
-0.00036990643,-120.1582,38.90858
0.00013005733,-119.795,38.9581
-0.0012449026,-120.223,39.19109
0.00013005733,-119.8581,39.24089
-0.0018697977,-120.2885,39.4738
-0.0009948015,-119.9218,39.5239
-0.00020778179,-120.4549,38.57567
-0.00020778179,-120.094,38.62627
-0.00020778179,-120.5208,38.8577
-0.00020778179,-120.1582,38.90858
-0.00020778179,-119.795,38.9581
-0.00020778179,-120.223,39.19109
-0.00020778179,-119.8581,39.24089
-0.00020778179,-120.2885,39.4738
-0.00020778179,-119.9218,39.5239
0.0025603771,-120.4549,38.57567
-0.00043952465,-120.094,38.62627
-0.01806426,-120.5208,38.8577
-0.00043940544,-120.1582,38.90858
0.0003105402,-119.795,38.9581
0.015560389,-120.223,39.19109
0.0005606413,-119.8581,39.24089
0.040185213,-120.2885,39.4738
0.0014355183,-119.9218,39.5239
-0.0010145903,-120.4549,38.57567
-0.0005143881,-120.094,38.62627
-0.0013893843,-120.5208,38.8577
-0.00063955784,-120.1582,38.90858
-0.0005143881,-119.795,38.9581
-0.0021394491,-120.223,39.19109
-0.0007644892,-119.8581,39.24089
-0.0021394491,-120.2885,39.4738
-0.0012644529,-119.9218,39.5239
0.0065722466,-120.4549,38.57567
0.0024473667,-120.094,38.62627
0.010322332,-120.5208,38.8577
0.0035722256,-120.1582,38.90858
7.224083e-05,-119.795,38.9581
7.224083e-05,-120.223,39.19109
7.224083e-05,-119.8581,39.24089
7.224083e-05,-120.2885,39.4738
7.224083e-05,-119.9218,39.5239
0.0012335777,-120.4549,38.57567
0.0031085014,-120.094,38.62627
0.010108471,-120.5208,38.8577
0.0028584003,-120.1582,38.90858
0.0031085014,-119.795,38.9581
0.4216087,-120.223,39.19109
0.0023584366,-119.8581,39.24089
0.003733635,-120.2885,39.4738
0.00048351288,-119.9218,39.5239
-0.0254426,-120.4549,38.57567
-0.009942532,-120.094,38.62627
0.094807625,-120.5208,38.8577
0.0013074875,-120.1582,38.90858
-0.0008177757,-119.795,38.9581
0.093432665,-120.223,39.19109
-0.010817766,-119.8581,39.24089
0.039307356,-120.2885,39.4738
-0.009442568,-119.9218,39.5239
0.03151512,-120.4549,38.57567
-0.06598508,-120.094,38.62627
-0.040735006,-120.5208,38.8577
-0.11048508,-120.1582,38.90858
-0.06348467,-119.795,38.9581
-0.1543597,-120.223,39.19109
-0.08110988,-119.8581,39.24089
-0.16711009,-120.2885,39.4738
-0.08761001,-119.9218,39.5239
-0.00047898293,-120.4549,38.57567
-0.0019788742,-120.094,38.62627
0.0076463223,-120.5208,38.8577
-0.0051037073,-120.1582,38.90858
-0.0018537045,-119.795,38.9581
-0.013353825,-120.223,39.19109
-0.006228566,-119.8581,39.24089
-0.04697883,-120.2885,39.4738
-0.023103595,-119.9218,39.5239
0.0032730103,-120.4549,38.57567
0.00864768,-120.094,38.62627
0.03977251,-120.5208,38.8577
0.0033974648,-120.1582,38.90858
0.004397154,-119.795,38.9581
0.0073974133,-120.223,39.19109
0.0008971691,-119.8581,39.24089
-0.001977682,-120.2885,39.4738
0.00039696693,-119.9218,39.5239
-0.011408091,-120.4549,38.57567
-0.0052831173,-120.094,38.62627
-0.004033208,-120.5208,38.8577
-0.0044082403,-120.1582,38.90858
-0.006283164,-119.795,38.9581
-0.008783221,-120.223,39.19109
-0.0062832832,-119.8581,39.24089
-0.008158088,-120.2885,39.4738
-0.008657932,-119.9218,39.5239
0.04064858,-120.4549,38.57567
0.0037736893,-120.094,38.62627
0.27639866,-120.5208,38.8577
0.008898497,-120.1582,38.90858
0.0015236139,-119.795,38.9581
0.020523667,-120.223,39.19109
0.0002734661,-119.8581,39.24089
0.0005233288,-120.2885,39.4738
0.0031483173,-119.9218,39.5239
0.84346294,-120.4549,38.57567
0.88758767,-120.094,38.62627
1.0324625,-120.5208,38.8577
0.79058766,-120.1582,38.90858
0.14471233,-119.795,38.9581
0.4729619,-120.223,39.19109
0.10396242,-119.8581,39.24089
0.67083776,-120.2885,39.4738
0.10908747,-119.9218,39.5239
-0.0015854836,-120.4549,38.57567
0.010664463,-120.094,38.62627
0.036914587,-120.5208,38.8577
0.02441454,-120.1582,38.90858
0.0032895803,-119.795,38.9581
0.017664433,-120.223,39.19109
-0.0029605627,-119.8581,39.24089
-0.0033359528,-120.2885,39.4738
-0.0017105341,-119.9218,39.5239
0.017079711,-120.4549,38.57567
0.35807967,-120.094,38.62627
-0.045045137,-120.5208,38.8577
0.47557974,-120.1582,38.90858
0.29782987,-119.795,38.9581
0.44195485,-120.223,39.19109
0.110330105,-119.8581,39.24089
0.5368302,-120.2885,39.4738
0.30157983,-119.9218,39.5239
0.38744462,-120.4549,38.57567
0.60319483,-120.094,38.62627
0.25681984,-120.5208,38.8577
0.58831954,-120.1582,38.90858
0.28444505,-119.795,38.9581
0.4415698,-120.223,39.19109
0.44494462,-119.8581,39.24089
0.28281975,-120.2885,39.4738
0.1626947,-119.9218,39.5239
-0.002974987,-120.4549,38.57567
-0.0022249222,-120.094,38.62627
-0.0037248135,-120.5208,38.8577
-0.003975153,-120.1582,38.90858
-0.002974987,-119.795,38.9581
-0.0044751167,-120.223,39.19109
-0.002724886,-119.8581,39.24089
-0.006725073,-120.2885,39.4738
-0.0042250156,-119.9218,39.5239
-9.286404e-05,-120.4549,38.57567
-0.0008430481,-120.094,38.62627
-9.286404e-05,-120.5208,38.8577
-0.00071811676,-120.1582,38.90858
-0.0004682541,-119.795,38.9581
-0.00034296513,-120.223,39.19109
-0.00034308434,-119.8581,39.24089
-9.3102455e-05,-120.2885,39.4738
-0.00021803379,-119.9218,39.5239
-0.0118124485,-120.4549,38.57567
-0.007187605,-120.094,38.62627
-0.012937546,-120.5208,38.8577
-0.012562275,-120.1582,38.90858
-0.018187284,-119.795,38.9581
-0.016437054,-120.223,39.19109
-0.02331233,-119.8581,39.24089
-0.0174371,-120.2885,39.4738
-0.029186964,-119.9218,39.5239
-0.021401525,-120.4549,38.57567
-0.00040185452,-120.094,38.62627
-0.3416518,-120.5208,38.8577
0.0012229681,-120.1582,38.90858
-0.002526641,-119.795,38.9581
0.009098291,-120.223,39.19109
-0.001151681,-119.8581,39.24089
0.010598302,-120.2885,39.4738
-0.0032767057,-119.9218,39.5239
-0.3100214,-120.4549,38.57567
0.08897877,-120.094,38.62627
-0.15364647,-120.5208,38.8577
-0.052396297,-120.1582,38.90858
-0.0043964386,-119.795,38.9581
0.023353338,-120.223,39.19109
-0.056396484,-119.8581,39.24089
-0.041021347,-120.2885,39.4738
-0.045146465,-119.9218,39.5239
-0.0007812977,-120.4549,38.57567
0.0033433437,-120.094,38.62627
-0.0055310726,-120.5208,38.8577
0.002468586,-120.1582,38.90858
0.0029687881,-119.795,38.9581
-0.0031564236,-120.223,39.19109
0.008968353,-119.8581,39.24089
-0.004656315,-120.2885,39.4738
0.0018434525,-119.9218,39.5239
-0.14116323,-120.4549,38.57567
-0.01066339,-120.094,38.62627
-0.16591334,-120.5208,38.8577
0.0149616,-120.1582,38.90858
0.10096121,-119.795,38.9581
-0.045913815,-120.223,39.19109
0.03458655,-119.8581,39.24089
0.044836283,-120.2885,39.4738
0.040586233,-119.9218,39.5239
0.034579158,-120.4549,38.57567
0.045829177,-120.094,38.62627
0.058454156,-120.5208,38.8577
0.12032914,-120.1582,38.90858
0.029329062,-119.795,38.9581
0.15607929,-120.223,39.19109
0.023079157,-119.8581,39.24089
0.06582916,-120.2885,39.4738
0.035829186,-119.9218,39.5239
0.5660651,-120.4549,38.57567
1.026315,-120.094,38.62627
1.0868146,-120.5208,38.8577
0.7796899,-120.1582,38.90858
0.2661897,-119.795,38.9581
0.5421897,-120.223,39.19109
0.12631452,-119.8581,39.24089
0.24731505,-120.2885,39.4738
-0.27668512,-119.9218,39.5239
-0.0069305897,-120.4549,38.57567
-0.009305477,-120.094,38.62627
-0.013180494,-120.5208,38.8577
-0.0026807785,-120.1582,38.90858
-0.004555702,-119.795,38.9581
-0.008306026,-120.223,39.19109
-0.012680769,-119.8581,39.24089
-0.009555578,-120.2885,39.4738
-0.009430647,-119.9218,39.5239
-0.0029312372,-120.4549,38.57567
-0.0010560751,-120.094,38.62627
-0.015056133,-120.5208,38.8577
-0.0019310713,-120.1582,38.90858
-0.0021812916,-119.795,38.9581
-0.0033062696,-120.223,39.19109
-0.0034308434,-119.8581,39.24089
-0.005555749,-120.2885,39.4738
-0.0065561533,-119.9218,39.5239
0.03272462,-120.4549,38.57567
0.017474651,-120.094,38.62627
0.05997467,-120.5208,38.8577
0.040224552,-120.1582,38.90858
0.005974531,-119.795,38.9581
0.00997448,-120.223,39.19109
0.00047445297,-119.8581,39.24089
-2.5510788e-05,-120.2885,39.4738
-2.5510788e-05,-119.9218,39.5239
-0.0011808872,-120.4549,38.57567
-0.000805974,-120.094,38.62627
-0.0029306412,-120.5208,38.8577
-0.0019307137,-120.1582,38.90858
-0.0024306774,-119.795,38.9581
-0.0033056736,-120.223,39.19109
-0.0036809444,-119.8581,39.24089
-0.0054306984,-120.2885,39.4738
-0.0016806126,-119.9218,39.5239
0.0015473366,-120.4549,38.57567
0.006547451,-120.094,38.62627
0.0009224415,-120.5208,38.8577
0.0017974377,-120.1582,38.90858
4.7445297e-05,-119.795,38.9581
-0.0010774136,-120.223,39.19109
-0.0013275146,-119.8581,39.24089
-0.0022025108,-120.2885,39.4738
-0.0018274784,-119.9218,39.5239
0.0050354004,-120.4549,38.57567
0.0027852058,-120.094,38.62627
0.020785213,-120.5208,38.8577
0.0062851906,-120.1582,38.90858
0.00066018105,-119.795,38.9581
0.0019102097,-120.223,39.19109
-8.9764595e-05,-119.8581,39.24089
-8.9764595e-05,-120.2885,39.4738
-8.9764595e-05,-119.9218,39.5239
-0.18355656,-120.4549,38.57567
-0.024556398,-120.094,38.62627
-0.36330652,-120.5208,38.8577
-0.026931405,-120.1582,38.90858
0.0053185225,-119.795,38.9581
-0.042806387,-120.223,39.19109
0.011318445,-119.8581,39.24089
-0.049306512,-120.2885,39.4738
-0.035431504,-119.9218,39.5239
-0.06263828,-120.4549,38.57567
-0.029263735,-120.094,38.62627
-0.04113841,-120.5208,38.8577
-0.014763594,-120.1582,38.90858
-0.0011384487,-119.795,38.9581
0.3918612,-120.223,39.19109
-0.00063848495,-119.8581,39.24089
0.015111685,-120.2885,39.4738
-0.017763376,-119.9218,39.5239
-4.1365623e-05,-120.4549,38.57567
-4.1365623e-05,-120.094,38.62627
-4.1365623e-05,-120.5208,38.8577
-4.1365623e-05,-120.1582,38.90858
-4.1365623e-05,-119.795,38.9581
-4.1365623e-05,-120.223,39.19109
-4.1365623e-05,-119.8581,39.24089
-4.1365623e-05,-120.2885,39.4738
-4.1365623e-05,-119.9218,39.5239
0.00016391277,-120.4549,38.57567
0.0002888441,-120.094,38.62627
-8.606911e-05,-120.5208,38.8577
0.0034139156,-120.1582,38.90858
-0.0014611483,-119.795,38.9581
0.00016403198,-120.223,39.19109
-0.001961112,-119.8581,39.24089
-0.0018360615,-120.2885,39.4738
-0.00446105,-119.9218,39.5239
0.0032055378,-120.4549,38.57567
-4.4584274e-05,-120.094,38.62627
-4.4584274e-05,-120.5208,38.8577
-4.4584274e-05,-120.1582,38.90858
-4.4584274e-05,-119.795,38.9581
-4.4584274e-05,-120.223,39.19109
-4.4584274e-05,-119.8581,39.24089
-4.4584274e-05,-120.2885,39.4738
-4.4584274e-05,-119.9218,39.5239
-0.0013828874,-120.4549,38.57567
-0.0013828874,-120.094,38.62627
-0.0013828874,-120.5208,38.8577
-0.0013828874,-120.1582,38.90858
-0.0013828874,-119.795,38.9581
-0.0011327863,-120.223,39.19109
-0.0011327863,-119.8581,39.24089
-0.0006328225,-120.2885,39.4738
-0.0011327863,-119.9218,39.5239
2.2888184e-05,-120.4549,38.57567
2.2888184e-05,-120.094,38.62627
2.2888184e-05,-120.5208,38.8577
0.00027287006,-120.1582,38.90858
0.0010229349,-119.795,38.9581
0.0003979206,-120.223,39.19109
0.002147913,-119.8581,39.24089
2.2888184e-05,-120.2885,39.4738
0.0006479025,-119.9218,39.5239
0.00042891502,-120.4549,38.57567
-0.0014460087,-120.094,38.62627
0.0003042221,-120.5208,38.8577
-0.006696105,-120.1582,38.90858
-0.024196029,-119.795,38.9581
5.4121017e-05,-120.223,39.19109
0.0003042221,-119.8581,39.24089
-0.0014457703,-120.2885,39.4738
-0.02319622,-119.9218,39.5239
0.00011873245,-120.4549,38.57567
0.00011873245,-120.094,38.62627
0.00011873245,-120.5208,38.8577
0.00011873245,-120.1582,38.90858
0.00011873245,-119.795,38.9581
0.0006186962,-120.223,39.19109
0.00011873245,-119.8581,39.24089
0.00011873245,-120.2885,39.4738
0.00011873245,-119.9218,39.5239
0.0067409277,-120.4549,38.57567
0.0006158352,-120.094,38.62627
0.0034909248,-120.5208,38.8577
0.00086581707,-120.1582,38.90858
-0.00013411045,-119.795,38.9581
-0.00013411045,-120.223,39.19109
-0.00013411045,-119.8581,39.24089
-0.00013411045,-120.2885,39.4738
-0.00013411045,-119.9218,39.5239
0.0001411438,-120.4549,38.57567
0.0001411438,-120.094,38.62627
0.00026631355,-120.5208,38.8577
0.00026631355,-120.1582,38.90858
0.0001411438,-119.795,38.9581
0.0036411285,-120.223,39.19109
0.0001411438,-119.8581,39.24089
0.0005161762,-120.2885,39.4738
0.00026631355,-119.9218,39.5239
-7.1406364e-05,-120.4549,38.57567
-7.1406364e-05,-120.094,38.62627
-7.1406364e-05,-120.5208,38.8577
-7.1406364e-05,-120.1582,38.90858
-7.1406364e-05,-119.795,38.9581
-7.1406364e-05,-120.223,39.19109
-7.1406364e-05,-119.8581,39.24089
-7.1406364e-05,-120.2885,39.4738
-7.1406364e-05,-119.9218,39.5239
0.00021123886,-120.4549,38.57567
0.00021123886,-120.094,38.62627
0.00021123886,-120.5208,38.8577
0.00021123886,-120.1582,38.90858
0.00021123886,-119.795,38.9581
0.00021123886,-120.223,39.19109
0.00021123886,-119.8581,39.24089
0.00021123886,-120.2885,39.4738
0.00021123886,-119.9218,39.5239
-6.7949295e-05,-120.4549,38.57567
-6.7949295e-05,-120.094,38.62627
-6.7949295e-05,-120.5208,38.8577
-0.00019288063,-120.1582,38.90858
-6.7949295e-05,-119.795,38.9581
-6.7949295e-05,-120.223,39.19109
-6.7949295e-05,-119.8581,39.24089
-6.7949295e-05,-120.2885,39.4738
-0.00019288063,-119.9218,39.5239
-0.019948244,-120.4549,38.57567
-0.010323286,-120.094,38.62627
-0.022698402,-120.5208,38.8577
-0.011948347,-120.1582,38.90858
-0.008198261,-119.795,38.9581
-0.017573595,-120.223,39.19109
-0.013323545,-119.8581,39.24089
-0.023573399,-120.2885,39.4738
-0.03319812,-119.9218,39.5239
-0.00016057491,-120.4549,38.57567
-0.00016057491,-120.094,38.62627
-0.00016057491,-120.5208,38.8577
-0.00016057491,-120.1582,38.90858
-0.00016057491,-119.795,38.9581
-0.00016057491,-120.223,39.19109
-0.00016057491,-119.8581,39.24089
-0.00016057491,-120.2885,39.4738
-0.00016057491,-119.9218,39.5239
5.841255e-06,-120.4549,38.57567
5.841255e-06,-120.094,38.62627
5.841255e-06,-120.5208,38.8577
5.841255e-06,-120.1582,38.90858
5.841255e-06,-119.795,38.9581
5.841255e-06,-120.223,39.19109
5.841255e-06,-119.8581,39.24089
5.841255e-06,-120.2885,39.4738
5.841255e-06,-119.9218,39.5239
-6.532669e-05,-120.4549,38.57567
5.9604645e-05,-120.094,38.62627
0.0029346943,-120.5208,38.8577
-6.532669e-05,-120.1582,38.90858
-0.00044035912,-119.795,38.9581
0.17443466,-120.223,39.19109
-0.00019025803,-119.8581,39.24089
0.1574347,-120.2885,39.4738
0.00043463707,-119.9218,39.5239
5.030632e-05,-120.4549,38.57567
5.030632e-05,-120.094,38.62627
5.030632e-05,-120.5208,38.8577
5.030632e-05,-120.1582,38.90858
5.030632e-05,-119.795,38.9581
5.030632e-05,-120.223,39.19109
5.030632e-05,-119.8581,39.24089
5.030632e-05,-120.2885,39.4738
5.030632e-05,-119.9218,39.5239
-0.00024795532,-120.4549,38.57567
-0.00012302399,-120.094,38.62627
-0.00012302399,-120.5208,38.8577
-0.00012302399,-120.1582,38.90858
-0.00012302399,-119.795,38.9581
-0.00012302399,-120.223,39.19109
-0.00012302399,-119.8581,39.24089
-0.00012302399,-120.2885,39.4738
-0.00012302399,-119.9218,39.5239
-0.011351347,-120.4549,38.57567
-0.00772655,-120.094,38.62627
-0.006101012,-120.5208,38.8577
-0.0084763765,-120.1582,38.90858
-0.009476423,-119.795,38.9581
-0.0036011934,-120.223,39.19109
-0.005976081,-119.8581,39.24089
-0.0008510351,-120.2885,39.4738
-0.002601266,-119.9218,39.5239
2.0623207e-05,-120.4549,38.57567
2.0623207e-05,-120.094,38.62627
2.0623207e-05,-120.5208,38.8577
2.0623207e-05,-120.1582,38.90858
2.0623207e-05,-119.795,38.9581
2.0623207e-05,-120.223,39.19109
2.0623207e-05,-119.8581,39.24089
2.0623207e-05,-120.2885,39.4738
2.0623207e-05,-119.9218,39.5239
0.0002682209,-120.4549,38.57567
0.0002682209,-120.094,38.62627
0.0002682209,-120.5208,38.8577
0.0002682209,-120.1582,38.90858
0.0002682209,-119.795,38.9581
0.0002682209,-120.223,39.19109
0.0002682209,-119.8581,39.24089
0.0002682209,-120.2885,39.4738
0.0002682209,-119.9218,39.5239
0.0044751167,-120.4549,38.57567
0.010725021,-120.094,38.62627
0.0033500195,-120.5208,38.8577
0.002600193,-120.1582,38.90858
0.00034999847,-119.795,38.9581
0.00022506714,-120.223,39.19109
0.00022506714,-119.8581,39.24089
0.00022506714,-120.2885,39.4738
0.00022506714,-119.9218,39.5239
0.00062179565,-120.4549,38.57567
0.0038719177,-120.094,38.62627
0.000121831894,-120.5208,38.8577
0.000121831894,-120.1582,38.90858
-3.0994415e-06,-119.795,38.9581
-0.0001282692,-120.223,39.19109
-0.0001282692,-119.8581,39.24089
-0.0001282692,-120.2885,39.4738
-0.0001282692,-119.9218,39.5239
0.000248909,-120.4549,38.57567
0.000248909,-120.094,38.62627
0.000248909,-120.5208,38.8577
0.000248909,-120.1582,38.90858
0.00037407875,-119.795,38.9581
0.0006239414,-120.223,39.19109
0.0006239414,-119.8581,39.24089
0.0012490749,-120.2885,39.4738
0.0006239414,-119.9218,39.5239
0.00016391277,-120.4549,38.57567
0.00016391277,-120.094,38.62627
0.00016391277,-120.5208,38.8577
0.00016391277,-120.1582,38.90858
0.00016391277,-119.795,38.9581
0.00016391277,-120.223,39.19109
0.00016391277,-119.8581,39.24089
0.00016391277,-120.2885,39.4738
0.00016391277,-119.9218,39.5239
0.010028005,-120.4549,38.57567
0.019027948,-120.094,38.62627
0.011027932,-120.5208,38.8577
0.006027937,-120.1582,38.90858
0.0026528835,-119.795,38.9581
-9.703636e-05,-120.223,39.19109
2.7894974e-05,-119.8581,39.24089
2.7894974e-05,-120.2885,39.4738
2.7894974e-05,-119.9218,39.5239
0.018105268,-120.4549,38.57567
0.30760503,-120.094,38.62627
0.052355528,-120.5208,38.8577
0.24623013,-120.1582,38.90858
0.24060535,-119.795,38.9581
0.2782302,-120.223,39.19109
0.07698047,-119.8581,39.24089
0.081980824,-120.2885,39.4738
0.04535544,-119.9218,39.5239
0.0092897415,-120.4549,38.57567
0.028915048,-120.094,38.62627
0.0022898912,-120.5208,38.8577
0.016665101,-120.1582,38.90858
0.096789956,-119.795,38.9581
0.03228998,-120.223,39.19109
0.12516499,-119.8581,39.24089
0.029914975,-120.2885,39.4738
0.06878984,-119.9218,39.5239
-0.00015842915,-120.4549,38.57567
-0.00015842915,-120.094,38.62627
0.00071656704,-120.5208,38.8577
-3.325939e-05,-120.1582,38.90858
-3.325939e-05,-119.795,38.9581
0.0024665594,-120.223,39.19109
-3.325939e-05,-119.8581,39.24089
0.0012165308,-120.2885,39.4738
0.00021660328,-119.9218,39.5239
0.0003091097,-120.4549,38.57567
0.0003091097,-120.094,38.62627
0.0003091097,-120.5208,38.8577
0.0003091097,-120.1582,38.90858
0.0003091097,-119.795,38.9581
0.0003091097,-120.223,39.19109
0.0003091097,-119.8581,39.24089
0.0003091097,-120.2885,39.4738
0.0003091097,-119.9218,39.5239
0.00044679642,-120.4549,38.57567
0.00044679642,-120.094,38.62627
0.00044679642,-120.5208,38.8577
0.00044679642,-120.1582,38.90858
0.00044679642,-119.795,38.9581
0.00094652176,-120.223,39.19109
0.00044679642,-119.8581,39.24089
0.001821518,-120.2885,39.4738
0.00094652176,-119.9218,39.5239
0.00038552284,-120.4549,38.57567
0.00038552284,-120.094,38.62627
0.00038552284,-120.5208,38.8577
0.00038552284,-120.1582,38.90858
0.00038552284,-119.795,38.9581
0.00038552284,-120.223,39.19109
0.00038552284,-119.8581,39.24089
0.00038552284,-120.2885,39.4738
0.00038552284,-119.9218,39.5239
-0.24159598,-120.4549,38.57567
0.057779074,-120.094,38.62627
-0.07672095,-120.5208,38.8577
0.059278965,-120.1582,38.90858
0.018279076,-119.795,38.9581
-0.022721052,-120.223,39.19109
0.004404068,-119.8581,39.24089
-0.044220924,-120.2885,39.4738
-0.0067210197,-119.9218,39.5239
-0.12811327,-120.4549,38.57567
0.006762266,-120.094,38.62627
0.28926206,-120.5208,38.8577
0.03113687,-120.1582,38.90858
0.022387028,-119.795,38.9581
0.09113729,-120.223,39.19109
0.012512207,-119.8581,39.24089
0.033262134,-120.2885,39.4738
-0.015862823,-119.9218,39.5239
-0.004425049,-120.4549,38.57567
-0.0003004074,-120.094,38.62627
-0.010425568,-120.5208,38.8577
-0.0009255409,-120.1582,38.90858
-0.00017547607,-119.795,38.9581
-0.007425308,-120.223,39.19109
-0.0014252663,-119.8581,39.24089
-0.0053002834,-120.2885,39.4738
-0.005425453,-119.9218,39.5239
-0.0009095669,-120.4549,38.57567
0.0010905266,-120.094,38.62627
-3.4332275e-05,-120.5208,38.8577
9.059906e-05,-120.1582,38.90858
9.059906e-05,-119.795,38.9581
9.059906e-05,-120.223,39.19109
9.059906e-05,-119.8581,39.24089
0.0002155304,-120.2885,39.4738
9.059906e-05,-119.9218,39.5239
-0.00030589104,-120.4549,38.57567
6.914139e-05,-120.094,38.62627
6.914139e-05,-120.5208,38.8577
6.914139e-05,-120.1582,38.90858
6.914139e-05,-119.795,38.9581
6.914139e-05,-120.223,39.19109
6.914139e-05,-119.8581,39.24089
6.914139e-05,-120.2885,39.4738
6.914139e-05,-119.9218,39.5239
0.00026154518,-120.4549,38.57567
0.0011365414,-120.094,38.62627
-0.00011372566,-120.5208,38.8577
-0.00011372566,-120.1582,38.90858
-0.00011372566,-119.795,38.9581
-0.00011372566,-120.223,39.19109
-0.00011372566,-119.8581,39.24089
-0.00011372566,-120.2885,39.4738
-0.00011372566,-119.9218,39.5239
0.028306127,-120.4549,38.57567
0.046931148,-120.094,38.62627
0.032681108,-120.5208,38.8577
0.046431184,-120.1582,38.90858
0.02293098,-119.795,38.9581
0.028181195,-120.223,39.19109
0.014056087,-119.8581,39.24089
0.015181184,-120.2885,39.4738
0.009931207,-119.9218,39.5239
0.3578725,-120.4549,38.57567
3.4614978,-120.094,38.62627
1.8001226,-120.5208,38.8577
2.1708727,-120.1582,38.90858
0.76137257,-119.795,38.9581
2.3108726,-120.223,39.19109
0.8802476,-119.8581,39.24089
2.3588727,-120.2885,39.4738
0.7693726,-119.9218,39.5239
2.9384525,-120.4549,38.57567
3.4792025,-120.094,38.62627
2.369578,-120.5208,38.8577
2.4834528,-120.1582,38.90858
1.8398278,-119.795,38.9581
2.8858278,-120.223,39.19109
1.3348277,-119.8581,39.24089
2.8759527,-120.2885,39.4738
0.9625776,-119.9218,39.5239
2.161252,-120.4549,38.57567
1.7217519,-120.094,38.62627
1.1543765,-120.5208,38.8577
0.8703768,-120.1582,38.90858
0.37125206,-119.795,38.9581
0.54775155,-120.223,39.19109
0.326002,-119.8581,39.24089
0.88787687,-120.2885,39.4738
0.029876709,-119.9218,39.5239
0.40096474,-120.4549,38.57567
0.13584042,-120.094,38.62627
0.27758956,-120.5208,38.8577
0.1493392,-120.1582,38.90858
0.09708905,-119.795,38.9581
0.20233917,-120.223,39.19109
0.09021497,-119.8581,39.24089
0.30533957,-120.2885,39.4738
0.15671444,-119.9218,39.5239
-0.0570482,-120.4549,38.57567
0.071952105,-120.094,38.62627
0.0138270855,-120.5208,38.8577
0.104702115,-120.1582,38.90858
0.09245181,-119.795,38.9581
0.06820178,-120.223,39.19109
0.13820207,-119.8581,39.24089
0.0015769005,-120.2885,39.4738
0.02282679,-119.9218,39.5239
-0.009693265,-120.4549,38.57567
0.056681633,-120.094,38.62627
0.07718158,-120.5208,38.8577
0.051306605,-120.1582,38.90858
0.0993067,-119.795,38.9581
0.016931534,-120.223,39.19109
-0.008568406,-119.8581,39.24089
-0.025443435,-120.2885,39.4738
-0.0728184,-119.9218,39.5239
0.06918192,-120.4549,38.57567
0.03255701,-120.094,38.62627
0.06055677,-120.5208,38.8577
0.027056932,-120.1582,38.90858
-0.004692912,-119.795,38.9581
0.013432264,-120.223,39.19109
-0.009193301,-119.8581,39.24089
0.012557149,-120.2885,39.4738
-0.010942936,-119.9218,39.5239
0.0009834766,-120.4549,38.57567
-1.6450882e-05,-120.094,38.62627
0.0018587112,-120.5208,38.8577
0.00060868263,-120.1582,38.90858
-0.00014138222,-119.795,38.9581
-0.00014138222,-120.223,39.19109
0.00010871887,-119.8581,39.24089
0.0018584728,-120.2885,39.4738
0.0072336197,-119.9218,39.5239
0.027009606,-120.4549,38.57567
0.027134418,-120.094,38.62627
0.064884305,-120.5208,38.8577
0.03725934,-120.1582,38.90858
0.020134568,-119.795,38.9581
0.04138422,-120.223,39.19109
0.0062594414,-119.8581,39.24089
0.022134542,-120.2885,39.4738
0.0136345625,-119.9218,39.5239
-0.07389808,-120.4549,38.57567
0.0232265,-120.094,38.62627
-0.18564832,-120.5208,38.8577
0.030226469,-120.1582,38.90858
0.008726358,-119.795,38.9581
0.053851604,-120.223,39.19109
0.0022263527,-119.8581,39.24089
0.027351737,-120.2885,39.4738
0.0026016235,-119.9218,39.5239
0.4136672,-120.4549,38.57567
0.9660423,-120.094,38.62627
0.60941744,-120.5208,38.8577
1.3421675,-120.1582,38.90858
0.40866768,-119.795,38.9581
0.5509175,-120.223,39.19109
0.2534175,-119.8581,39.24089
0.32841718,-120.2885,39.4738
0.14966726,-119.9218,39.5239
0.44050217,-120.4549,38.57567
0.40187764,-120.094,38.62627
0.55662704,-120.5208,38.8577
0.47975183,-120.1582,38.90858
0.12825227,-119.795,38.9581
0.5838773,-120.223,39.19109
0.33675194,-119.8581,39.24089
0.46800208,-120.2885,39.4738
0.30725217,-119.9218,39.5239
0.123886704,-120.4549,38.57567
0.05226159,-120.094,38.62627
0.051261783,-120.5208,38.8577
0.033136725,-120.1582,38.90858
-0.019613385,-119.795,38.9581
0.012637138,-120.223,39.19109
-0.025488257,-119.8581,39.24089
0.0068867207,-120.2885,39.4738
-0.015237808,-119.9218,39.5239
0.022239208,-120.4549,38.57567
0.0037395954,-120.094,38.62627
0.02861476,-120.5208,38.8577
0.0042393208,-120.1582,38.90858
0.00023937225,-119.795,38.9581
0.0051145554,-120.223,39.19109
-1.04904175e-05,-119.8581,39.24089
0.0011143684,-120.2885,39.4738
0.000364542,-119.9218,39.5239
0.08102977,-120.4549,38.57567
0.12165451,-120.094,38.62627
0.17177951,-120.5208,38.8577
0.14152944,-120.1582,38.90858
0.0650295,-119.795,38.9581
0.12840438,-120.223,39.19109
0.03915441,-119.8581,39.24089
0.046654582,-120.2885,39.4738
0.022779584,-119.9218,39.5239
0.1579994,-120.4549,38.57567
0.21574974,-120.094,38.62627
0.38462424,-120.5208,38.8577
0.15037417,-120.1582,38.90858
0.02674985,-119.795,38.9581
0.0954994,-120.223,39.19109
-0.024125576,-119.8581,39.24089
-0.0011255741,-120.2885,39.4738
-0.065000415,-119.9218,39.5239
0.014009595,-120.4549,38.57567
0.008259535,-120.094,38.62627
0.00488472,-120.5208,38.8577
0.002509594,-120.1582,38.90858
9.536743e-06,-119.795,38.9581
0.00063467026,-120.223,39.19109
9.536743e-06,-119.8581,39.24089
0.00013458729,-120.2885,39.4738
-0.001865387,-119.9218,39.5239
0.0021893978,-120.4549,38.57567
0.00081443787,-120.094,38.62627
0.0086894035,-120.5208,38.8577
0.0031893253,-120.1582,38.90858
0.007564187,-119.795,38.9581
0.00081419945,-120.223,39.19109
0.002064228,-119.8581,39.24089
0.008564353,-120.2885,39.4738
0.010564089,-119.9218,39.5239
0.004921496,-120.4549,38.57567
0.004421413,-120.094,38.62627
0.019421935,-120.5208,38.8577
0.006421387,-120.1582,38.90858
-7.8201294e-05,-119.795,38.9581
0.00067186356,-120.223,39.19109
-7.8201294e-05,-119.8581,39.24089
0.0006715059,-120.2885,39.4738
-7.8201294e-05,-119.9218,39.5239
0.0003902912,-120.4549,38.57567
0.00026512146,-120.094,38.62627
0.00051522255,-120.5208,38.8577
0.0003902912,-120.1582,38.90858
1.5258789e-05,-119.795,38.9581
1.5258789e-05,-120.223,39.19109
1.5258789e-05,-119.8581,39.24089
0.0012652874,-120.2885,39.4738
1.5258789e-05,-119.9218,39.5239
8.106232e-06,-120.4549,38.57567
8.106232e-06,-120.094,38.62627
8.106232e-06,-120.5208,38.8577
8.106232e-06,-120.1582,38.90858
8.106232e-06,-119.795,38.9581
8.106232e-06,-120.223,39.19109
8.106232e-06,-119.8581,39.24089
8.106232e-06,-120.2885,39.4738
8.106232e-06,-119.9218,39.5239
-0.1125226,-120.4549,38.57567
0.09122741,-120.094,38.62627
-0.06714749,-120.5208,38.8577
0.26872742,-120.1582,38.90858
0.12485254,-119.795,38.9581
0.22885263,-120.223,39.19109
0.15747738,-119.8581,39.24089
0.2084775,-120.2885,39.4738
0.08222747,-119.9218,39.5239
2.5000854,-120.4549,38.57567
2.3647103,-120.094,38.62627
2.7335858,-120.5208,38.8577
1.7975856,-120.1582,38.90858
0.5834608,-119.795,38.9581
2.0725853,-120.223,39.19109
0.5913354,-119.8581,39.24089
1.3309605,-120.2885,39.4738
0.115210176,-119.9218,39.5239
1.6515805,-120.4549,38.57567
1.1248302,-120.094,38.62627
0.90770555,-120.5208,38.8577
0.46320534,-120.1582,38.90858
-0.3034197,-119.795,38.9581
0.2438302,-120.223,39.19109
-0.38691974,-119.8581,39.24089
0.23583019,-120.2885,39.4738
-0.10641992,-119.9218,39.5239
0.096981525,-120.4549,38.57567
0.15110683,-120.094,38.62627
0.14835691,-120.5208,38.8577
0.13898182,-120.1582,38.90858
0.018106818,-119.795,38.9581
0.042731762,-120.223,39.19109
-0.024018407,-119.8581,39.24089
0.050481796,-120.2885,39.4738
-0.03139329,-119.9218,39.5239
0.002703309,-120.4549,38.57567
0.0032032728,-120.094,38.62627
0.011703134,-120.5208,38.8577
0.0050780773,-120.1582,38.90858
0.0013279915,-119.795,38.9581
0.001953125,-120.223,39.19109
-0.008796811,-119.8581,39.24089
0.00057828426,-120.2885,39.4738
0.00032806396,-119.9218,39.5239
-0.101920605,-120.4549,38.57567
0.085954905,-120.094,38.62627
-0.072045326,-120.5208,38.8577
0.0394547,-120.1582,38.90858
0.21382976,-119.795,38.9581
0.016579628,-120.223,39.19109
0.04045427,-119.8581,39.24089
0.0033293962,-120.2885,39.4738
0.0010795593,-119.9218,39.5239
0.016766787,-120.4549,38.57567
0.045266867,-120.094,38.62627
0.0040169954,-120.5208,38.8577
0.16526687,-120.1582,38.90858
0.32651722,-119.795,38.9581
0.091766834,-120.223,39.19109
0.18139195,-119.8581,39.24089
0.028017044,-120.2885,39.4738
0.051016808,-119.9218,39.5239
0.005817175,-120.4549,38.57567
0.00019216537,-120.094,38.62627
-5.7816505e-05,-120.5208,38.8577
-5.7816505e-05,-120.1582,38.90858
-5.7816505e-05,-119.795,38.9581
-5.7816505e-05,-120.223,39.19109
-5.7816505e-05,-119.8581,39.24089
-5.7816505e-05,-120.2885,39.4738
-5.7816505e-05,-119.9218,39.5239
0.0010881424,-120.4549,38.57567
0.00021338463,-120.094,38.62627
0.0008382797,-120.5208,38.8577
0.0018382072,-120.1582,38.90858
0.0007133484,-119.795,38.9581
8.8214874e-05,-120.223,39.19109
-0.00028657913,-119.8581,39.24089
-0.0004117489,-120.2885,39.4738
-0.00028681755,-119.9218,39.5239
0.03992057,-120.4549,38.57567
0.055170536,-120.094,38.62627
0.02329576,-120.5208,38.8577
0.015295625,-120.1582,38.90858
0.0032955408,-119.795,38.9581
0.001170516,-120.223,39.19109
0.00017082691,-119.8581,39.24089
0.00017082691,-120.2885,39.4738
0.00017082691,-119.9218,39.5239
0.00027012825,-120.4549,38.57567
0.00027012825,-120.094,38.62627
0.008270264,-120.5208,38.8577
0.0003950596,-120.1582,38.90858
0.00014519691,-119.795,38.9581
0.0003950596,-120.223,39.19109
0.00014519691,-119.8581,39.24089
0.00014519691,-120.2885,39.4738
0.00014519691,-119.9218,39.5239
-0.0002387762,-120.4549,38.57567
-0.0002387762,-120.094,38.62627
-0.0002387762,-120.5208,38.8577
-0.0002387762,-120.1582,38.90858
-0.0002387762,-119.795,38.9581
-0.0002387762,-120.223,39.19109
-0.0002387762,-119.8581,39.24089
-0.0002387762,-120.2885,39.4738
-0.0002387762,-119.9218,39.5239
0.0031330585,-120.4549,38.57567
0.002133131,-120.094,38.62627
0.0052580833,-120.5208,38.8577
0.00050807,-120.1582,38.90858
8.106232e-06,-119.795,38.9581
0.0012581348,-120.223,39.19109
8.106232e-06,-119.8581,39.24089
0.003258109,-120.2885,39.4738
8.106232e-06,-119.9218,39.5239
0.12133962,-120.4549,38.57567
0.1529643,-120.094,38.62627
0.10721427,-120.5208,38.8577
0.080964625,-120.1582,38.90858
0.026589572,-119.795,38.9581
0.042339385,-120.223,39.19109
0.00471431,-119.8581,39.24089
0.033464372,-120.2885,39.4738
0.0048393607,-119.9218,39.5239
-0.19354129,-120.4549,38.57567
0.086833954,-120.094,38.62627
-0.20966661,-120.5208,38.8577
-0.0036662817,-120.1582,38.90858
0.021333814,-119.795,38.9581
0.024583697,-120.223,39.19109
0.015333533,-119.8581,39.24089
0.09983373,-120.2885,39.4738
0.022958755,-119.9218,39.5239
0.0015310049,-120.4549,38.57567
0.00078105927,-120.094,38.62627
0.0020310879,-120.5208,38.8577
0.0035309792,-120.1582,38.90858
0.00078105927,-119.795,38.9581
0.00078105927,-120.223,39.19109
0.0002809763,-119.8581,39.24089
0.0002809763,-120.2885,39.4738
0.0005309582,-119.9218,39.5239
0.009223938,-120.4549,38.57567
0.006474018,-120.094,38.62627
-0.02165103,-120.5208,38.8577
0.016848803,-120.1582,38.90858
-0.0010259151,-119.795,38.9581
0.0029740334,-120.223,39.19109
-0.0049009323,-119.8581,39.24089
-0.003401041,-120.2885,39.4738
-0.0052759647,-119.9218,39.5239
0.06891298,-120.4549,38.57567
0.049538255,-120.094,38.62627
0.016162753,-120.5208,38.8577
0.024037957,-120.1582,38.90858
0.0005377531,-119.795,38.9581
0.0030378103,-120.223,39.19109
-0.00021183491,-119.8581,39.24089
0.025288224,-120.2885,39.4738
3.8027763e-05,-119.9218,39.5239
0.29378033,-120.4549,38.57567
1.1266553,-120.094,38.62627
-0.00021982193,-120.5208,38.8577
0.042405367,-120.1582,38.90858
0.091530085,-119.795,38.9581
-0.0007197857,-120.223,39.19109
-0.00096964836,-119.8581,39.24089
-0.00096964836,-120.2885,39.4738
-0.00096964836,-119.9218,39.5239
-0.00042581558,-120.4549,38.57567
-0.00042581558,-120.094,38.62627
-0.00042581558,-120.5208,38.8577
-0.00042581558,-120.1582,38.90858
-0.00042581558,-119.795,38.9581
-0.00042581558,-120.223,39.19109
-0.00042581558,-119.8581,39.24089
-0.00042581558,-120.2885,39.4738
-0.00042581558,-119.9218,39.5239
-0.0002887249,-120.4549,38.57567
-0.0002887249,-120.094,38.62627
-0.0002887249,-120.5208,38.8577
-0.0002887249,-120.1582,38.90858
-0.0002887249,-119.795,38.9581
-0.0002887249,-120.223,39.19109
-0.0002887249,-119.8581,39.24089
-0.00016355515,-120.2885,39.4738
-0.0002887249,-119.9218,39.5239
0.00039553642,-120.4549,38.57567
0.0002706051,-120.094,38.62627
0.00039553642,-120.5208,38.8577
0.0002706051,-120.1582,38.90858
0.00039553642,-119.795,38.9581
0.0002706051,-120.223,39.19109
0.00039553642,-119.8581,39.24089
0.00014567375,-120.2885,39.4738
0.00039553642,-119.9218,39.5239
8.8214874e-05,-120.4549,38.57567
8.8214874e-05,-120.094,38.62627
8.8214874e-05,-120.5208,38.8577
8.8214874e-05,-120.1582,38.90858
8.8214874e-05,-119.795,38.9581
8.8214874e-05,-120.223,39.19109
8.8214874e-05,-119.8581,39.24089
8.8214874e-05,-120.2885,39.4738
8.8214874e-05,-119.9218,39.5239
4.196167e-05,-120.4549,38.57567
4.196167e-05,-120.094,38.62627
4.196167e-05,-120.5208,38.8577
4.196167e-05,-120.1582,38.90858
4.196167e-05,-119.795,38.9581
4.196167e-05,-120.223,39.19109
4.196167e-05,-119.8581,39.24089
4.196167e-05,-120.2885,39.4738
4.196167e-05,-119.9218,39.5239
0.00032544136,-120.4549,38.57567
0.00057530403,-120.094,38.62627
0.0024502277,-120.5208,38.8577
0.00070023537,-120.1582,38.90858
0.00032520294,-119.795,38.9581
0.007700205,-120.223,39.19109
0.0002002716,-119.8581,39.24089
0.004700303,-120.2885,39.4738
0.00032520294,-119.9218,39.5239
0.0001578331,-120.4549,38.57567
0.0001578331,-120.094,38.62627
0.0001578331,-120.5208,38.8577
0.0001578331,-120.1582,38.90858
0.0001578331,-119.795,38.9581
0.0001578331,-120.223,39.19109
0.0001578331,-119.8581,39.24089
0.0001578331,-120.2885,39.4738
0.0001578331,-119.9218,39.5239
0.00074601173,-120.4549,38.57567
-0.0016288757,-120.094,38.62627
0.0009961128,-120.5208,38.8577
-0.0008788109,-120.1582,38.90858
-4.053116e-06,-119.795,38.9581
-0.00075411797,-120.223,39.19109
0.0009961128,-119.8581,39.24089
-0.00037908554,-120.2885,39.4738
0.0008711815,-119.9218,39.5239
0.0005556345,-120.4549,38.57567
0.0005556345,-120.094,38.62627
0.0005556345,-120.5208,38.8577
0.0005556345,-120.1582,38.90858
0.0005556345,-119.795,38.9581
0.0005556345,-120.223,39.19109
0.0005556345,-119.8581,39.24089
0.0005556345,-120.2885,39.4738
0.0005556345,-119.9218,39.5239
-0.00075519085,-120.4549,38.57567
-0.00075519085,-120.094,38.62627
-0.00075519085,-120.5208,38.8577
-0.00075519085,-120.1582,38.90858
-0.00075519085,-119.795,38.9581
-0.00075519085,-120.223,39.19109
-0.00075519085,-119.8581,39.24089
-0.00075519085,-120.2885,39.4738
-0.00075519085,-119.9218,39.5239
0.00011229515,-120.4549,38.57567
0.00011229515,-120.094,38.62627
-0.0020126104,-120.5208,38.8577
-0.00051259995,-120.1582,38.90858
-0.00026273727,-119.795,38.9581
-0.0007625818,-120.223,39.19109
-0.00051271915,-119.8581,39.24089
-0.001262784,-120.2885,39.4738
-0.00076270103,-119.9218,39.5239
