dpt,lon,lat
268.3723,-120.4549,38.57567
260.53735,-120.094,38.62627
267.41626,-120.5208,38.8577
262.4895,-120.1582,38.90858
263.0813,-119.795,38.9581
264.28735,-120.223,39.19109
264.4602,-119.8581,39.24089
262.92505,-120.2885,39.4738
266.89868,-119.9218,39.5239
261.75632,-120.4549,38.57567
255.5903,-120.094,38.62627
261.7983,-120.5208,38.8577
257.4692,-120.1582,38.90858
258.72702,-119.795,38.9581
259.01218,-120.223,39.19109
260.08835,-119.8581,39.24089
258.43698,-120.2885,39.4738
261.3989,-119.9218,39.5239
271.75113,-120.4549,38.57567
264.48648,-120.094,38.62627
271.34976,-120.5208,38.8577
265.55484,-120.1582,38.90858
266.3273,-119.795,38.9581
267.79312,-120.223,39.19109
266.2482,-119.8581,39.24089
265.38687,-120.2885,39.4738
266.9357,-119.9218,39.5239
271.38058,-120.4549,38.57567
261.0505,-120.094,38.62627
270.71457,-120.5208,38.8577
263.1511,-120.1582,38.90858
263.95578,-119.795,38.9581
265.28683,-120.223,39.19109
264.06027,-119.8581,39.24089
262.56808,-120.2885,39.4738
266.4011,-119.9218,39.5239
271.04285,-120.4549,38.57567
262.25476,-120.094,38.62627
269.3651,-120.5208,38.8577
263.58777,-120.1582,38.90858
264.95593,-119.795,38.9581
264.94324,-120.223,39.19109
264.51453,-119.8581,39.24089
262.77332,-120.2885,39.4738
266.76257,-119.9218,39.5239
270.8723,-120.4549,38.57567
259.18088,-120.094,38.62627
269.52368,-120.5208,38.8577
260.38693,-120.1582,38.90858
259.17502,-119.795,38.9581
263.53247,-120.223,39.19109
259.8762,-119.8581,39.24089
259.91428,-120.2885,39.4738
262.8938,-119.9218,39.5239
275.6157,-120.4549,38.57567
272.144,-120.094,38.62627
276.4233,-120.5208,38.8577
272.4155,-120.1582,38.90858
268.6948,-119.795,38.9581
273.56882,-120.223,39.19109
269.5991,-119.8581,39.24089
272.3276,-120.2885,39.4738
268.8862,-119.9218,39.5239
278.3965,-120.4549,38.57567
274.0186,-120.094,38.62627
280.18265,-120.5208,38.8577
274.15335,-120.1582,38.90858
273.2559,-119.795,38.9581
275.17484,-120.223,39.19109
273.06937,-119.8581,39.24089
273.834,-120.2885,39.4738
271.9717,-119.9218,39.5239
277.0196,-120.4549,38.57567
271.5362,-120.094,38.62627
280.1485,-120.5208,38.8577
272.33795,-120.1582,38.90858
271.75494,-119.795,38.9581
274.08014,-120.223,39.19109
271.9649,-119.8581,39.24089
271.70514,-120.2885,39.4738
271.66412,-119.9218,39.5239
278.53033,-120.4549,38.57567
269.7901,-120.094,38.62627
278.9073,-120.5208,38.8577
270.5362,-120.1582,38.90858
269.89752,-119.795,38.9581
273.06354,-120.223,39.19109
270.41998,-119.8581,39.24089
269.6231,-120.2885,39.4738
270.9444,-119.9218,39.5239
279.14386,-120.4549,38.57567
269.50616,-120.094,38.62627
278.6595,-120.5208,38.8577
270.9124,-120.1582,38.90858
270.2874,-119.795,38.9581
273.15753,-120.223,39.19109
271.06964,-119.8581,39.24089
271.34894,-120.2885,39.4738
272.6966,-119.9218,39.5239
279.11826,-120.4549,38.57567
269.78915,-120.094,38.62627
278.69247,-120.5208,38.8577
270.1202,-120.1582,38.90858
266.78915,-119.795,38.9581
273.00204,-120.223,39.19109
268.3995,-119.8581,39.24089
270.01865,-120.2885,39.4738
270.73447,-119.9218,39.5239
279.57672,-120.4549,38.57567
271.32867,-120.094,38.62627
278.7984,-120.5208,38.8577
271.90973,-120.1582,38.90858
269.64117,-119.795,38.9581
273.66852,-120.223,39.19109
270.50348,-119.8581,39.24089
271.5357,-120.2885,39.4738
271.65387,-119.9218,39.5239
278.84744,-120.4549,38.57567
270.30154,-120.094,38.62627
278.32596,-120.5208,38.8577
271.58182,-120.1582,38.90858
271.62674,-119.795,38.9581
273.16385,-120.223,39.19109
272.04764,-119.8581,39.24089
271.616,-120.2885,39.4738
273.55447,-119.9218,39.5239
275.09967,-120.4549,38.57567
262.57037,-120.094,38.62627
273.74323,-120.5208,38.8577
264.56744,-120.1582,38.90858
266.58112,-119.795,38.9581
266.21198,-120.223,39.19109
266.88385,-119.8581,39.24089
264.9532,-120.2885,39.4738
271.1065,-119.9218,39.5239
274.13818,-120.4549,38.57567
253.95168,-120.094,38.62627
272.40576,-120.5208,38.8577
255.35109,-120.1582,38.90858
260.60498,-119.795,38.9581
261.2456,-120.223,39.19109
261.36572,-119.8581,39.24089
254.86964,-120.2885,39.4738
269.89014,-119.9218,39.5239
276.44623,-120.4549,38.57567
264.36224,-120.094,38.62627
276.18158,-120.5208,38.8577
266.1015,-120.1582,38.90858
262.73236,-119.795,38.9581
270.0761,-120.223,39.19109
266.3261,-119.8581,39.24089
266.88275,-120.2885,39.4738
269.73724,-119.9218,39.5239
281.76578,-120.4549,38.57567
273.34976,-120.094,38.62627
281.1642,-120.5208,38.8577
274.05582,-120.1582,38.90858
273.29898,-119.795,38.9581
275.4855,-120.223,39.19109
273.65738,-119.8581,39.24089
274.1066,-120.2885,39.4738
274.6603,-119.9218,39.5239
280.48285,-120.4549,38.57567
271.85394,-120.094,38.62627
279.476,-120.5208,38.8577
272.70453,-120.1582,38.90858
271.86566,-119.795,38.9581
274.2426,-120.223,39.19109
272.018,-119.8581,39.24089
272.56097,-120.2885,39.4738
273.2641,-119.9218,39.5239
277.9277,-120.4549,38.57567
269.69626,-120.094,38.62627
277.2148,-120.5208,38.8577
270.52927,-120.1582,38.90858
271.19724,-119.795,38.9581
272.37595,-120.223,39.19109
271.04587,-119.8581,39.24089
270.31638,-120.2885,39.4738
272.38083,-119.9218,39.5239
273.74683,-120.4549,38.57567
263.615,-120.094,38.62627
273.0349,-120.5208,38.8577
265.2683,-120.1582,38.90858
266.55444,-119.795,38.9581
268.16968,-120.223,39.19109
267.00366,-119.8581,39.24089
265.5642,-120.2885,39.4738
268.6726,-119.9218,39.5239
269.95764,-120.4549,38.57567
254.86977,-120.094,38.62627
267.5807,-120.5208,38.8577
256.6637,-120.1582,38.90858
260.12366,-119.795,38.9581
261.82874,-120.223,39.19109
260.22522,-119.8581,39.24089
258.5387,-120.2885,39.4738
265.36975,-119.9218,39.5239
266.0574,-120.4549,38.57567
249.09154,-120.094,38.62627
263.75076,-120.5208,38.8577
252.80052,-120.1582,38.90858
256.25854,-119.795,38.9581
260.1033,-120.223,39.19109
258.115,-119.8581,39.24089
256.15308,-120.2885,39.4738
263.70193,-119.9218,39.5239
268.74014,-120.4549,38.57567
260.07608,-120.094,38.62627
268.121,-120.5208,38.8577
260.49698,-120.1582,38.90858
258.70596,-119.795,38.9581
264.32315,-120.223,39.19109
261.65225,-119.8581,39.24089
262.26163,-120.2885,39.4738
264.3212,-119.9218,39.5239
276.983,-120.4549,38.57567
266.80136,-120.094,38.62627
276.60703,-120.5208,38.8577
267.98593,-120.1582,38.90858
265.70078,-119.795,38.9581
271.21445,-120.223,39.19109
267.49667,-119.8581,39.24089
268.60605,-120.2885,39.4738
267.84238,-119.9218,39.5239
275.66998,-120.4549,38.57567
264.7774,-120.094,38.62627
275.43268,-120.5208,38.8577
267.0069,-120.1582,38.90858
265.82037,-119.795,38.9581
269.75592,-120.223,39.19109
267.93073,-119.8581,39.24089
267.94733,-120.2885,39.4738
268.79498,-119.9218,39.5239
271.78723,-120.4549,38.57567
262.50012,-120.094,38.62627
272.38196,-120.5208,38.8577
263.87317,-120.1582,38.90858
259.7921,-119.795,38.9581
267.6886,-120.223,39.19109
260.3097,-119.8581,39.24089
264.54407,-120.2885,39.4738
263.87512,-119.9218,39.5239
273.71008,-120.4549,38.57567
262.15735,-120.094,38.62627
273.86438,-120.5208,38.8577
263.31555,-120.1582,38.90858
258.96594,-119.795,38.9581
269.0011,-120.223,39.19109
262.05286,-119.8581,39.24089
263.92004,-120.2885,39.4738
262.6847,-119.9218,39.5239
276.2862,-120.4549,38.57567
268.08405,-120.094,38.62627
275.34674,-120.5208,38.8577
269.2149,-120.1582,38.90858
270.48444,-119.795,38.9581
270.169,-120.223,39.19109
270.2647,-119.8581,39.24089
268.87604,-120.2885,39.4738
271.128,-119.9218,39.5239
273.11176,-120.4549,38.57567
264.5854,-120.094,38.62627
272.12152,-120.5208,38.8577
265.92523,-120.1582,38.90858
268.25043,-119.795,38.9581
266.75043,-120.223,39.19109
268.64496,-119.8581,39.24089
265.5395,-120.2885,39.4738
270.11176,-119.9218,39.5239
272.53033,-120.4549,38.57567
260.93658,-120.094,38.62627
271.29596,-120.5208,38.8577
261.3985,-120.1582,38.90858
260.58112,-119.795,38.9581
264.41022,-120.223,39.19109
262.25006,-119.8581,39.24089
261.77252,-120.2885,39.4738
264.69342,-119.9218,39.5239
268.99948,-120.4549,38.57567
261.34714,-120.094,38.62627
267.73288,-120.5208,38.8577
263.08737,-120.1582,38.90858
263.5532,-119.795,38.9581
263.80905,-120.223,39.19109
264.87155,-119.8581,39.24089
262.55222,-120.2885,39.4738
265.1909,-119.9218,39.5239
267.00345,-120.4549,38.57567
257.06595,-120.094,38.62627
265.52786,-120.5208,38.8577
259.73,-120.1582,38.90858
261.78275,-119.795,38.9581
260.93607,-120.223,39.19109
263.97122,-119.8581,39.24089
259.56595,-120.2885,39.4738
264.89017,-119.9218,39.5239
265.8332,-120.4549,38.57567
259.77655,-120.094,38.62627
264.76093,-120.5208,38.8577
259.62128,-120.1582,38.90858
260.3742,-119.795,38.9581
262.32245,-120.223,39.19109
261.88788,-119.8581,39.24089
260.4533,-120.2885,39.4738
263.63593,-119.9218,39.5239
271.3967,-120.4549,38.57567
264.96017,-120.094,38.62627
271.3293,-120.5208,38.8577
266.051,-120.1582,38.90858
266.35666,-119.795,38.9581
268.2385,-120.223,39.19109
266.13986,-119.8581,39.24089
266.28537,-120.2885,39.4738
266.8264,-119.9218,39.5239
274.59366,-120.4549,38.57567
266.03506,-120.094,38.62627
273.68155,-120.5208,38.8577
267.55948,-120.1582,38.90858
267.4081,-119.795,38.9581
269.0507,-120.223,39.19109
269.74112,-119.8581,39.24089
268.17667,-120.2885,39.4738
270.99796,-119.9218,39.5239
270.99103,-120.4549,38.57567
264.06915,-120.094,38.62627
270.14044,-120.5208,38.8577
266.45392,-120.1582,38.90858
266.28204,-119.795,38.9581
267.20294,-120.223,39.19109
268.576,-119.8581,39.24089
265.96368,-120.2885,39.4738
269.92755,-119.9218,39.5239
270.74924,-120.4549,38.57567
267.9094,-120.094,38.62627
270.5139,-120.5208,38.8577
267.9387,-120.1582,38.90858
267.9963,-119.795,38.9581
268.53146,-120.223,39.19109
268.71408,-119.8581,39.24089
268.8762,-120.2885,39.4738
270.63205,-119.9218,39.5239
274.5312,-120.4549,38.57567
266.0927,-120.094,38.62627
273.60443,-120.5208,38.8577
267.0146,-120.1582,38.90858
266.94623,-119.795,38.9581
268.4599,-120.223,39.19109
268.05365,-119.8581,39.24089
266.76947,-120.2885,39.4738
269.70502,-119.9218,39.5239
270.69067,-120.4549,38.57567
260.87036,-120.094,38.62627
268.8479,-120.5208,38.8577
262.2776,-120.1582,38.90858
263.15942,-119.795,38.9581
264.469,-120.223,39.19109
264.52368,-119.8581,39.24089
262.7151,-120.2885,39.4738
266.55103,-119.9218,39.5239
273.97037,-120.4549,38.57567
265.3151,-120.094,38.62627
274.57388,-120.5208,38.8577
266.64615,-120.1582,38.90858
262.95572,-119.795,38.9581
269.8268,-120.223,39.19109
265.82974,-119.8581,39.24089
267.34927,-120.2885,39.4738
268.152,-119.9218,39.5239
272.7446,-120.4549,38.57567
258.7993,-120.094,38.62627
273.54733,-120.5208,38.8577
262.3071,-120.1582,38.90858
260.85983,-119.795,38.9581
266.8364,-120.223,39.19109
263.95456,-119.8581,39.24089
263.60593,-120.2885,39.4738
267.7612,-119.9218,39.5239
269.8357,-120.4549,38.57567
257.41968,-120.094,38.62627
266.85522,-120.5208,38.8577
257.56714,-120.1582,38.90858
259.69702,-119.795,38.9581
262.91187,-120.223,39.19109
261.45874,-119.8581,39.24089
257.8025,-120.2885,39.4738
265.36304,-119.9218,39.5239
268.19507,-120.4549,38.57567
263.0105,-120.094,38.62627
267.68335,-120.5208,38.8577
263.3396,-120.1582,38.90858
263.95483,-119.795,38.9581
264.88745,-120.223,39.19109
265.6101,-119.8581,39.24089
263.90112,-120.2885,39.4738
267.3181,-119.9218,39.5239
273.28317,-120.4549,38.57567
263.1279,-120.094,38.62627
272.70212,-120.5208,38.8577
264.832,-120.1582,38.90858
263.88083,-119.795,38.9581
267.2314,-120.223,39.19109
265.58786,-119.8581,39.24089
265.11325,-120.2885,39.4738
267.71872,-119.9218,39.5239
274.74295,-120.4549,38.57567
264.17166,-120.094,38.62627
274.36014,-120.5208,38.8577
265.91776,-120.1582,38.90858
265.04764,-119.795,38.9581
268.78006,-120.223,39.19109
266.3572,-119.8581,39.24089
266.0867,-120.2885,39.4738
268.36697,-119.9218,39.5239
269.53757,-120.4549,38.57567
257.73972,-120.094,38.62627
267.4565,-120.5208,38.8577
255.93503,-120.1582,38.90858
258.26904,-119.795,38.9581
258.8921,-120.223,39.19109
259.81006,-119.8581,39.24089
256.31393,-120.2885,39.4738
262.1909,-119.9218,39.5239
272.11368,-120.4549,38.57567
267.0883,-120.094,38.62627
271.71426,-120.5208,38.8577
267.3705,-120.1582,38.90858
266.9125,-119.795,38.9581
267.8002,-120.223,39.19109
267.49356,-119.8581,39.24089
267.04727,-120.2885,39.4738
266.5922,-119.9218,39.5239
271.76083,-120.4549,38.57567
261.08603,-120.094,38.62627
270.67587,-120.5208,38.8577
262.47177,-120.1582,38.90858
263.91025,-119.795,38.9581
264.85947,-120.223,39.19109
263.99326,-119.8581,39.24089
262.5616,-120.2885,39.4738
266.90732,-119.9218,39.5239
272.94467,-120.4549,38.57567
264.2142,-120.094,38.62627
272.5101,-120.5208,38.8577
265.17514,-120.1582,38.90858
264.91537,-119.795,38.9581
266.723,-120.223,39.19109
265.70053,-119.8581,39.24089
265.4847,-120.2885,39.4738
267.5062,-119.9218,39.5239
273.53943,-120.4549,38.57567
266.5404,-120.094,38.62627
274.0453,-120.5208,38.8577
267.30896,-120.1582,38.90858
267.6244,-119.795,38.9581
269.30212,-120.223,39.19109
267.88025,-119.8581,39.24089
267.05798,-120.2885,39.4738
268.8324,-119.9218,39.5239
270.55685,-120.4549,38.57567
258.30783,-120.094,38.62627
270.81076,-120.5208,38.8577
258.67307,-120.1582,38.90858
260.56857,-119.795,38.9581
262.5295,-120.223,39.19109
262.32346,-119.8581,39.24089
259.2629,-120.2885,39.4738
264.52072,-119.9218,39.5239
272.4379,-120.4549,38.57567
260.6967,-120.094,38.62627
271.95938,-120.5208,38.8577
262.3666,-120.1582,38.90858
260.62735,-119.795,38.9581
266.05313,-120.223,39.19109
262.54532,-119.8581,39.24089
262.70157,-120.2885,39.4738
262.75235,-119.9218,39.5239
271.74783,-120.4549,38.57567
263.0828,-120.094,38.62627
270.92654,-120.5208,38.8577
264.13065,-120.1582,38.90858
264.9158,-119.795,38.9581
265.93924,-120.223,39.19109
265.0496,-119.8581,39.24089
264.00565,-120.2885,39.4738
266.98123,-119.9218,39.5239
265.67627,-120.4549,38.57567
262.58838,-120.094,38.62627
266.52783,-120.5208,38.8577
262.88525,-120.1582,38.90858
263.8169,-119.795,38.9581
263.79053,-120.223,39.19109
264.22705,-119.8581,39.24089
262.56982,-120.2885,39.4738
266.84424,-119.9218,39.5239
267.55988,-120.4549,38.57567
260.85577,-120.094,38.62627
268.4837,-120.5208,38.8577
259.2298,-120.1582,38.90858
259.6136,-119.795,38.9581
264.24152,-120.223,39.19109
261.25714,-119.8581,39.24089
260.0999,-120.2885,39.4738
267.28253,-119.9218,39.5239
269.02197,-120.4549,38.57567
263.32666,-120.094,38.62627
270.0122,-120.5208,38.8577
264.1997,-120.1582,38.90858
266.51904,-119.795,38.9581
265.88135,-120.223,39.19109
267.02197,-119.8581,39.24089
264.3042,-120.2885,39.4738
269.72314,-119.9218,39.5239
272.5901,-120.4549,38.57567
265.3098,-120.094,38.62627
273.15356,-120.5208,38.8577
266.22095,-120.1582,38.90858
265.21704,-119.795,38.9581
268.8567,-120.223,39.19109
266.46606,-119.8581,39.24089
266.60376,-120.2885,39.4738
268.87134,-119.9218,39.5239
276.0913,-120.4549,38.57567
270.32666,-120.094,38.62627
275.67236,-120.5208,38.8577
271.28857,-120.1582,38.90858
270.75146,-119.795,38.9581
272.8208,-120.223,39.19109
271.1167,-119.8581,39.24089
271.06494,-120.2885,39.4738
271.71436,-119.9218,39.5239
273.74664,-120.4549,38.57567
266.6148,-120.094,38.62627
274.32086,-120.5208,38.8577
268.79156,-120.1582,38.90858
268.33063,-119.795,38.9581
270.80328,-120.223,39.19109
269.63824,-119.8581,39.24089
269.4234,-120.2885,39.4738
272.01617,-119.9218,39.5239
275.95532,-120.4549,38.57567
271.2815,-120.094,38.62627
276.47778,-120.5208,38.8577
272.43677,-120.1582,38.90858
271.66138,-119.795,38.9581
273.6848,-120.223,39.19109
272.23364,-119.8581,39.24089
272.49536,-120.2885,39.4738
273.636,-119.9218,39.5239
274.25443,-120.4549,38.57567
265.17142,-120.094,38.62627
275.07962,-120.5208,38.8577
267.19388,-120.1582,38.90858
265.37552,-119.795,38.9581
268.8052,-120.223,39.19109
266.81985,-119.8581,39.24089
268.28763,-120.2885,39.4738
270.6509,-119.9218,39.5239
276.36444,-120.4549,38.57567
272.14764,-120.094,38.62627
276.66522,-120.5208,38.8577
272.85858,-120.1582,38.90858
271.79315,-119.795,38.9581
274.03534,-120.223,39.19109
272.5705,-119.8581,39.24089
272.91327,-120.2885,39.4738
273.34393,-119.9218,39.5239
274.50745,-120.4549,38.57567
266.19006,-120.094,38.62627
275.01526,-120.5208,38.8577
267.859,-120.1582,38.90858
267.54846,-119.795,38.9581
269.11487,-120.223,39.19109
267.81897,-119.8581,39.24089
268.04456,-120.2885,39.4738
271.01038,-119.9218,39.5239
271.93735,-120.4549,38.57567
264.77914,-120.094,38.62627
273.60043,-120.5208,38.8577
266.52524,-120.1582,38.90858
265.8182,-119.795,38.9581
268.40903,-120.223,39.19109
267.035,-119.8581,39.24089
267.53207,-120.2885,39.4738
268.5975,-119.9218,39.5239
273.57724,-120.4549,38.57567
263.76376,-120.094,38.62627
272.77646,-120.5208,38.8577
265.3751,-120.1582,38.90858
264.95224,-119.795,38.9581
266.9044,-120.223,39.19109
267.3165,-119.8581,39.24089
265.66318,-120.2885,39.4738
269.15048,-119.9218,39.5239
273.72583,-120.4549,38.57567
267.54224,-120.094,38.62627
274.2688,-120.5208,38.8577
267.59204,-120.1582,38.90858
267.3186,-119.795,38.9581
269.7151,-120.223,39.19109
268.89478,-119.8581,39.24089
268.68286,-120.2885,39.4738
269.94263,-119.9218,39.5239
274.50156,-120.4549,38.57567
264.54745,-120.094,38.62627
274.483,-120.5208,38.8577
266.31796,-120.1582,38.90858
268.02402,-119.795,38.9581
268.7164,-120.223,39.19109
268.8619,-119.8581,39.24089
266.9205,-120.2885,39.4738
272.78574,-119.9218,39.5239
270.92493,-120.4549,38.57567
248.90833,-120.094,38.62627
271.8839,-120.5208,38.8577
253.94641,-120.1582,38.90858
259.57825,-119.795,38.9581
258.99622,-120.223,39.19109
259.94055,-119.8581,39.24089
256.5509,-120.2885,39.4738
268.35852,-119.9218,39.5239
271.89398,-120.4549,38.57567
257.52484,-120.094,38.62627
272.19867,-120.5208,38.8577
259.16742,-120.1582,38.90858
257.28363,-119.795,38.9581
263.34808,-120.223,39.19109
259.87836,-119.8581,39.24089
261.46527,-120.2885,39.4738
263.67523,-119.9218,39.5239
266.30023,-120.4549,38.57567
256.9428,-120.094,38.62627
264.43988,-120.5208,38.8577
257.47797,-120.1582,38.90858
259.63812,-119.795,38.9581
260.43695,-120.223,39.19109
260.24652,-119.8581,39.24089
258.46136,-120.2885,39.4738
260.09906,-119.9218,39.5239
260.45834,-120.4549,38.57567
251.20152,-120.094,38.62627
258.6556,-120.5208,38.8577
253.31383,-120.1582,38.90858
250.6107,-119.795,38.9581
255.82262,-120.223,39.19109
255.14488,-119.8581,39.24089
254.52672,-120.2885,39.4738
256.00424,-119.9218,39.5239
262.3876,-120.4549,38.57567
261.1601,-120.094,38.62627
262.33487,-120.5208,38.8577
260.7812,-120.1582,38.90858
260.60443,-119.795,38.9581
263.7216,-120.223,39.19109
262.08682,-119.8581,39.24089
262.1894,-120.2885,39.4738
263.33487,-119.9218,39.5239
273.94342,-120.4549,38.57567
269.0362,-120.094,38.62627
274.39948,-120.5208,38.8577
269.95514,-120.1582,38.90858
269.5274,-119.795,38.9581
270.8272,-120.223,39.19109
270.69733,-119.8581,39.24089
270.48737,-120.2885,39.4738
272.07135,-119.9218,39.5239
273.16434,-120.4549,38.57567
259.3362,-120.094,38.62627
268.68973,-120.5208,38.8577
260.07742,-120.1582,38.90858
262.9739,-119.795,38.9581
263.05692,-120.223,39.19109
264.3948,-119.8581,39.24089
262.58328,-120.2885,39.4738
266.37625,-119.9218,39.5239
270.23947,-120.4549,38.57567
258.50705,-120.094,38.62627
266.51974,-120.5208,38.8577
259.8137,-120.1582,38.90858
261.9514,-119.795,38.9581
259.58224,-120.223,39.19109
262.4133,-119.8581,39.24089
260.87912,-120.2885,39.4738
263.34103,-119.9218,39.5239
269.75458,-120.4549,38.57567
260.42938,-120.094,38.62627
267.8288,-120.5208,38.8577
262.89618,-120.1582,38.90858
264.44696,-119.795,38.9581
264.27997,-120.223,39.19109
265.03094,-119.8581,39.24089
263.66864,-120.2885,39.4738
265.0876,-119.9218,39.5239
264.6178,-120.4549,38.57567
257.40393,-120.094,38.62627
263.12073,-120.5208,38.8577
259.4176,-120.1582,38.90858
260.46448,-119.795,38.9581
260.50745,-120.223,39.19109
261.2799,-119.8581,39.24089
260.00647,-120.2885,39.4738
263.2223,-119.9218,39.5239
266.98602,-120.4549,38.57567
258.25165,-120.094,38.62627
264.94696,-120.5208,38.8577
260.46942,-120.1582,38.90858
262.07,-119.795,38.9581
262.4782,-120.223,39.19109
262.32,-119.8581,39.24089
261.42548,-120.2885,39.4738
263.9997,-119.9218,39.5239
270.01083,-120.4549,38.57567
259.20224,-120.094,38.62627
267.76767,-120.5208,38.8577
260.6866,-120.1582,38.90858
262.44736,-119.795,38.9581
263.59286,-120.223,39.19109
263.89365,-119.8581,39.24089
262.89267,-120.2885,39.4738
265.50302,-119.9218,39.5239
271.97327,-120.4549,38.57567
249.9215,-120.094,38.62627
268.4928,-120.5208,38.8577
256.42346,-120.1582,38.90858
261.46936,-119.795,38.9581
260.49768,-120.223,39.19109
263.14124,-119.8581,39.24089
259.31995,-120.2885,39.4738
265.88147,-119.9218,39.5239
272.67377,-120.4549,38.57567
261.03314,-120.094,38.62627
270.6855,-120.5208,38.8577
262.0683,-120.1582,38.90858
261.58392,-119.795,38.9581
264.7099,-120.223,39.19109
262.80267,-119.8581,39.24089
262.7392,-120.2885,39.4738
265.15228,-119.9218,39.5239
271.2474,-120.4549,38.57567
261.26303,-120.094,38.62627
268.97787,-120.5208,38.8577
262.56772,-120.1582,38.90858
263.89975,-119.795,38.9581
263.81284,-120.223,39.19109
264.3607,-119.8581,39.24089
263.0101,-120.2885,39.4738
264.17514,-119.9218,39.5239
273.43872,-120.4549,38.57567
268.6106,-120.094,38.62627
271.4817,-120.5208,38.8577
268.78052,-120.1582,38.90858
269.3518,-119.795,38.9581
268.47974,-120.223,39.19109
269.82446,-119.8581,39.24089
269.67114,-120.2885,39.4738
270.6311,-119.9218,39.5239
273.02283,-120.4549,38.57567
262.3822,-120.094,38.62627
269.59998,-120.5208,38.8577
264.18787,-120.1582,38.90858
266.24646,-119.795,38.9581
264.50818,-120.223,39.19109
267.01306,-119.8581,39.24089
263.81287,-120.2885,39.4738
268.1156,-119.9218,39.5239
263.6151,-120.4549,38.57567
248.75377,-120.094,38.62627
257.5907,-120.5208,38.8577
255.65807,-120.1582,38.90858
259.9657,-119.795,38.9581
257.4276,-120.223,39.19109
261.54382,-119.8581,39.24089
258.98523,-120.2885,39.4738
261.46082,-119.9218,39.5239
266.89044,-120.4549,38.57567
252.12967,-120.094,38.62627
263.79474,-120.5208,38.8577
254.15408,-120.1582,38.90858
260.17752,-119.795,38.9581
259.52908,-120.223,39.19109
262.83282,-119.8581,39.24089
258.64725,-120.2885,39.4738
263.5711,-119.9218,39.5239
264.40698,-120.4549,38.57567
257.65796,-120.094,38.62627
261.14526,-120.5208,38.8577
259.75952,-120.1582,38.90858
263.27515,-119.795,38.9581
261.4109,-120.223,39.19109
264.16772,-119.8581,39.24089
260.88843,-120.2885,39.4738
263.67065,-119.9218,39.5239
268.32117,-120.4549,38.57567
260.1278,-120.094,38.62627
266.72644,-120.5208,38.8577
261.1073,-120.1582,38.90858
264.11218,-119.795,38.9581
262.953,-120.223,39.19109
265.69128,-119.8581,39.24089
261.87195,-120.2885,39.4738
264.2743,-119.9218,39.5239
272.46948,-120.4549,38.57567
265.10815,-120.094,38.62627
270.29565,-120.5208,38.8577
265.27515,-120.1582,38.90858
266.75757,-119.795,38.9581
266.01733,-120.223,39.19109
267.07886,-119.8581,39.24089
264.6394,-120.2885,39.4738
266.23022,-119.9218,39.5239
275.18747,-120.4549,38.57567
261.7539,-120.094,38.62627
273.5781,-120.5208,38.8577
263.51364,-120.1582,38.90858
265.2695,-119.795,38.9581
265.58298,-120.223,39.19109
265.65036,-119.8581,39.24089
263.9824,-120.2885,39.4738
266.93942,-119.9218,39.5239
273.6164,-120.4549,38.57567
260.5158,-120.094,38.62627
271.12518,-120.5208,38.8577
261.97186,-120.1582,38.90858
265.57147,-119.795,38.9581
264.4787,-120.223,39.19109
266.6115,-119.8581,39.24089
262.38202,-120.2885,39.4738
268.20038,-119.9218,39.5239
269.58163,-120.4549,38.57567
261.1451,-120.094,38.62627
267.43808,-120.5208,38.8577
261.4957,-120.1582,38.90858
261.34238,-119.795,38.9581
264.42734,-120.223,39.19109
261.65097,-119.8581,39.24089
261.4537,-120.2885,39.4738
261.21542,-119.9218,39.5239
271.4516,-120.4549,38.57567
258.0639,-120.094,38.62627
268.13324,-120.5208,38.8577
260.1928,-120.1582,38.90858
262.57074,-119.795,38.9581
263.33148,-120.223,39.19109
263.82562,-119.8581,39.24089
261.5063,-120.2885,39.4738
263.55023,-119.9218,39.5239
271.99075,-120.4549,38.57567
253.25343,-120.094,38.62627
269.522,-120.5208,38.8577
257.65967,-120.1582,38.90858
260.49658,-119.795,38.9581
263.01126,-120.223,39.19109
262.61087,-119.8581,39.24089
261.18408,-120.2885,39.4738
266.58548,-119.9218,39.5239
271.99457,-120.4549,38.57567
253.5102,-120.094,38.62627
269.60394,-120.5208,38.8577
255.43988,-120.1582,38.90858
261.10297,-119.795,38.9581
261.69183,-120.223,39.19109
264.15277,-119.8581,39.24089
259.1303,-120.2885,39.4738
265.29047,-119.9218,39.5239
276.54904,-120.4549,38.57567
264.9094,-120.094,38.62627
275.80392,-120.5208,38.8577
266.77853,-120.1582,38.90858
265.57053,-119.795,38.9581
270.5139,-120.223,39.19109
266.5803,-119.8581,39.24089
267.16623,-120.2885,39.4738
267.467,-119.9218,39.5239
275.09625,-120.4549,38.57567
265.34625,-120.094,38.62627
274.42633,-120.5208,38.8577
266.5396,-120.1582,38.90858
266.48883,-119.795,38.9581
269.78375,-120.223,39.19109
266.86578,-119.8581,39.24089
266.50348,-120.2885,39.4738
267.4273,-119.9218,39.5239
265.77478,-120.4549,38.57567
258.05798,-120.094,38.62627
263.80115,-120.5208,38.8577
260.28357,-120.1582,38.90858
260.73962,-119.795,38.9581
260.83728,-120.223,39.19109
260.62244,-119.8581,39.24089
260.43103,-120.2885,39.4738
262.45154,-119.9218,39.5239
270.63065,-120.4549,38.57567
264.21854,-120.094,38.62627
269.80545,-120.5208,38.8577
265.4656,-120.1582,38.90858
263.44998,-119.795,38.9581
267.38748,-120.223,39.19109
265.1873,-119.8581,39.24089
266.48904,-120.2885,39.4738
266.16385,-119.9218,39.5239
274.41763,-120.4549,38.57567
258.42346,-120.094,38.62627
270.5944,-120.5208,38.8577
261.46353,-120.1582,38.90858
266.05142,-119.795,38.9581
265.01724,-120.223,39.19109
266.277,-119.8581,39.24089
263.37857,-120.2885,39.4738
270.28287,-119.9218,39.5239
276.56036,-120.4549,38.57567
259.8377,-120.094,38.62627
274.32013,-120.5208,38.8577
260.825,-120.1582,38.90858
262.6961,-119.795,38.9581
266.59357,-120.223,39.19109
263.617,-119.8581,39.24089
261.97345,-120.2885,39.4738
267.36212,-119.9218,39.5239
278.43225,-120.4549,38.57567
265.20862,-120.094,38.62627
277.25647,-120.5208,38.8577
266.0387,-120.1582,38.90858
264.4098,-119.795,38.9581
271.6588,-120.223,39.19109
265.91858,-119.8581,39.24089
267.03088,-120.2885,39.4738
266.3512,-119.9218,39.5239
277.3181,-120.4549,38.57567
267.656,-120.094,38.62627
276.52222,-120.5208,38.8577
268.3855,-120.1582,38.90858
265.4851,-119.795,38.9581
271.87378,-120.223,39.19109
267.12964,-119.8581,39.24089
268.77417,-120.2885,39.4738
267.3181,-119.9218,39.5239
275.82556,-120.4549,38.57567
264.79138,-120.094,38.62627
275.28748,-120.5208,38.8577
265.71716,-120.1582,38.90858
265.1195,-119.795,38.9581
270.1527,-120.223,39.19109
266.50134,-119.8581,39.24089
267.52966,-120.2885,39.4738
267.79724,-119.9218,39.5239
275.42828,-120.4549,38.57567
265.7857,-120.094,38.62627
274.6773,-120.5208,38.8577
266.98492,-120.1582,38.90858
265.30426,-119.795,38.9581
269.52692,-120.223,39.19109
266.7564,-119.8581,39.24089
267.52692,-120.2885,39.4738
268.19098,-119.9218,39.5239
274.64,-120.4549,38.57567
264.9662,-120.094,38.62627
273.0736,-120.5208,38.8577
266.00818,-120.1582,38.90858
266.0531,-119.795,38.9581
268.65857,-120.223,39.19109
266.7826,-119.8581,39.24089
266.63123,-120.2885,39.4738
268.7074,-119.9218,39.5239
276.04654,-120.4549,38.57567
267.05435,-120.094,38.62627
272.71353,-120.5208,38.8577
267.45474,-120.1582,38.90858
266.48306,-119.795,38.9581
268.51334,-120.223,39.19109
266.60123,-119.8581,39.24089
267.75552,-120.2885,39.4738
268.34146,-119.9218,39.5239
274.99615,-120.4549,38.57567
267.91315,-120.094,38.62627
275.25397,-120.5208,38.8577
268.2442,-120.1582,38.90858
267.5323,-119.795,38.9581
270.6192,-120.223,39.19109
268.13385,-119.8581,39.24089
268.51276,-120.2885,39.4738
270.47662,-119.9218,39.5239
273.22885,-120.4549,38.57567
263.84213,-120.094,38.62627
270.26108,-120.5208,38.8577
265.0179,-120.1582,38.90858
265.20834,-119.795,38.9581
267.6566,-120.223,39.19109
265.47787,-119.8581,39.24089
266.33237,-120.2885,39.4738
266.8314,-119.9218,39.5239
277.70724,-120.4549,38.57567
268.36252,-120.094,38.62627
276.85764,-120.5208,38.8577
269.49924,-120.1582,38.90858
268.11154,-119.795,38.9581
272.1096,-120.223,39.19109
269.23264,-119.8581,39.24089
269.7258,-120.2885,39.4738
269.7053,-119.9218,39.5239
275.5718,-120.4549,38.57567
267.43802,-120.094,38.62627
274.55228,-120.5208,38.8577
268.4966,-120.1582,38.90858
268.4019,-119.795,38.9581
270.2974,-120.223,39.19109
268.7095,-119.8581,39.24089
268.6841,-120.2885,39.4738
269.42728,-119.9218,39.5239
275.80695,-120.4549,38.57567
267.66925,-120.094,38.62627
274.44952,-120.5208,38.8577
268.19366,-120.1582,38.90858
269.2083,-119.795,38.9581
269.24445,-120.223,39.19109
269.52374,-119.8581,39.24089
268.1966,-120.2885,39.4738
270.03253,-119.9218,39.5239
273.87277,-120.4549,38.57567
264.3171,-120.094,38.62627
272.97824,-120.5208,38.8577
265.8464,-120.1582,38.90858
266.59543,-119.795,38.9581
268.10226,-120.223,39.19109
267.38058,-119.8581,39.24089
266.32492,-120.2885,39.4738
268.77707,-119.9218,39.5239
272.53427,-120.4549,38.57567
262.1583,-120.094,38.62627
271.9991,-120.5208,38.8577
263.8253,-120.1582,38.90858
263.15146,-119.795,38.9581
266.78232,-120.223,39.19109
264.7413,-119.8581,39.24089
264.09775,-120.2885,39.4738
266.17392,-119.9218,39.5239
272.13925,-120.4549,38.57567
263.0201,-120.094,38.62627
271.76425,-120.5208,38.8577
264.69296,-120.1582,38.90858
266.358,-119.795,38.9581
267.066,-120.223,39.19109
266.64218,-119.8581,39.24089
264.3951,-120.2885,39.4738
268.6119,-119.9218,39.5239
274.0672,-120.4549,38.57567
261.45197,-120.094,38.62627
272.6463,-120.5208,38.8577
265.1883,-120.1582,38.90858
264.6668,-119.795,38.9581
265.28888,-120.223,39.19109
265.60724,-119.8581,39.24089
263.88947,-120.2885,39.4738
268.01642,-119.9218,39.5239
273.7634,-120.4549,38.57567
263.1882,-120.094,38.62627
271.94113,-120.5208,38.8577
264.26242,-120.1582,38.90858
264.63547,-119.795,38.9581
265.5261,-120.223,39.19109
265.90012,-119.8581,39.24089
264.8718,-120.2885,39.4738
268.33957,-119.9218,39.5239
274.32886,-120.4549,38.57567
263.67065,-120.094,38.62627
273.46167,-120.5208,38.8577
265.2019,-120.1582,38.90858
265.45972,-119.795,38.9581
266.65894,-120.223,39.19109
265.67554,-119.8581,39.24089
265.02612,-120.2885,39.4738
268.73315,-119.9218,39.5239
276.13913,-120.4549,38.57567
265.5532,-120.094,38.62627
276.78073,-120.5208,38.8577
266.15964,-120.1582,38.90858
266.2241,-119.795,38.9581
268.68112,-120.223,39.19109
266.20847,-119.8581,39.24089
266.1733,-120.2885,39.4738
269.14206,-119.9218,39.5239
276.60876,-120.4549,38.57567
267.66833,-120.094,38.62627
275.55212,-120.5208,38.8577
268.3695,-120.1582,38.90858
266.5072,-119.795,38.9581
270.4242,-120.223,39.19109
267.6947,-119.8581,39.24089
268.52087,-120.2885,39.4738
268.75037,-119.9218,39.5239
273.76645,-120.4549,38.57567
265.4774,-120.094,38.62627
273.3104,-120.5208,38.8577
266.26547,-120.1582,38.90858
266.6346,-119.795,38.9581
268.06723,-120.223,39.19109
266.53207,-119.8581,39.24089
265.7137,-120.2885,39.4738
268.02133,-119.9218,39.5239
271.44916,-120.4549,38.57567
261.21283,-120.094,38.62627
271.3515,-120.5208,38.8577
261.27045,-120.1582,38.90858
263.33197,-119.795,38.9581
264.289,-120.223,39.19109
263.63177,-119.8581,39.24089
261.4433,-120.2885,39.4738
265.5644,-119.9218,39.5239
270.3831,-120.4549,38.57567
257.36746,-120.094,38.62627
269.68192,-120.5208,38.8577
257.42313,-120.1582,38.90858
259.73758,-119.795,38.9581
260.76102,-120.223,39.19109
260.70047,-119.8581,39.24089
258.11453,-120.2885,39.4738
263.7415,-119.9218,39.5239
273.51776,-120.4549,38.57567
263.1535,-120.094,38.62627
273.15936,-120.5208,38.8577
264.68475,-120.1582,38.90858
264.23456,-119.795,38.9581
268.34686,-120.223,39.19109
265.0246,-119.8581,39.24089
265.67596,-120.2885,39.4738
267.7697,-119.9218,39.5239
275.2326,-120.4549,38.57567
267.25018,-120.094,38.62627
276.09296,-120.5208,38.8577
268.55292,-120.1582,38.90858
269.20917,-119.795,38.9581
270.97772,-120.223,39.19109
269.216,-119.8581,39.24089
268.70038,-120.2885,39.4738
270.95428,-119.9218,39.5239
275.7278,-120.4549,38.57567
266.179,-120.094,38.62627
276.8655,-120.5208,38.8577
267.6663,-120.1582,38.90858
266.87918,-119.795,38.9581
270.57938,-120.223,39.19109
267.887,-119.8581,39.24089
268.53445,-120.2885,39.4738
269.54227,-119.9218,39.5239
276.43018,-120.4549,38.57567
270.17236,-120.094,38.62627
277.2329,-120.5208,38.8577
270.65186,-120.1582,38.90858
269.86475,-119.795,38.9581
271.83838,-120.223,39.19109
271.39502,-119.8581,39.24089
271.2671,-120.2885,39.4738
272.46826,-119.9218,39.5239
278.9585,-120.4549,38.57567
266.14404,-120.094,38.62627
278.1499,-120.5208,38.8577
268.6919,-120.1582,38.90858
268.11084,-119.795,38.9581
272.1001,-120.223,39.19109
269.27002,-119.8581,39.24089
269.84912,-120.2885,39.4738
271.2251,-119.9218,39.5239
272.60904,-120.4549,38.57567
259.1901,-120.094,38.62627
270.96255,-120.5208,38.8577
261.77505,-120.1582,38.90858
262.07388,-119.795,38.9581
265.32095,-120.223,39.19109
263.37076,-119.8581,39.24089
262.35904,-120.2885,39.4738
264.111,-119.9218,39.5239
268.42395,-120.4549,38.57567
256.82047,-120.094,38.62627
267.57434,-120.5208,38.8577
256.65054,-120.1582,38.90858
260.95618,-119.795,38.9581
260.59583,-120.223,39.19109
260.51672,-119.8581,39.24089
258.89172,-120.2885,39.4738
262.9796,-119.9218,39.5239
272.3334,-120.4549,38.57567
263.31876,-120.094,38.62627
271.14688,-120.5208,38.8577
264.00723,-120.1582,38.90858
264.64786,-119.795,38.9581
266.52286,-120.223,39.19109
265.04727,-119.8581,39.24089
264.53848,-120.2885,39.4738
264.49844,-119.9218,39.5239
277.54437,-120.4549,38.57567
268.57074,-120.094,38.62627
277.0766,-120.5208,38.8577
269.97992,-120.1582,38.90858
267.8012,-119.795,38.9581
272.7348,-120.223,39.19109
269.0434,-119.8581,39.24089
270.55804,-120.2885,39.4738
270.8852,-119.9218,39.5239
274.9336,-120.4549,38.57567
267.82617,-120.094,38.62627
275.28027,-120.5208,38.8577
268.41895,-120.1582,38.90858
270.36133,-119.795,38.9581
269.68652,-120.223,39.19109
269.81738,-119.8581,39.24089
267.90332,-120.2885,39.4738
270.78125,-119.9218,39.5239
274.91443,-120.4549,38.57567
266.76404,-120.094,38.62627
274.25134,-120.5208,38.8577
268.48376,-120.1582,38.90858
269.682,-119.795,38.9581
269.21423,-120.223,39.19109
269.65662,-119.8581,39.24089
268.47693,-120.2885,39.4738
271.4662,-119.9218,39.5239
276.27716,-120.4549,38.57567
267.74884,-120.094,38.62627
275.32892,-120.5208,38.8577
268.84845,-120.1582,38.90858
269.6092,-119.795,38.9581
270.12872,-120.223,39.19109
269.75763,-119.8581,39.24089
269.22638,-120.2885,39.4738
270.9041,-119.9218,39.5239
277.9086,-120.4549,38.57567
269.0209,-120.094,38.62627
278.82462,-120.5208,38.8577
269.61465,-120.1582,38.90858
271.43887,-119.795,38.9581
271.0092,-120.223,39.19109
271.37637,-119.8581,39.24089
270.0629,-120.2885,39.4738
271.5961,-119.9218,39.5239
279.74957,-120.4549,38.57567
268.04645,-120.094,38.62627
279.79352,-120.5208,38.8577
270.7447,-120.1582,38.90858
271.42047,-119.795,38.9581
272.7779,-120.223,39.19109
271.1988,-119.8581,39.24089
269.58942,-120.2885,39.4738
272.41754,-119.9218,39.5239
279.03955,-120.4549,38.57567
267.3999,-120.094,38.62627
280.604,-120.5208,38.8577
268.32568,-120.1582,38.90858
268.03662,-119.795,38.9581
272.29346,-120.223,39.19109
270.53857,-119.8581,39.24089
270.35498,-120.2885,39.4738
272.82568,-119.9218,39.5239
282.8857,-120.4549,38.57567
269.58005,-120.094,38.62627
282.2363,-120.5208,38.8577
271.44626,-120.1582,38.90858
270.3242,-119.795,38.9581
274.17477,-120.223,39.19109
272.17477,-119.8581,39.24089
271.64645,-120.2885,39.4738
272.90036,-119.9218,39.5239
279.00125,-120.4549,38.57567
260.71317,-120.094,38.62627
276.62137,-120.5208,38.8577
263.7327,-120.1582,38.90858
263.15262,-119.795,38.9581
268.3196,-120.223,39.19109
265.26004,-119.8581,39.24089
263.60965,-120.2885,39.4738
264.15262,-119.9218,39.5239
271.53696,-120.4549,38.57567
256.90414,-120.094,38.62627
269.34164,-120.5208,38.8577
260.11215,-120.1582,38.90858
258.81137,-119.795,38.9581
262.43832,-120.223,39.19109
261.04086,-119.8581,39.24089
260.06528,-120.2885,39.4738
260.36508,-119.9218,39.5239
274.10367,-120.4549,38.57567
262.548,-120.094,38.62627
272.67984,-120.5208,38.8577
265.09488,-120.1582,38.90858
263.27945,-119.795,38.9581
266.98355,-120.223,39.19109
264.75406,-119.8581,39.24089
266.6779,-120.2885,39.4738
267.60464,-119.9218,39.5239
277.2766,-120.4549,38.57567
265.0725,-120.094,38.62627
276.86255,-120.5208,38.8577
268.27954,-120.1582,38.90858
267.8518,-119.795,38.9581
271.28833,-120.223,39.19109
270.48364,-119.8581,39.24089
269.9729,-120.2885,39.4738
271.1604,-119.9218,39.5239
279.13467,-120.4549,38.57567
265.82217,-120.094,38.62627
277.63858,-120.5208,38.8577
266.34756,-120.1582,38.90858
267.16983,-119.795,38.9581
269.5341,-120.223,39.19109
267.39053,-119.8581,39.24089
266.97354,-120.2885,39.4738
266.62393,-119.9218,39.5239
280.44086,-120.4549,38.57567
269.101,-120.094,38.62627
279.66937,-120.5208,38.8577
270.13422,-120.1582,38.90858
271.02777,-119.795,38.9581
273.49066,-120.223,39.19109
271.08344,-119.8581,39.24089
270.81195,-120.2885,39.4738
271.7182,-119.9218,39.5239
279.97415,-120.4549,38.57567
267.45267,-120.094,38.62627
279.24954,-120.5208,38.8577
270.2056,-120.1582,38.90858
269.02884,-119.795,38.9581
273.36185,-120.223,39.19109
269.51126,-119.8581,39.24089
270.7427,-120.2885,39.4738
271.7056,-119.9218,39.5239
278.41476,-120.4549,38.57567
263.75558,-120.094,38.62627
277.71945,-120.5208,38.8577
266.31418,-120.1582,38.90858
266.65598,-119.795,38.9581
269.71262,-120.223,39.19109
268.15012,-119.8581,39.24089
267.75558,-120.2885,39.4738
269.9011,-119.9218,39.5239
278.2731,-120.4549,38.57567
268.20767,-120.094,38.62627
277.6735,-120.5208,38.8577
269.20963,-120.1582,38.90858
269.71548,-119.795,38.9581
271.42154,-120.223,39.19109
270.6276,-119.8581,39.24089
269.2272,-120.2885,39.4738
271.8649,-119.9218,39.5239
278.41476,-120.4549,38.57567
266.96555,-120.094,38.62627
279.2888,-120.5208,38.8577
268.572,-120.1582,38.90858
268.75363,-119.795,38.9581
272.70383,-120.223,39.19109
271.71457,-119.8581,39.24089
270.55344,-120.2885,39.4738
272.9421,-119.9218,39.5239
282.12225,-120.4549,38.57567
270.17303,-120.094,38.62627
281.3869,-120.5208,38.8577
272.7492,-120.1582,38.90858
272.98456,-119.795,38.9581
275.06073,-120.223,39.19109
273.94745,-119.8581,39.24089
273.16522,-120.2885,39.4738
275.9035,-119.9218,39.5239
279.7121,-120.4549,38.57567
267.06268,-120.094,38.62627
278.4074,-120.5208,38.8577
268.94647,-120.1582,38.90858
269.24237,-119.795,38.9581
273.46893,-120.223,39.19109
272.47284,-119.8581,39.24089
271.424,-120.2885,39.4738
272.44257,-119.9218,39.5239
279.2736,-120.4549,38.57567
267.42007,-120.094,38.62627
278.63492,-120.5208,38.8577
269.1564,-120.1582,38.90858
271.5226,-119.795,38.9581
275.07925,-120.223,39.19109
273.98257,-119.8581,39.24089
273.19156,-120.2885,39.4738
274.87125,-119.9218,39.5239
280.80957,-120.4549,38.57567
265.2041,-120.094,38.62627
280.40332,-120.5208,38.8577
268.15625,-120.1582,38.90858
268.14062,-119.795,38.9581
274.84863,-120.223,39.19109
271.31738,-119.8581,39.24089
271.56836,-120.2885,39.4738
272.7168,-119.9218,39.5239
279.44525,-120.4549,38.57567
263.83783,-120.094,38.62627
279.31537,-120.5208,38.8577
267.50873,-120.1582,38.90858
266.96283,-119.795,38.9581
273.94427,-120.223,39.19109
270.01263,-119.8581,39.24089
270.5351,-120.2885,39.4738
271.2099,-119.9218,39.5239
281.99094,-120.4549,38.57567
268.72433,-120.094,38.62627
280.9597,-120.5208,38.8577
272.321,-120.1582,38.90858
272.7888,-119.795,38.9581
276.67648,-120.223,39.19109
275.31613,-119.8581,39.24089
275.3503,-120.2885,39.4738
277.29367,-119.9218,39.5239
283.9757,-120.4549,38.57567
272.82922,-120.094,38.62627
283.54797,-120.5208,38.8577
274.65833,-120.1582,38.90858
276.31262,-119.795,38.9581
278.84973,-120.223,39.19109
275.51575,-119.8581,39.24089
275.9054,-120.2885,39.4738
276.89954,-119.9218,39.5239
282.38074,-120.4549,38.57567
271.51843,-120.094,38.62627
282.35925,-120.5208,38.8577
273.52332,-120.1582,38.90858
273.9745,-119.795,38.9581
277.61902,-120.223,39.19109
273.8866,-119.8581,39.24089
274.76453,-120.2885,39.4738
276.52136,-119.9218,39.5239
276.15845,-120.4549,38.57567
269.22192,-120.094,38.62627
276.65356,-120.5208,38.8577
271.4309,-120.1582,38.90858
271.68774,-119.795,38.9581
273.47778,-120.223,39.19109
271.8694,-119.8581,39.24089
271.4143,-120.2885,39.4738
271.76782,-119.9218,39.5239
278.1117,-120.4549,38.57567
266.80896,-120.094,38.62627
278.15466,-120.5208,38.8577
268.8656,-120.1582,38.90858
269.44177,-119.795,38.9581
273.92908,-120.223,39.19109
269.85388,-119.8581,39.24089
270.5658,-120.2885,39.4738
270.45837,-119.9218,39.5239
278.25528,-120.4549,38.57567
266.58536,-120.094,38.62627
278.15958,-120.5208,38.8577
268.7299,-120.1582,38.90858
269.42813,-119.795,38.9581
273.71915,-120.223,39.19109
271.06876,-119.8581,39.24089
270.5541,-120.2885,39.4738
271.8842,-119.9218,39.5239
