prmsl,lon,lat
101698.02,-120.4549,38.57567
101699.65,-120.094,38.62627
101743.27,-120.5208,38.8577
101749.27,-120.1582,38.90858
101762.77,-119.795,38.9581
101805.65,-120.223,39.19109
101819.65,-119.8581,39.24089
101865.52,-120.2885,39.4738
101888.27,-119.9218,39.5239
101717.57,-120.4549,38.57567
101792.07,-120.094,38.62627
101769.32,-120.5208,38.8577
101850.945,-120.1582,38.90858
101927.82,-119.795,38.9581
101879.945,-120.223,39.19109
101931.445,-119.8581,39.24089
101894.445,-120.2885,39.4738
101927.07,-119.9218,39.5239
100051.875,-120.4549,38.57567
99895.875,-120.094,38.62627
100001.0,-120.5208,38.8577
99836.875,-120.1582,38.90858
99749.375,-119.795,38.9581
99772.375,-120.223,39.19109
99680.125,-119.8581,39.24089
99666.625,-120.2885,39.4738
99622.875,-119.9218,39.5239
100258.28,-120.4549,38.57567
100264.16,-120.094,38.62627
100289.28,-120.5208,38.8577
100279.53,-120.1582,38.90858
100255.03,-119.795,38.9581
100293.16,-120.223,39.19109
100253.91,-119.8581,39.24089
100299.41,-120.2885,39.4738
100274.91,-119.9218,39.5239
100533.664,-120.4549,38.57567
100468.79,-120.094,38.62627
100542.914,-120.5208,38.8577
100490.54,-120.1582,38.90858
100480.664,-119.795,38.9581
100501.54,-120.223,39.19109
100488.914,-119.8581,39.24089
100510.914,-120.2885,39.4738
100534.54,-119.9218,39.5239
101650.984,-120.4549,38.57567
101703.484,-120.094,38.62627
101672.86,-120.5208,38.8577
101732.734,-120.1582,38.90858
101794.61,-119.795,38.9581
101736.234,-120.223,39.19109
101773.484,-119.8581,39.24089
101725.734,-120.2885,39.4738
101760.36,-119.9218,39.5239
101334.58,-120.4549,38.57567
101163.95,-120.094,38.62627
101291.83,-120.5208,38.8577
101165.33,-120.1582,38.90858
101241.2,-119.795,38.9581
101139.2,-120.223,39.19109
101221.83,-119.8581,39.24089
101092.58,-120.2885,39.4738
101311.95,-119.9218,39.5239
101685.234,-120.4549,38.57567
101563.36,-120.094,38.62627
101672.61,-120.5208,38.8577
101598.61,-120.1582,38.90858
101658.86,-119.795,38.9581
101617.86,-120.223,39.19109
101687.11,-119.8581,39.24089
101631.61,-120.2885,39.4738
101799.484,-119.9218,39.5239
102023.516,-120.4549,38.57567
102023.266,-120.094,38.62627
102027.516,-120.5208,38.8577
102033.89,-120.1582,38.90858
102096.016,-119.795,38.9581
102054.39,-120.223,39.19109
102109.516,-119.8581,39.24089
102088.39,-120.2885,39.4738
102221.14,-119.9218,39.5239
101234.766,-120.4549,38.57567
101202.266,-120.094,38.62627
101245.39,-120.5208,38.8577
101228.266,-120.1582,38.90858
101281.016,-119.795,38.9581
101261.89,-120.223,39.19109
101310.64,-119.8581,39.24089
101311.14,-120.2885,39.4738
101429.64,-119.9218,39.5239
101601.61,-120.4549,38.57567
101544.36,-120.094,38.62627
101612.734,-120.5208,38.8577
101567.86,-120.1582,38.90858
101596.86,-119.795,38.9581
101575.86,-120.223,39.19109
101583.734,-119.8581,39.24089
101571.984,-120.2885,39.4738
101626.61,-119.9218,39.5239
101702.914,-120.4549,38.57567
101623.164,-120.094,38.62627
101697.29,-120.5208,38.8577
101628.414,-120.1582,38.90858
101642.79,-119.795,38.9581
101633.914,-120.223,39.19109
101646.54,-119.8581,39.24089
101631.54,-120.2885,39.4738
101719.54,-119.9218,39.5239
101427.234,-120.4549,38.57567
101315.984,-120.094,38.62627
101395.234,-120.5208,38.8577
101277.61,-120.1582,38.90858
101208.484,-119.795,38.9581
101240.86,-120.223,39.19109
101162.61,-119.8581,39.24089
101167.86,-120.2885,39.4738
101146.61,-119.9218,39.5239
101443.32,-120.4549,38.57567
101355.695,-120.094,38.62627
101420.82,-120.5208,38.8577
101320.32,-120.1582,38.90858
101259.32,-119.795,38.9581
101294.82,-120.223,39.19109
101220.445,-119.8581,39.24089
101257.195,-120.2885,39.4738
101223.82,-119.9218,39.5239
101925.15,-120.4549,38.57567
101942.77,-120.094,38.62627
101954.02,-120.5208,38.8577
101988.65,-120.1582,38.90858
102098.27,-119.795,38.9581
102010.52,-120.223,39.19109
102090.77,-119.8581,39.24089
102032.77,-120.2885,39.4738
102139.65,-119.9218,39.5239
102164.77,-120.4549,38.57567
102090.4,-120.094,38.62627
102168.65,-120.5208,38.8577
102099.77,-120.1582,38.90858
102154.15,-119.795,38.9581
102114.15,-120.223,39.19109
102155.9,-119.8581,39.24089
102134.4,-120.2885,39.4738
102266.52,-119.9218,39.5239
102315.47,-120.4549,38.57567
102214.84,-120.094,38.62627
102324.34,-120.5208,38.8577
102200.84,-120.1582,38.90858
102150.34,-119.795,38.9581
102190.97,-120.223,39.19109
102118.34,-119.8581,39.24089
102155.09,-120.2885,39.4738
102139.84,-119.9218,39.5239
102277.375,-120.4549,38.57567
102165.375,-120.094,38.62627
102243.0,-120.5208,38.8577
102110.5,-120.1582,38.90858
102031.375,-119.795,38.9581
102056.125,-120.223,39.19109
101976.5,-119.8581,39.24089
101983.625,-120.2885,39.4738
101935.125,-119.9218,39.5239
102290.914,-120.4549,38.57567
102186.414,-120.094,38.62627
102302.664,-120.5208,38.8577
102179.79,-120.1582,38.90858
102098.04,-119.795,38.9581
102181.54,-120.223,39.19109
102095.54,-119.8581,39.24089
102157.29,-120.2885,39.4738
102110.04,-119.9218,39.5239
101724.71,-120.4549,38.57567
101585.836,-120.094,38.62627
101714.836,-120.5208,38.8577
101580.21,-120.1582,38.90858
101502.21,-119.795,38.9581
101554.586,-120.223,39.19109
101481.96,-119.8581,39.24089
101513.21,-120.2885,39.4738
101497.336,-119.9218,39.5239
101902.9,-120.4549,38.57567
101860.15,-120.094,38.62627
101898.9,-120.5208,38.8577
101849.02,-120.1582,38.90858
101806.77,-119.795,38.9581
101827.27,-120.223,39.19109
101775.77,-119.8581,39.24089
101803.9,-120.2885,39.4738
101777.27,-119.9218,39.5239
102535.47,-120.4549,38.57567
102579.72,-120.094,38.62627
102574.47,-120.5208,38.8577
102669.72,-120.1582,38.90858
102843.47,-119.795,38.9581
102716.34,-120.223,39.19109
102866.72,-119.8581,39.24089
102761.84,-120.2885,39.4738
102908.59,-119.9218,39.5239
102310.62,-120.4549,38.57567
102234.49,-120.094,38.62627
102310.49,-120.5208,38.8577
102299.24,-120.1582,38.90858
102457.12,-119.795,38.9581
102334.49,-120.223,39.19109
102488.99,-119.8581,39.24089
102373.99,-120.2885,39.4738
102604.62,-119.9218,39.5239
101699.39,-120.4549,38.57567
101673.516,-120.094,38.62627
101703.516,-120.5208,38.8577
101675.64,-120.1582,38.90858
101714.89,-119.795,38.9581
101688.89,-120.223,39.19109
101725.266,-119.8581,39.24089
101689.39,-120.2885,39.4738
101786.39,-119.9218,39.5239
101994.55,-120.4549,38.57567
101916.55,-120.094,38.62627
101995.8,-120.5208,38.8577
101918.3,-120.1582,38.90858
101901.17,-119.795,38.9581
101896.8,-120.223,39.19109
101867.67,-119.8581,39.24089
101844.05,-120.2885,39.4738
101856.05,-119.9218,39.5239
102284.16,-120.4549,38.57567
102202.03,-120.094,38.62627
102300.03,-120.5208,38.8577
102210.28,-120.1582,38.90858
102202.91,-119.795,38.9581
102219.28,-120.223,39.19109
102193.28,-119.8581,39.24089
102203.16,-120.2885,39.4738
102222.78,-119.9218,39.5239
101772.32,-120.4549,38.57567
101667.07,-120.094,38.62627
101769.195,-120.5208,38.8577
101632.445,-120.1582,38.90858
101558.07,-119.795,38.9581
101627.07,-120.223,39.19109
101537.695,-119.8581,39.24089
101590.82,-120.2885,39.4738
101549.195,-119.9218,39.5239
100920.54,-120.4549,38.57567
100799.54,-120.094,38.62627
100910.04,-120.5208,38.8577
100770.664,-120.1582,38.90858
100673.664,-119.795,38.9581
100758.04,-120.223,39.19109
100653.414,-119.8581,39.24089
100706.79,-120.2885,39.4738
100639.29,-119.9218,39.5239
101178.56,-120.4549,38.57567
101071.81,-120.094,38.62627
101202.81,-120.5208,38.8577
101111.31,-120.1582,38.90858
101040.81,-119.795,38.9581
101132.81,-120.223,39.19109
101056.56,-119.8581,39.24089
101127.81,-120.2885,39.4738
101082.81,-119.9218,39.5239
101131.79,-120.4549,38.57567
101076.04,-120.094,38.62627
101141.914,-120.5208,38.8577
101090.54,-120.1582,38.90858
101049.914,-119.795,38.9581
101102.164,-120.223,39.19109
101044.914,-119.8581,39.24089
101094.414,-120.2885,39.4738
101065.914,-119.9218,39.5239
101102.664,-120.4549,38.57567
101125.914,-120.094,38.62627
101116.29,-120.5208,38.8577
101133.914,-120.1582,38.90858
101150.164,-119.795,38.9581
101139.664,-120.223,39.19109
101132.79,-119.8581,39.24089
101121.664,-120.2885,39.4738
101115.164,-119.9218,39.5239
101144.7,-120.4549,38.57567
101289.83,-120.094,38.62627
101211.33,-120.5208,38.8577
101378.33,-120.1582,38.90858
101532.58,-119.795,38.9581
101440.08,-120.223,39.19109
101553.45,-119.8581,39.24089
101488.2,-120.2885,39.4738
101573.7,-119.9218,39.5239
101616.05,-120.4549,38.57567
101731.8,-120.094,38.62627
101670.17,-120.5208,38.8577
101839.55,-120.1582,38.90858
102063.8,-119.795,38.9581
101910.67,-120.223,39.19109
102082.92,-119.8581,39.24089
101984.3,-120.2885,39.4738
102141.8,-119.9218,39.5239
101843.02,-120.4549,38.57567
101908.02,-120.094,38.62627
101879.27,-120.5208,38.8577
101998.4,-120.1582,38.90858
102213.02,-119.795,38.9581
102058.4,-120.223,39.19109
102215.52,-119.8581,39.24089
102127.65,-120.2885,39.4738
102288.52,-119.9218,39.5239
101824.0,-120.4549,38.57567
101771.625,-120.094,38.62627
101811.875,-120.5208,38.8577
101799.0,-120.1582,38.90858
101895.875,-119.795,38.9581
101809.0,-120.223,39.19109
101876.5,-119.8581,39.24089
101811.25,-120.2885,39.4738
101928.0,-119.9218,39.5239
101837.04,-120.4549,38.57567
101830.414,-120.094,38.62627
101861.414,-120.5208,38.8577
101897.414,-120.1582,38.90858
102009.414,-119.795,38.9581
101938.664,-120.223,39.19109
102017.04,-119.8581,39.24089
101973.79,-120.2885,39.4738
102085.04,-119.9218,39.5239
101889.12,-120.4549,38.57567
102011.87,-120.094,38.62627
101939.24,-120.5208,38.8577
102124.62,-120.1582,38.90858
102364.49,-119.795,38.9581
102196.24,-120.223,39.19109
102378.12,-119.8581,39.24089
102273.74,-120.2885,39.4738
102441.24,-119.9218,39.5239
101787.53,-120.4549,38.57567
101716.41,-120.094,38.62627
101781.53,-120.5208,38.8577
101713.53,-120.1582,38.90858
101689.91,-119.795,38.9581
101698.03,-120.223,39.19109
101652.41,-119.8581,39.24089
101671.41,-120.2885,39.4738
101653.03,-119.9218,39.5239
101663.0,-120.4549,38.57567
101670.75,-120.094,38.62627
101706.75,-120.5208,38.8577
101727.125,-120.1582,38.90858
101809.125,-119.795,38.9581
101753.25,-120.223,39.19109
101791.375,-119.8581,39.24089
101777.625,-120.2885,39.4738
101827.875,-119.9218,39.5239
102048.59,-120.4549,38.57567
102115.59,-120.094,38.62627
102056.34,-120.5208,38.8577
102137.34,-120.1582,38.90858
102263.47,-119.795,38.9581
102155.22,-120.223,39.19109
102243.47,-119.8581,39.24089
102174.34,-120.2885,39.4738
102268.84,-119.9218,39.5239
102520.12,-120.4549,38.57567
102408.49,-120.094,38.62627
102518.12,-120.5208,38.8577
102366.74,-120.1582,38.90858
102269.24,-119.795,38.9581
102349.12,-120.223,39.19109
102236.49,-119.8581,39.24089
102291.24,-120.2885,39.4738
102227.49,-119.9218,39.5239
103010.55,-120.4549,38.57567
102923.3,-120.094,38.62627
103021.55,-120.5208,38.8577
102955.42,-120.1582,38.90858
102930.17,-119.795,38.9581
102965.05,-120.223,39.19109
102922.05,-119.8581,39.24089
102946.17,-120.2885,39.4738
102924.55,-119.9218,39.5239
103108.0,-120.4549,38.57567
103130.0,-120.094,38.62627
103147.625,-120.5208,38.8577
103203.25,-120.1582,38.90858
103358.625,-119.795,38.9581
103250.0,-120.223,39.19109
103363.75,-119.8581,39.24089
103288.25,-120.2885,39.4738
103415.75,-119.9218,39.5239
102378.18,-120.4549,38.57567
102348.305,-120.094,38.62627
102363.68,-120.5208,38.8577
102336.68,-120.1582,38.90858
102388.555,-119.795,38.9581
102335.805,-120.223,39.19109
102365.055,-119.8581,39.24089
102327.18,-120.2885,39.4738
102402.43,-119.9218,39.5239
101864.875,-120.4549,38.57567
101786.75,-120.094,38.62627
101862.625,-120.5208,38.8577
101783.125,-120.1582,38.90858
101725.5,-119.795,38.9581
101775.125,-120.223,39.19109
101695.75,-119.8581,39.24089
101733.875,-120.2885,39.4738
101670.625,-119.9218,39.5239
101743.734,-120.4549,38.57567
101716.734,-120.094,38.62627
101738.734,-120.5208,38.8577
101708.734,-120.1582,38.90858
101690.61,-119.795,38.9581
101686.11,-120.223,39.19109
101652.484,-119.8581,39.24089
101649.234,-120.2885,39.4738
101623.36,-119.9218,39.5239
102284.7,-120.4549,38.57567
102261.2,-120.094,38.62627
102315.7,-120.5208,38.8577
102323.33,-120.1582,38.90858
102438.33,-119.795,38.9581
102357.33,-120.223,39.19109
102435.2,-119.8581,39.24089
102374.95,-120.2885,39.4738
102476.33,-119.9218,39.5239
102388.6,-120.4549,38.57567
102236.1,-120.094,38.62627
102377.6,-120.5208,38.8577
102202.73,-120.1582,38.90858
102076.1,-119.795,38.9581
102166.48,-120.223,39.19109
102027.48,-119.8581,39.24089
102092.1,-120.2885,39.4738
102001.6,-119.9218,39.5239
102156.0,-120.4549,38.57567
102054.75,-120.094,38.62627
102181.25,-120.5208,38.8577
102091.625,-120.1582,38.90858
102053.25,-119.795,38.9581
102110.0,-120.223,39.19109
102048.5,-119.8581,39.24089
102097.125,-120.2885,39.4738
102071.125,-119.9218,39.5239
102111.38,-120.4549,38.57567
101967.88,-120.094,38.62627
102124.38,-120.5208,38.8577
101972.26,-120.1582,38.90858
101859.88,-119.795,38.9581
101954.51,-120.223,39.19109
101829.13,-119.8581,39.24089
101890.13,-120.2885,39.4738
101814.51,-119.9218,39.5239
102153.43,-120.4549,38.57567
101937.18,-120.094,38.62627
102123.055,-120.5208,38.8577
101879.43,-120.1582,38.90858
101701.805,-119.795,38.9581
101815.055,-120.223,39.19109
101647.305,-119.8581,39.24089
101718.555,-120.2885,39.4738
101608.18,-119.9218,39.5239
102008.55,-120.4549,38.57567
101912.3,-120.094,38.62627
102024.3,-120.5208,38.8577
101952.17,-120.1582,38.90858
101956.3,-119.795,38.9581
101968.17,-120.223,39.19109
101954.8,-119.8581,39.24089
101960.67,-120.2885,39.4738
101994.92,-119.9218,39.5239
100979.805,-120.4549,38.57567
100778.43,-120.094,38.62627
100941.43,-120.5208,38.8577
100725.305,-120.1582,38.90858
100593.93,-119.795,38.9581
100680.305,-120.223,39.19109
100543.055,-119.8581,39.24089
100592.805,-120.2885,39.4738
100525.555,-119.9218,39.5239
102091.65,-120.4549,38.57567
101965.65,-120.094,38.62627
102101.52,-120.5208,38.8577
101980.65,-120.1582,38.90858
101902.02,-119.795,38.9581
101960.9,-120.223,39.19109
101881.52,-119.8581,39.24089
101923.9,-120.2885,39.4738
101874.4,-119.9218,39.5239
102567.54,-120.4549,38.57567
102380.04,-120.094,38.62627
102581.54,-120.5208,38.8577
102427.664,-120.1582,38.90858
102421.79,-119.795,38.9581
102450.664,-120.223,39.19109
102429.164,-119.8581,39.24089
102454.914,-120.2885,39.4738
102529.914,-119.9218,39.5239
102269.516,-120.4549,38.57567
102296.39,-120.094,38.62627
102268.516,-120.5208,38.8577
102313.89,-120.1582,38.90858
102433.516,-119.795,38.9581
102332.766,-120.223,39.19109
102446.39,-119.8581,39.24089
102369.016,-120.2885,39.4738
102557.89,-119.9218,39.5239
101609.03,-120.4549,38.57567
101593.53,-120.094,38.62627
101596.78,-120.5208,38.8577
101584.28,-120.1582,38.90858
101629.16,-119.795,38.9581
101589.53,-120.223,39.19109
101632.16,-119.8581,39.24089
101603.03,-120.2885,39.4738
101705.53,-119.9218,39.5239
101823.47,-120.4549,38.57567
101727.84,-120.094,38.62627
101809.47,-120.5208,38.8577
101697.09,-120.1582,38.90858
101606.09,-119.795,38.9581
101664.72,-120.223,39.19109
101564.84,-119.8581,39.24089
101602.97,-120.2885,39.4738
101534.22,-119.9218,39.5239
102251.734,-120.4549,38.57567
102100.734,-120.094,38.62627
102247.61,-120.5208,38.8577
102087.86,-120.1582,38.90858
102013.734,-119.795,38.9581
102057.11,-120.223,39.19109
101970.234,-119.8581,39.24089
101996.484,-120.2885,39.4738
101967.234,-119.9218,39.5239
102171.71,-120.4549,38.57567
102137.086,-120.094,38.62627
102176.46,-120.5208,38.8577
102140.46,-120.1582,38.90858
102168.586,-119.795,38.9581
102141.586,-120.223,39.19109
102147.586,-119.8581,39.24089
102139.336,-120.2885,39.4738
102178.086,-119.9218,39.5239
102025.89,-120.4549,38.57567
101982.14,-120.094,38.62627
102028.14,-120.5208,38.8577
101968.39,-120.1582,38.90858
101938.89,-119.795,38.9581
101956.14,-120.223,39.19109
101912.64,-119.8581,39.24089
101923.39,-120.2885,39.4738
101894.016,-119.9218,39.5239
102021.664,-120.4549,38.57567
102016.164,-120.094,38.62627
102028.54,-120.5208,38.8577
102016.914,-120.1582,38.90858
102053.04,-119.795,38.9581
102004.664,-120.223,39.19109
102010.664,-119.8581,39.24089
101975.914,-120.2885,39.4738
102008.664,-119.9218,39.5239
101948.5,-120.4549,38.57567
101813.125,-120.094,38.62627
101922.0,-120.5208,38.8577
101792.875,-120.1582,38.90858
101722.875,-119.795,38.9581
101753.625,-120.223,39.19109
101686.75,-119.8581,39.24089
101694.625,-120.2885,39.4738
101675.75,-119.9218,39.5239
102529.89,-120.4549,38.57567
102464.89,-120.094,38.62627
102550.266,-120.5208,38.8577
102491.266,-120.1582,38.90858
102474.14,-119.795,38.9581
102498.14,-120.223,39.19109
102454.516,-119.8581,39.24089
102474.39,-120.2885,39.4738
102459.266,-119.9218,39.5239
102668.945,-120.4549,38.57567
102564.945,-120.094,38.62627
102676.32,-120.5208,38.8577
102559.07,-120.1582,38.90858
102484.945,-119.795,38.9581
102543.195,-120.223,39.19109
102447.445,-119.8581,39.24089
102492.57,-120.2885,39.4738
102434.445,-119.9218,39.5239
102417.71,-120.4549,38.57567
102503.586,-120.094,38.62627
102463.086,-120.5208,38.8577
102564.46,-120.1582,38.90858
102680.96,-119.795,38.9581
102588.21,-120.223,39.19109
102666.21,-119.8581,39.24089
102607.086,-120.2885,39.4738
102665.336,-119.9218,39.5239
102189.375,-120.4549,38.57567
102232.625,-120.094,38.62627
102205.625,-120.5208,38.8577
102260.125,-120.1582,38.90858
102371.375,-119.795,38.9581
102276.125,-120.223,39.19109
102357.5,-119.8581,39.24089
102298.75,-120.2885,39.4738
102403.375,-119.9218,39.5239
102397.91,-120.4549,38.57567
102451.53,-120.094,38.62627
102408.53,-120.5208,38.8577
102487.16,-120.1582,38.90858
102601.53,-119.795,38.9581
102513.03,-120.223,39.19109
102604.03,-119.8581,39.24089
102541.03,-120.2885,39.4738
102629.16,-119.9218,39.5239
102574.62,-120.4549,38.57567
102607.37,-120.094,38.62627
102559.24,-120.5208,38.8577
102575.24,-120.1582,38.90858
102613.24,-119.795,38.9581
102564.87,-120.223,39.19109
102587.12,-119.8581,39.24089
102554.74,-120.2885,39.4738
102587.37,-119.9218,39.5239
101842.88,-120.4549,38.57567
101784.26,-120.094,38.62627
101824.88,-120.5208,38.8577
101751.01,-120.1582,38.90858
101691.63,-119.795,38.9581
101735.51,-120.223,39.19109
101668.88,-119.8581,39.24089
101709.51,-120.2885,39.4738
101659.01,-119.9218,39.5239
101998.75,-120.4549,38.57567
102113.125,-120.094,38.62627
102049.25,-120.5208,38.8577
102144.0,-120.1582,38.90858
102188.25,-119.795,38.9581
102168.25,-120.223,39.19109
102184.0,-119.8581,39.24089
102192.875,-120.2885,39.4738
102175.25,-119.9218,39.5239
102420.695,-120.4549,38.57567
102676.57,-120.094,38.62627
102516.07,-120.5208,38.8577
102800.82,-120.1582,38.90858
103059.82,-119.795,38.9581
102858.07,-120.223,39.19109
103044.57,-119.8581,39.24089
102907.445,-120.2885,39.4738
103013.57,-119.9218,39.5239
102301.42,-120.4549,38.57567
102356.42,-120.094,38.62627
102339.42,-120.5208,38.8577
102458.3,-120.1582,38.90858
102700.3,-119.795,38.9581
102504.8,-120.223,39.19109
102691.8,-119.8581,39.24089
102550.17,-120.2885,39.4738
102739.8,-119.9218,39.5239
101968.77,-120.4549,38.57567
101975.02,-120.094,38.62627
101980.9,-120.5208,38.8577
102015.9,-120.1582,38.90858
102126.4,-119.795,38.9581
102038.77,-120.223,39.19109
102106.4,-119.8581,39.24089
102072.9,-120.2885,39.4738
102159.27,-119.9218,39.5239
101855.27,-120.4549,38.57567
101926.65,-120.094,38.62627
101860.02,-120.5208,38.8577
101937.77,-120.1582,38.90858
102038.9,-119.795,38.9581
101949.27,-120.223,39.19109
102014.52,-119.8581,39.24089
101970.77,-120.2885,39.4738
102028.77,-119.9218,39.5239
101730.75,-120.4549,38.57567
101728.375,-120.094,38.62627
101726.25,-120.5208,38.8577
101705.5,-120.1582,38.90858
101703.125,-119.795,38.9581
101704.5,-120.223,39.19109
101681.875,-119.8581,39.24089
101699.125,-120.2885,39.4738
101687.0,-119.9218,39.5239
101593.984,-120.4549,38.57567
101786.11,-120.094,38.62627
101725.984,-120.5208,38.8577
101910.484,-120.1582,38.90858
102050.86,-119.795,38.9581
102021.984,-120.223,39.19109
102122.86,-119.8581,39.24089
102132.234,-120.2885,39.4738
102198.234,-119.9218,39.5239
101777.914,-120.4549,38.57567
102109.164,-120.094,38.62627
101879.164,-120.5208,38.8577
102255.914,-120.1582,38.90858
102618.79,-119.795,38.9581
102335.79,-120.223,39.19109
102632.914,-119.8581,39.24089
102430.414,-120.2885,39.4738
102660.04,-119.9218,39.5239
101805.95,-120.4549,38.57567
102052.7,-120.094,38.62627
101902.7,-120.5208,38.8577
102213.08,-120.1582,38.90858
102553.83,-119.795,38.9581
102311.83,-120.223,39.19109
102589.08,-119.8581,39.24089
102423.33,-120.2885,39.4738
102653.08,-119.9218,39.5239
101801.37,-120.4549,38.57567
101929.99,-120.094,38.62627
101829.62,-120.5208,38.8577
101984.24,-120.1582,38.90858
102176.49,-119.795,38.9581
102023.12,-120.223,39.19109
102175.37,-119.8581,39.24089
102077.37,-120.2885,39.4738
102216.87,-119.9218,39.5239
101823.49,-120.4549,38.57567
101884.24,-120.094,38.62627
101826.12,-120.5208,38.8577
101917.99,-120.1582,38.90858
102066.62,-119.795,38.9581
101930.37,-120.223,39.19109
102051.37,-119.8581,39.24089
101943.87,-120.2885,39.4738
102084.87,-119.9218,39.5239
101700.5,-120.4549,38.57567
101719.125,-120.094,38.62627
101702.375,-120.5208,38.8577
101711.25,-120.1582,38.90858
101755.125,-119.795,38.9581
101704.375,-120.223,39.19109
101714.875,-119.8581,39.24089
101689.875,-120.2885,39.4738
101710.0,-119.9218,39.5239
101949.95,-120.4549,38.57567
101963.45,-120.094,38.62627
101952.2,-120.5208,38.8577
101952.58,-120.1582,38.90858
101981.7,-119.795,38.9581
101942.2,-120.223,39.19109
101945.2,-119.8581,39.24089
101922.45,-120.2885,39.4738
101950.7,-119.9218,39.5239
102080.59,-120.4549,38.57567
102049.59,-120.094,38.62627
102082.59,-120.5208,38.8577
102029.97,-120.1582,38.90858
101985.84,-119.795,38.9581
102020.09,-120.223,39.19109
101957.47,-119.8581,39.24089
101993.22,-120.2885,39.4738
101939.97,-119.9218,39.5239
101906.4,-120.4549,38.57567
102023.9,-120.094,38.62627
101967.02,-120.5208,38.8577
102117.52,-120.1582,38.90858
102282.65,-119.795,38.9581
102183.15,-120.223,39.19109
102308.02,-119.8581,39.24089
102254.27,-120.2885,39.4738
102349.52,-119.9218,39.5239
101668.82,-120.4549,38.57567
101752.32,-120.094,38.62627
101695.945,-120.5208,38.8577
101831.57,-120.1582,38.90858
102055.695,-119.795,38.9581
101889.82,-120.223,39.19109
102085.195,-119.8581,39.24089
101959.07,-120.2885,39.4738
102169.57,-119.9218,39.5239
101837.23,-120.4549,38.57567
101913.1,-120.094,38.62627
101854.35,-120.5208,38.8577
101950.6,-120.1582,38.90858
102115.98,-119.795,38.9581
101991.35,-120.223,39.19109
102128.85,-119.8581,39.24089
102028.73,-120.2885,39.4738
102206.35,-119.9218,39.5239
101973.5,-120.4549,38.57567
102109.375,-120.094,38.62627
101998.0,-120.5208,38.8577
102159.0,-120.1582,38.90858
102377.125,-119.795,38.9581
102191.0,-120.223,39.19109
102379.75,-119.8581,39.24089
102225.5,-120.2885,39.4738
102421.875,-119.9218,39.5239
101901.02,-120.4549,38.57567
102038.15,-120.094,38.62627
101922.9,-120.5208,38.8577
102057.65,-120.1582,38.90858
102219.15,-119.795,38.9581
102071.65,-120.223,39.19109
102200.52,-119.8581,39.24089
102095.4,-120.2885,39.4738
102234.65,-119.9218,39.5239
101534.31,-120.4549,38.57567
101652.31,-120.094,38.62627
101552.06,-120.5208,38.8577
101681.81,-120.1582,38.90858
101814.69,-119.795,38.9581
101696.31,-120.223,39.19109
101801.94,-119.8581,39.24089
101721.06,-120.2885,39.4738
101823.19,-119.9218,39.5239
101920.625,-120.4549,38.57567
101908.875,-120.094,38.62627
101895.0,-120.5208,38.8577
101885.375,-120.1582,38.90858
101910.125,-119.795,38.9581
101855.875,-120.223,39.19109
101847.0,-119.8581,39.24089
101821.625,-120.2885,39.4738
101813.625,-119.9218,39.5239
102653.62,-120.4549,38.57567
102725.99,-120.094,38.62627
102694.99,-120.5208,38.8577
102773.87,-120.1582,38.90858
102885.12,-119.795,38.9581
102814.62,-120.223,39.19109
102888.62,-119.8581,39.24089
102861.74,-120.2885,39.4738
102920.37,-119.9218,39.5239
102587.125,-120.4549,38.57567
102808.625,-120.094,38.62627
102650.5,-120.5208,38.8577
102884.875,-120.1582,38.90858
103140.125,-119.795,38.9581
102936.0,-120.223,39.19109
103141.625,-119.8581,39.24089
103000.625,-120.2885,39.4738
103170.875,-119.9218,39.5239
102653.13,-120.4549,38.57567
102795.88,-120.094,38.62627
102669.88,-120.5208,38.8577
102800.76,-120.1582,38.90858
102925.26,-119.795,38.9581
102820.76,-120.223,39.19109
102913.76,-119.8581,39.24089
102846.76,-120.2885,39.4738
102937.88,-119.9218,39.5239
102506.0,-120.4549,38.57567
102639.125,-120.094,38.62627
102513.75,-120.5208,38.8577
102632.25,-120.1582,38.90858
102732.875,-119.795,38.9581
102640.0,-120.223,39.19109
102717.875,-119.8581,39.24089
102654.875,-120.2885,39.4738
102717.625,-119.9218,39.5239
102146.19,-120.4549,38.57567
102276.19,-120.094,38.62627
102147.69,-120.5208,38.8577
102252.56,-120.1582,38.90858
102336.56,-119.795,38.9581
102246.31,-120.223,39.19109
102307.44,-119.8581,39.24089
102238.19,-120.2885,39.4738
102275.56,-119.9218,39.5239
101578.445,-120.4549,38.57567
101597.195,-120.094,38.62627
101562.57,-120.5208,38.8577
101548.695,-120.1582,38.90858
101519.445,-119.795,38.9581
101520.32,-120.223,39.19109
101476.445,-119.8581,39.24089
101483.945,-120.2885,39.4738
101426.57,-119.9218,39.5239
101395.52,-120.4549,38.57567
101366.77,-120.094,38.62627
101400.77,-120.5208,38.8577
101398.52,-120.1582,38.90858
101375.77,-119.795,38.9581
101421.02,-120.223,39.19109
101397.9,-119.8581,39.24089
101444.52,-120.2885,39.4738
101409.02,-119.9218,39.5239
101770.81,-120.4549,38.57567
102063.31,-120.094,38.62627
101883.56,-120.5208,38.8577
102169.44,-120.1582,38.90858
102394.69,-119.795,38.9581
102228.81,-120.223,39.19109
102398.94,-119.8581,39.24089
102283.56,-120.2885,39.4738
102385.94,-119.9218,39.5239
101703.375,-120.4549,38.57567
101951.0,-120.094,38.62627
101783.875,-120.5208,38.8577
102051.75,-120.1582,38.90858
102295.375,-119.795,38.9581
102102.5,-120.223,39.19109
102289.5,-119.8581,39.24089
102157.125,-120.2885,39.4738
102284.75,-119.9218,39.5239
101726.97,-120.4549,38.57567
101897.47,-120.094,38.62627
101746.34,-120.5208,38.8577
101909.84,-120.1582,38.90858
102035.09,-119.795,38.9581
101929.22,-120.223,39.19109
102021.97,-119.8581,39.24089
101950.59,-120.2885,39.4738
102003.34,-119.9218,39.5239
102024.984,-120.4549,38.57567
102126.984,-120.094,38.62627
102022.86,-120.5208,38.8577
102091.984,-120.1582,38.90858
102144.36,-119.795,38.9581
102073.61,-120.223,39.19109
102102.11,-119.8581,39.24089
102045.984,-120.2885,39.4738
102048.36,-119.9218,39.5239
101612.31,-120.4549,38.57567
101658.81,-120.094,38.62627
101600.94,-120.5208,38.8577
101611.31,-120.1582,38.90858
101616.69,-119.795,38.9581
101584.69,-120.223,39.19109
101573.56,-119.8581,39.24089
101544.19,-120.2885,39.4738
101509.44,-119.9218,39.5239
101169.31,-120.4549,38.57567
101056.56,-120.094,38.62627
101153.44,-120.5208,38.8577
101023.81,-120.1582,38.90858
100921.69,-119.795,38.9581
100988.44,-120.223,39.19109
100886.44,-119.8581,39.24089
100920.94,-120.2885,39.4738
100830.94,-119.9218,39.5239
101499.09,-120.4549,38.57567
101484.09,-120.094,38.62627
101514.72,-120.5208,38.8577
101491.97,-120.1582,38.90858
101464.47,-119.795,38.9581
101471.84,-120.223,39.19109
101427.97,-119.8581,39.24089
101425.22,-120.2885,39.4738
101376.47,-119.9218,39.5239
101728.5,-120.4549,38.57567
101693.375,-120.094,38.62627
101748.875,-120.5208,38.8577
101704.5,-120.1582,38.90858
101673.5,-119.795,38.9581
101699.625,-120.223,39.19109
101643.375,-119.8581,39.24089
101673.375,-120.2885,39.4738
101623.375,-119.9218,39.5239
101752.71,-120.4549,38.57567
101852.96,-120.094,38.62627
101788.21,-120.5208,38.8577
101896.96,-120.1582,38.90858
101999.836,-119.795,38.9581
101914.46,-120.223,39.19109
101983.336,-119.8581,39.24089
101923.71,-120.2885,39.4738
101967.71,-119.9218,39.5239
101595.16,-120.4549,38.57567
101717.41,-120.094,38.62627
101614.66,-120.5208,38.8577
101748.78,-120.1582,38.90858
101856.78,-119.795,38.9581
101754.53,-120.223,39.19109
101821.41,-119.8581,39.24089
101750.66,-120.2885,39.4738
101770.91,-119.9218,39.5239
101419.98,-120.4549,38.57567
101570.1,-120.094,38.62627
101447.73,-120.5208,38.8577
101598.1,-120.1582,38.90858
101714.23,-119.795,38.9581
101608.98,-120.223,39.19109
101693.23,-119.8581,39.24089
101630.48,-120.2885,39.4738
101683.1,-119.9218,39.5239
100706.93,-120.4549,38.57567
100840.93,-120.094,38.62627
100715.18,-120.5208,38.8577
100840.93,-120.1582,38.90858
100939.93,-119.795,38.9581
100838.055,-120.223,39.19109
100909.68,-119.8581,39.24089
100843.93,-120.2885,39.4738
100900.43,-119.9218,39.5239
101112.164,-120.4549,38.57567
100954.29,-120.094,38.62627
101054.04,-120.5208,38.8577
100868.29,-120.1582,38.90858
100726.664,-119.795,38.9581
100777.29,-120.223,39.19109
100647.164,-119.8581,39.24089
100660.04,-120.2885,39.4738
100564.914,-119.9218,39.5239
101159.8,-120.4549,38.57567
100970.8,-120.094,38.62627
101147.67,-120.5208,38.8577
100953.55,-120.1582,38.90858
100838.17,-119.795,38.9581
100907.05,-120.223,39.19109
100799.17,-119.8581,39.24089
100824.8,-120.2885,39.4738
100776.3,-119.9218,39.5239
101239.516,-120.4549,38.57567
101063.89,-120.094,38.62627
101281.766,-120.5208,38.8577
101120.64,-120.1582,38.90858
100981.516,-119.795,38.9581
101150.64,-120.223,39.19109
100992.516,-119.8581,39.24089
101138.89,-120.2885,39.4738
101024.64,-119.9218,39.5239
101396.79,-120.4549,38.57567
101296.54,-120.094,38.62627
101414.29,-120.5208,38.8577
101291.914,-120.1582,38.90858
101132.914,-119.795,38.9581
101269.29,-120.223,39.19109
101102.664,-119.8581,39.24089
101206.04,-120.2885,39.4738
101041.414,-119.9218,39.5239
101316.37,-120.4549,38.57567
101301.37,-120.094,38.62627
101330.37,-120.5208,38.8577
101296.37,-120.1582,38.90858
101241.49,-119.795,38.9581
101292.49,-120.223,39.19109
101226.99,-119.8581,39.24089
101265.99,-120.2885,39.4738
101206.62,-119.9218,39.5239
101503.69,-120.4549,38.57567
101524.31,-120.094,38.62627
101528.81,-120.5208,38.8577
101532.19,-120.1582,38.90858
101513.06,-119.795,38.9581
101524.06,-120.223,39.19109
101481.06,-119.8581,39.24089
101492.81,-120.2885,39.4738
101462.19,-119.9218,39.5239
102172.38,-120.4549,38.57567
102212.63,-120.094,38.62627
102182.88,-120.5208,38.8577
102219.38,-120.1582,38.90858
102248.88,-119.795,38.9581
102226.76,-120.223,39.19109
102225.13,-119.8581,39.24089
102213.63,-120.2885,39.4738
102213.13,-119.9218,39.5239
102181.05,-120.4549,38.57567
102249.67,-120.094,38.62627
102188.55,-120.5208,38.8577
102265.8,-120.1582,38.90858
102335.3,-119.795,38.9581
102265.55,-120.223,39.19109
102308.67,-119.8581,39.24089
102252.67,-120.2885,39.4738
102273.8,-119.9218,39.5239
101998.34,-120.4549,38.57567
102041.59,-120.094,38.62627
101989.09,-120.5208,38.8577
102024.47,-120.1582,38.90858
102061.09,-119.795,38.9581
102004.72,-120.223,39.19109
102013.97,-119.8581,39.24089
101980.22,-120.2885,39.4738
101989.72,-119.9218,39.5239
101597.64,-120.4549,38.57567
101587.266,-120.094,38.62627
101584.14,-120.5208,38.8577
101573.266,-120.1582,38.90858
101540.516,-119.795,38.9581
101545.89,-120.223,39.19109
101491.14,-119.8581,39.24089
101506.016,-120.2885,39.4738
101452.39,-119.9218,39.5239
101973.8,-120.4549,38.57567
101882.42,-120.094,38.62627
101969.05,-120.5208,38.8577
101852.42,-120.1582,38.90858
101756.42,-119.795,38.9581
101821.3,-120.223,39.19109
101711.92,-119.8581,39.24089
101757.55,-120.2885,39.4738
101665.8,-119.9218,39.5239
101836.61,-120.4549,38.57567
101736.984,-120.094,38.62627
101856.36,-120.5208,38.8577
101767.11,-120.1582,38.90858
101673.984,-119.795,38.9581
101765.86,-120.223,39.19109
101681.484,-119.8581,39.24089
101744.36,-120.2885,39.4738
101696.484,-119.9218,39.5239
101725.375,-120.4549,38.57567
101750.25,-120.094,38.62627
101738.125,-120.5208,38.8577
101772.0,-120.1582,38.90858
101762.125,-119.795,38.9581
101781.0,-120.223,39.19109
101761.0,-119.8581,39.24089
101782.375,-120.2885,39.4738
101772.125,-119.9218,39.5239
101893.59,-120.4549,38.57567
101941.09,-120.094,38.62627
101894.84,-120.5208,38.8577
101940.34,-120.1582,38.90858
101975.09,-119.795,38.9581
101930.84,-120.223,39.19109
101936.22,-119.8581,39.24089
101913.72,-120.2885,39.4738
101920.22,-119.9218,39.5239
102217.13,-120.4549,38.57567
102201.01,-120.094,38.62627
102213.88,-120.5208,38.8577
102206.26,-120.1582,38.90858
102197.26,-119.795,38.9581
102183.76,-120.223,39.19109
102148.38,-119.8581,39.24089
102137.76,-120.2885,39.4738
102104.51,-119.9218,39.5239
102022.37,-120.4549,38.57567
101972.62,-120.094,38.62627
102011.49,-120.5208,38.8577
101957.37,-120.1582,38.90858
101911.37,-119.795,38.9581
101924.12,-120.223,39.19109
101855.87,-119.8581,39.24089
101875.37,-120.2885,39.4738
101810.87,-119.9218,39.5239
102303.22,-120.4549,38.57567
102255.84,-120.094,38.62627
102298.22,-120.5208,38.8577
102252.47,-120.1582,38.90858
102210.59,-119.795,38.9581
102223.84,-120.223,39.19109
102157.59,-119.8581,39.24089
102169.09,-120.2885,39.4738
102108.97,-119.9218,39.5239
102342.58,-120.4549,38.57567
102294.58,-120.094,38.62627
102343.95,-120.5208,38.8577
102268.2,-120.1582,38.90858
102209.7,-119.795,38.9581
102241.7,-120.223,39.19109
102152.83,-119.8581,39.24089
102186.2,-120.2885,39.4738
102104.95,-119.9218,39.5239
101421.22,-120.4549,38.57567
101377.72,-120.094,38.62627
101402.47,-120.5208,38.8577
101339.09,-120.1582,38.90858
101292.72,-119.795,38.9581
101326.97,-120.223,39.19109
101264.47,-119.8581,39.24089
101319.97,-120.2885,39.4738
101277.84,-119.9218,39.5239
101582.14,-120.4549,38.57567
101653.14,-120.094,38.62627
101625.89,-120.5208,38.8577
101739.516,-120.1582,38.90858
101842.766,-119.795,38.9581
101803.64,-120.223,39.19109
101875.64,-119.8581,39.24089
101882.016,-120.2885,39.4738
101909.89,-119.9218,39.5239
101665.35,-120.4549,38.57567
101657.48,-120.094,38.62627
101670.6,-120.5208,38.8577
101673.23,-120.1582,38.90858
101712.23,-119.795,38.9581
101670.35,-120.223,39.19109
101683.1,-119.8581,39.24089
101662.85,-120.2885,39.4738
101675.48,-119.9218,39.5239
101183.35,-120.4549,38.57567
101103.98,-120.094,38.62627
101170.23,-120.5208,38.8577
101084.73,-120.1582,38.90858
101035.48,-119.795,38.9581
101063.6,-120.223,39.19109
100997.48,-119.8581,39.24089
101028.6,-120.2885,39.4738
100980.35,-119.9218,39.5239
100539.7,-120.4549,38.57567
100404.95,-120.094,38.62627
100480.95,-120.5208,38.8577
100329.2,-120.1582,38.90858
100239.7,-119.795,38.9581
100245.2,-120.223,39.19109
100161.7,-119.8581,39.24089
100143.2,-120.2885,39.4738
100100.58,-119.9218,39.5239
100763.17,-120.4549,38.57567
100641.67,-120.094,38.62627
100793.05,-120.5208,38.8577
100689.3,-120.1582,38.90858
100557.05,-119.795,38.9581
100711.42,-120.223,39.19109
100569.17,-119.8581,39.24089
100708.67,-120.2885,39.4738
100590.92,-119.9218,39.5239
101727.84,-120.4549,38.57567
101648.84,-120.094,38.62627
101739.47,-120.5208,38.8577
101622.84,-120.1582,38.90858
101512.72,-119.795,38.9581
101594.59,-120.223,39.19109
101478.59,-119.8581,39.24089
101555.59,-120.2885,39.4738
101501.84,-119.9218,39.5239
101410.16,-120.4549,38.57567
101483.28,-120.094,38.62627
101431.66,-120.5208,38.8577
101517.28,-120.1582,38.90858
101590.16,-119.795,38.9581
101542.41,-120.223,39.19109
101586.66,-119.8581,39.24089
101571.53,-120.2885,39.4738
101602.66,-119.9218,39.5239
101385.7,-120.4549,38.57567
101309.33,-120.094,38.62627
101345.08,-120.5208,38.8577
101317.95,-120.1582,38.90858
101329.83,-119.795,38.9581
101319.58,-120.223,39.19109
101327.83,-119.8581,39.24089
101350.08,-120.2885,39.4738
101361.83,-119.9218,39.5239
101715.29,-120.4549,38.57567
101680.664,-120.094,38.62627
101697.29,-120.5208,38.8577
101666.914,-120.1582,38.90858
101693.164,-119.795,38.9581
101631.914,-120.223,39.19109
101623.664,-119.8581,39.24089
101591.664,-120.2885,39.4738
101591.914,-119.9218,39.5239
101505.64,-120.4549,38.57567
101545.39,-120.094,38.62627
101484.64,-120.5208,38.8577
101509.266,-120.1582,38.90858
101526.64,-119.795,38.9581
101476.766,-120.223,39.19109
101468.89,-119.8581,39.24089
101452.516,-120.2885,39.4738
101429.89,-119.9218,39.5239
101479.92,-120.4549,38.57567
101540.55,-120.094,38.62627
101467.42,-120.5208,38.8577
101519.17,-120.1582,38.90858
101538.55,-119.795,38.9581
101510.55,-120.223,39.19109
101506.8,-119.8581,39.24089
101514.92,-120.2885,39.4738
101496.92,-119.9218,39.5239
101741.3,-120.4549,38.57567
101842.42,-120.094,38.62627
101744.8,-120.5208,38.8577
101829.92,-120.1582,38.90858
101892.8,-119.795,38.9581
101834.67,-120.223,39.19109
101863.8,-119.8581,39.24089
101855.67,-120.2885,39.4738
101868.92,-119.9218,39.5239
102268.31,-120.4549,38.57567
102462.19,-120.094,38.62627
102313.94,-120.5208,38.8577
102491.19,-120.1582,38.90858
102645.94,-119.795,38.9581
102516.44,-120.223,39.19109
102619.81,-119.8581,39.24089
102545.81,-120.2885,39.4738
102612.56,-119.9218,39.5239
102062.66,-120.4549,38.57567
102169.53,-120.094,38.62627
102073.03,-120.5208,38.8577
102153.28,-120.1582,38.90858
102202.28,-119.795,38.9581
102150.78,-120.223,39.19109
102173.66,-119.8581,39.24089
102153.78,-120.2885,39.4738
102153.28,-119.9218,39.5239
101363.11,-120.4549,38.57567
101464.36,-120.094,38.62627
101365.734,-120.5208,38.8577
101449.86,-120.1582,38.90858
101484.11,-119.795,38.9581
101453.11,-120.223,39.19109
101472.61,-119.8581,39.24089
101462.86,-120.2885,39.4738
101460.86,-119.9218,39.5239
101291.586,-120.4549,38.57567
101402.586,-120.094,38.62627
101297.46,-120.5208,38.8577
101417.586,-120.1582,38.90858
101521.836,-119.795,38.9581
101440.586,-120.223,39.19109
101534.586,-119.8581,39.24089
101474.96,-120.2885,39.4738
101569.586,-119.9218,39.5239
101490.125,-120.4549,38.57567
101517.5,-120.094,38.62627
101485.5,-120.5208,38.8577
101491.375,-120.1582,38.90858
101476.25,-119.795,38.9581
101465.125,-120.223,39.19109
101431.375,-119.8581,39.24089
101435.25,-120.2885,39.4738
101396.125,-119.9218,39.5239
101702.97,-120.4549,38.57567
101745.34,-120.094,38.62627
101696.09,-120.5208,38.8577
101717.97,-120.1582,38.90858
101718.47,-119.795,38.9581
101693.84,-120.223,39.19109
101679.84,-119.8581,39.24089
101658.84,-120.2885,39.4738
101624.72,-119.9218,39.5239
101667.81,-120.4549,38.57567
101714.69,-120.094,38.62627
101665.44,-120.5208,38.8577
101701.19,-120.1582,38.90858
101706.94,-119.795,38.9581
101680.06,-120.223,39.19109
101659.06,-119.8581,39.24089
101650.81,-120.2885,39.4738
101611.69,-119.9218,39.5239
102042.734,-120.4549,38.57567
102005.234,-120.094,38.62627
102038.36,-120.5208,38.8577
101995.36,-120.1582,38.90858
101954.734,-119.795,38.9581
101974.11,-120.223,39.19109
101910.484,-119.8581,39.24089
101942.984,-120.2885,39.4738
101883.86,-119.9218,39.5239
102315.69,-120.4549,38.57567
102396.31,-120.094,38.62627
102317.19,-120.5208,38.8577
102365.31,-120.1582,38.90858
102362.56,-119.795,38.9581
102350.44,-120.223,39.19109
102324.44,-119.8581,39.24089
102337.94,-120.2885,39.4738
102280.31,-119.9218,39.5239
102293.41,-120.4549,38.57567
102424.16,-120.094,38.62627
102309.03,-120.5208,38.8577
102398.78,-120.1582,38.90858
102408.16,-119.795,38.9581
102391.16,-120.223,39.19109
102375.03,-119.8581,39.24089
102384.78,-120.2885,39.4738
102328.78,-119.9218,39.5239
101985.08,-120.4549,38.57567
102156.33,-120.094,38.62627
102024.7,-120.5208,38.8577
102152.7,-120.1582,38.90858
102206.95,-119.795,38.9581
102165.7,-120.223,39.19109
102195.45,-119.8581,39.24089
102187.7,-120.2885,39.4738
102178.95,-119.9218,39.5239
101860.69,-120.4549,38.57567
102049.19,-120.094,38.62627
101881.06,-120.5208,38.8577
102012.19,-120.1582,38.90858
102038.94,-119.795,38.9581
102001.19,-120.223,39.19109
102011.06,-119.8581,39.24089
101997.06,-120.2885,39.4738
101956.81,-119.9218,39.5239
101622.36,-120.4549,38.57567
101781.86,-120.094,38.62627
101617.86,-120.5208,38.8577
101732.86,-120.1582,38.90858
101741.484,-119.795,38.9581
101711.86,-120.223,39.19109
101708.61,-119.8581,39.24089
101695.86,-120.2885,39.4738
101636.734,-119.9218,39.5239
101721.33,-120.4549,38.57567
101832.33,-120.094,38.62627
101718.95,-120.5208,38.8577
101796.95,-120.1582,38.90858
101793.45,-119.795,38.9581
101778.83,-120.223,39.19109
101762.33,-119.8581,39.24089
101763.45,-120.2885,39.4738
101697.45,-119.9218,39.5239
101863.875,-120.4549,38.57567
102045.125,-120.094,38.62627
101890.0,-120.5208,38.8577
102034.375,-120.1582,38.90858
102080.375,-119.795,38.9581
102037.0,-120.223,39.19109
102066.5,-119.8581,39.24089
102045.625,-120.2885,39.4738
102020.25,-119.9218,39.5239
101573.05,-120.4549,38.57567
101703.55,-120.094,38.62627
101569.55,-120.5208,38.8577
101646.67,-120.1582,38.90858
101625.8,-119.795,38.9581
101628.92,-120.223,39.19109
101602.8,-119.8581,39.24089
101611.3,-120.2885,39.4738
101524.92,-119.9218,39.5239
101645.17,-120.4549,38.57567
101670.3,-120.094,38.62627
101631.3,-120.5208,38.8577
101627.55,-120.1582,38.90858
101540.42,-119.795,38.9581
101609.67,-120.223,39.19109
101531.92,-119.8581,39.24089
101587.3,-120.2885,39.4738
101470.42,-119.9218,39.5239
101700.37,-120.4549,38.57567
101722.74,-120.094,38.62627
101699.99,-120.5208,38.8577
101713.24,-120.1582,38.90858
101678.49,-119.795,38.9581
101713.49,-120.223,39.19109
101682.87,-119.8581,39.24089
101706.87,-120.2885,39.4738
101653.12,-119.9218,39.5239
101731.86,-120.4549,38.57567
101745.61,-120.094,38.62627
101716.11,-120.5208,38.8577
101702.11,-120.1582,38.90858
101644.61,-119.795,38.9581
101668.11,-120.223,39.19109
101611.86,-119.8581,39.24089
101622.36,-120.2885,39.4738
101543.11,-119.9218,39.5239
101872.016,-120.4549,38.57567
101855.516,-120.094,38.62627
101868.766,-120.5208,38.8577
101830.64,-120.1582,38.90858
101785.64,-119.795,38.9581
101814.89,-120.223,39.19109
101768.64,-119.8581,39.24089
101792.016,-120.2885,39.4738
101748.14,-119.9218,39.5239
