wcconv,lon,lat
-0.00066041946,-120.4549,38.57567
0.011964679,-120.094,38.62627
0.0054145455,-120.5208,38.8577
-0.00868547,-120.1582,38.90858
0.026864529,-119.795,38.9581
0.022164524,-120.223,39.19109
0.052814603,-119.8581,39.24089
0.044814527,-120.2885,39.4738
0.008114457,-119.9218,39.5239
0.118441224,-120.4549,38.57567
0.12046605,-120.094,38.62627
0.13574117,-120.5208,38.8577
0.13889116,-120.1582,38.90858
0.11219114,-119.795,38.9581
0.12211621,-120.223,39.19109
0.11326623,-119.8581,39.24089
0.16216612,-120.2885,39.4738
0.13566613,-119.9218,39.5239
-0.5912456,-120.4549,38.57567
0.32125437,-120.094,38.62627
-0.37519544,-120.5208,38.8577
0.37090456,-120.1582,38.90858
0.77605444,-119.795,38.9581
0.30627936,-120.223,39.19109
0.47585452,-119.8581,39.24089
0.5707794,-120.2885,39.4738
0.5596044,-119.9218,39.5239
-0.20691323,-120.4549,38.57567
-0.0072630644,-120.094,38.62627
-0.28876323,-120.5208,38.8577
-0.07256317,-120.1582,38.90858
-0.019463122,-119.795,38.9581
0.022536695,-120.223,39.19109
-0.0022132397,-119.8581,39.24089
0.13538682,-120.2885,39.4738
0.0490368,-119.9218,39.5239
-0.13441938,-120.4549,38.57567
-0.023894489,-120.094,38.62627
-0.10219431,-120.5208,38.8577
0.027205586,-120.1582,38.90858
0.055580616,-119.795,38.9581
0.016230702,-120.223,39.19109
0.052580655,-119.8581,39.24089
0.018380582,-120.2885,39.4738
-0.01509434,-119.9218,39.5239
0.035437763,-120.4549,38.57567
0.30343783,-120.094,38.62627
0.058662772,-120.5208,38.8577
0.20626277,-120.1582,38.90858
0.24386275,-119.795,38.9581
0.22688782,-120.223,39.19109
0.26453775,-119.8581,39.24089
0.1943878,-120.2885,39.4738
0.12451273,-119.9218,39.5239
0.20628744,-120.4549,38.57567
0.91141236,-120.094,38.62627
-0.15648761,-120.5208,38.8577
0.7717873,-120.1582,38.90858
0.87063736,-119.795,38.9581
0.87481236,-120.223,39.19109
0.58248734,-119.8581,39.24089
1.1018624,-120.2885,39.4738
0.77718735,-119.9218,39.5239
0.067136884,-120.4549,38.57567
1.0286367,-120.094,38.62627
-0.1657381,-120.5208,38.8577
0.69913673,-120.1582,38.90858
0.66281176,-119.795,38.9581
0.74016184,-120.223,39.19109
0.72048676,-119.8581,39.24089
0.99073684,-120.2885,39.4738
0.65391195,-119.9218,39.5239
0.09072834,-120.4549,38.57567
0.29710335,-120.094,38.62627
0.14597845,-120.5208,38.8577
0.075178385,-120.1582,38.90858
-0.013771594,-119.795,38.9581
0.004978478,-120.223,39.19109
-0.05187154,-119.8581,39.24089
0.1582284,-120.2885,39.4738
-0.023221552,-119.9218,39.5239
0.1682939,-120.4549,38.57567
0.24181902,-120.094,38.62627
0.16129392,-120.5208,38.8577
0.19191909,-120.1582,38.90858
0.088568926,-119.795,38.9581
0.20671892,-120.223,39.19109
0.143394,-119.8581,39.24089
0.217269,-120.2885,39.4738
0.176619,-119.9218,39.5239
0.27231887,-120.4549,38.57567
0.2728189,-120.094,38.62627
0.09326893,-120.5208,38.8577
0.29151884,-120.1582,38.90858
0.21616885,-119.795,38.9581
0.17461893,-120.223,39.19109
0.22446892,-119.8581,39.24089
0.17891887,-120.2885,39.4738
0.096769005,-119.9218,39.5239
0.030211091,-120.4549,38.57567
0.045960903,-120.094,38.62627
-0.11846393,-120.5208,38.8577
0.026285946,-120.1582,38.90858
0.015960991,-119.795,38.9581
0.167786,-120.223,39.19109
0.115060985,-119.8581,39.24089
0.28693593,-120.2885,39.4738
0.05773598,-119.9218,39.5239
-0.22242391,-120.4549,38.57567
0.63357604,-120.094,38.62627
-0.4662739,-120.5208,38.8577
1.2413261,-120.1582,38.90858
1.358926,-119.795,38.9581
0.826951,-120.223,39.19109
0.8465761,-119.8581,39.24089
1.2802511,-120.2885,39.4738
0.8454511,-119.9218,39.5239
-0.3624423,-120.4549,38.57567
0.08520764,-120.094,38.62627
-0.8738672,-120.5208,38.8577
0.08620763,-120.1582,38.90858
0.5468327,-119.795,38.9581
0.11675763,-120.223,39.19109
0.52805763,-119.8581,39.24089
0.2246576,-120.2885,39.4738
0.3270327,-119.9218,39.5239
-0.10442686,-120.4549,38.57567
0.0011732578,-120.094,38.62627
0.036173105,-120.5208,38.8577
-0.026026964,-120.1582,38.90858
-0.0059268475,-119.795,38.9581
0.015723169,-120.223,39.19109
0.027998209,-119.8581,39.24089
-0.009726822,-120.2885,39.4738
0.01322329,-119.9218,39.5239
0.044440985,-120.4549,38.57567
0.039240956,-120.094,38.62627
0.049515963,-120.5208,38.8577
0.047041,-120.1582,38.90858
0.020691097,-119.795,38.9581
0.054065883,-120.223,39.19109
-0.004934013,-119.8581,39.24089
0.050665855,-120.2885,39.4738
0.017340899,-119.9218,39.5239
0.38502938,-120.4549,38.57567
0.54297936,-120.094,38.62627
0.21537942,-120.5208,38.8577
0.7603294,-120.1582,38.90858
0.5654795,-119.795,38.9581
0.5064294,-120.223,39.19109
0.55377954,-119.8581,39.24089
0.6622795,-120.2885,39.4738
0.47722942,-119.9218,39.5239
0.0317744,-120.4549,38.57567
0.4916243,-120.094,38.62627
-0.6855256,-120.5208,38.8577
0.6970993,-120.1582,38.90858
1.0500494,-119.795,38.9581
0.72157437,-120.223,39.19109
1.3353745,-119.8581,39.24089
1.2769742,-120.2885,39.4738
1.3469992,-119.9218,39.5239
0.08285281,-120.4549,38.57567
0.26667768,-120.094,38.62627
-0.27504724,-120.5208,38.8577
0.33865267,-120.1582,38.90858
0.4364277,-119.795,38.9581
0.42105272,-120.223,39.19109
0.5418027,-119.8581,39.24089
0.5282779,-120.2885,39.4738
0.6239028,-119.9218,39.5239
-0.8023351,-120.4549,38.57567
0.22676498,-120.094,38.62627
-1.017285,-120.5208,38.8577
0.083739996,-120.1582,38.90858
0.34228992,-119.795,38.9581
0.17899007,-120.223,39.19109
0.44266504,-119.8581,39.24089
0.11341506,-120.2885,39.4738
0.49738985,-119.9218,39.5239
-0.12037295,-120.4549,38.57567
-0.11632311,-120.094,38.62627
-0.26999807,-120.5208,38.8577
0.05810201,-120.1582,38.90858
0.09640205,-119.795,38.9581
0.08975202,-120.223,39.19109
0.25347698,-119.8581,39.24089
0.11460191,-120.2885,39.4738
0.12035203,-119.9218,39.5239
0.017746836,-120.4549,38.57567
0.0063468516,-120.094,38.62627
-0.009028226,-120.5208,38.8577
0.028871894,-120.1582,38.90858
0.018871784,-119.795,38.9581
0.020796776,-120.223,39.19109
0.018521786,-119.8581,39.24089
0.06417173,-120.2885,39.4738
0.025346756,-119.9218,39.5239
-0.0006006956,-120.4549,38.57567
0.060099304,-120.094,38.62627
0.005399227,-120.5208,38.8577
0.010099173,-120.1582,38.90858
0.01667428,-119.795,38.9581
0.03649926,-120.223,39.19109
0.05252421,-119.8581,39.24089
0.039974272,-120.2885,39.4738
0.035724163,-119.9218,39.5239
0.17671573,-120.4549,38.57567
0.58554083,-120.094,38.62627
0.13369071,-120.5208,38.8577
0.44369078,-120.1582,38.90858
0.1844908,-119.795,38.9581
0.30099076,-120.223,39.19109
0.022990763,-119.8581,39.24089
0.3635158,-120.2885,39.4738
0.09994078,-119.9218,39.5239
0.329206,-120.4549,38.57567
0.42565584,-120.094,38.62627
0.36823088,-120.5208,38.8577
0.4609809,-120.1582,38.90858
0.27633095,-119.795,38.9581
0.46028095,-120.223,39.19109
0.201006,-119.8581,39.24089
0.57190585,-120.2885,39.4738
0.34953088,-119.9218,39.5239
0.07758969,-120.4549,38.57567
0.05686462,-120.094,38.62627
0.06783962,-120.5208,38.8577
0.023539722,-120.1582,38.90858
0.013339698,-119.795,38.9581
0.0038647056,-120.223,39.19109
0.02466464,-119.8581,39.24089
0.06693971,-120.2885,39.4738
0.04883969,-119.9218,39.5239
0.36612225,-120.4549,38.57567
0.50307226,-120.094,38.62627
0.26922235,-120.5208,38.8577
0.43364736,-120.1582,38.90858
0.17669737,-119.795,38.9581
0.43009728,-120.223,39.19109
0.12704736,-119.8581,39.24089
0.41857234,-120.2885,39.4738
0.13922241,-119.9218,39.5239
0.78714013,-120.4549,38.57567
0.924265,-120.094,38.62627
0.5023151,-120.5208,38.8577
0.72819006,-120.1582,38.90858
0.5442902,-119.795,38.9581
0.7056149,-120.223,39.19109
0.3521151,-119.8581,39.24089
0.83591497,-120.2885,39.4738
0.39361507,-119.9218,39.5239
-0.21602207,-120.4549,38.57567
0.09545314,-120.094,38.62627
-0.01884693,-120.5208,38.8577
0.04515308,-120.1582,38.90858
0.202753,-119.795,38.9581
0.067028046,-120.223,39.19109
0.19067806,-119.8581,39.24089
0.19582814,-120.2885,39.4738
0.18705302,-119.9218,39.5239
-0.051460207,-120.4549,38.57567
-0.022360146,-120.094,38.62627
-0.08226019,-120.5208,38.8577
0.008339822,-120.1582,38.90858
0.029889762,-119.795,38.9581
-0.0032601357,-120.223,39.19109
0.0092148185,-119.8581,39.24089
-0.014135182,-120.2885,39.4738
-0.013710201,-119.9218,39.5239
0.027638316,-120.4549,38.57567
0.11106342,-120.094,38.62627
0.036438346,-120.5208,38.8577
0.11763841,-120.1582,38.90858
0.022788405,-119.795,38.9581
0.06981349,-120.223,39.19109
-0.053236783,-119.8581,39.24089
0.0880633,-120.2885,39.4738
0.049713433,-119.9218,39.5239
0.020501971,-120.4549,38.57567
0.053327024,-120.094,38.62627
0.014027059,-120.5208,38.8577
0.042277038,-120.1582,38.90858
0.02917701,-119.795,38.9581
0.029727042,-120.223,39.19109
-0.0045729876,-119.8581,39.24089
0.047626972,-120.2885,39.4738
0.026977003,-119.9218,39.5239
0.040777802,-120.4549,38.57567
-0.051472187,-120.094,38.62627
0.048927784,-120.5208,38.8577
-0.0137223005,-120.1582,38.90858
0.017602742,-119.795,38.9581
-0.09304714,-120.223,39.19109
-0.11657208,-119.8581,39.24089
0.15180278,-120.2885,39.4738
-0.112047255,-119.9218,39.5239
0.034573972,-120.4549,38.57567
-0.09692612,-120.094,38.62627
0.03862387,-120.5208,38.8577
0.037173986,-120.1582,38.90858
0.027423918,-119.795,38.9581
0.037023902,-120.223,39.19109
0.023923874,-119.8581,39.24089
0.05372393,-120.2885,39.4738
0.03557396,-119.9218,39.5239
0.061179817,-120.4549,38.57567
0.060329676,-120.094,38.62627
0.060729742,-120.5208,38.8577
0.054279804,-120.1582,38.90858
0.04227966,-119.795,38.9581
0.05957991,-120.223,39.19109
0.055579722,-119.8581,39.24089
0.07692981,-120.2885,39.4738
0.049179792,-119.9218,39.5239
0.04164976,-120.4549,38.57567
0.16342485,-120.094,38.62627
0.045774877,-120.5208,38.8577
0.17004985,-120.1582,38.90858
0.062324822,-119.795,38.9581
0.14567477,-120.223,39.19109
0.0019998252,-119.8581,39.24089
0.24357486,-120.2885,39.4738
0.008049786,-119.9218,39.5239
0.05663687,-120.4549,38.57567
0.14491206,-120.094,38.62627
0.02533704,-120.5208,38.8577
0.053311884,-120.1582,38.90858
0.051586688,-119.795,38.9581
0.06613684,-120.223,39.19109
0.05028689,-119.8581,39.24089
0.12701184,-120.2885,39.4738
0.06263697,-119.9218,39.5239
0.20108122,-120.4549,38.57567
0.33558112,-120.094,38.62627
0.10478127,-120.5208,38.8577
0.19008112,-120.1582,38.90858
0.15153116,-119.795,38.9581
0.06168121,-120.223,39.19109
0.049181163,-119.8581,39.24089
0.064631164,-120.2885,39.4738
-0.17631888,-119.9218,39.5239
0.043866217,-120.4549,38.57567
0.117065966,-120.094,38.62627
0.032616198,-120.5208,38.8577
0.07636613,-120.1582,38.90858
0.100966096,-119.795,38.9581
-0.022283733,-120.223,39.19109
0.059766114,-119.8581,39.24089
0.0038160682,-120.2885,39.4738
-0.010233879,-119.9218,39.5239
-0.011361182,-120.4549,38.57567
-0.10001111,-120.094,38.62627
-0.012986183,-120.5208,38.8577
-0.022636056,-120.1582,38.90858
0.018738747,-119.795,38.9581
0.014813721,-120.223,39.19109
0.06268871,-119.8581,39.24089
0.05516374,-120.2885,39.4738
0.020513833,-119.9218,39.5239
0.23038039,-120.4549,38.57567
0.40658033,-120.094,38.62627
0.11750528,-120.5208,38.8577
0.5691553,-120.1582,38.90858
0.28253037,-119.795,38.9581
0.6654804,-120.223,39.19109
0.35635534,-119.8581,39.24089
0.8509054,-120.2885,39.4738
0.35585523,-119.9218,39.5239
0.056903332,-120.4549,38.57567
0.039253265,-120.094,38.62627
0.04395333,-120.5208,38.8577
0.029503405,-120.1582,38.90858
0.030453414,-119.795,38.9581
0.061753392,-120.223,39.19109
0.051153332,-119.8581,39.24089
0.040503323,-120.2885,39.4738
0.03175333,-119.9218,39.5239
0.02996391,-120.4549,38.57567
0.038913965,-120.094,38.62627
0.05936396,-120.5208,38.8577
0.055989027,-120.1582,38.90858
0.067288935,-119.795,38.9581
0.057538986,-120.223,39.19109
0.07188892,-119.8581,39.24089
0.058189034,-120.2885,39.4738
0.059088886,-119.9218,39.5239
0.033605456,-120.4549,38.57567
0.0060055256,-120.094,38.62627
-0.014994562,-120.5208,38.8577
-0.054344535,-120.1582,38.90858
-0.037269473,-119.795,38.9581
-0.07061952,-120.223,39.19109
-0.025444508,-119.8581,39.24089
0.004455507,-120.2885,39.4738
0.049805343,-119.9218,39.5239
0.06834519,-120.4549,38.57567
0.1274451,-120.094,38.62627
-0.07910484,-120.5208,38.8577
0.09354508,-120.1582,38.90858
0.091845095,-119.795,38.9581
0.057195127,-120.223,39.19109
0.0164451,-119.8581,39.24089
0.1195451,-120.2885,39.4738
0.1177451,-119.9218,39.5239
0.14281994,-120.4549,38.57567
0.27879483,-120.094,38.62627
0.0822199,-120.5208,38.8577
0.28729486,-120.1582,38.90858
0.2017448,-119.795,38.9581
0.26456982,-120.223,39.19109
0.25709492,-119.8581,39.24089
0.18179476,-120.2885,39.4738
0.18809485,-119.9218,39.5239
-0.12813306,-120.4549,38.57567
0.04366696,-120.094,38.62627
-0.0798831,-120.5208,38.8577
0.12909204,-120.1582,38.90858
0.07931697,-119.795,38.9581
0.09146696,-120.223,39.19109
0.15709192,-119.8581,39.24089
0.20974195,-120.2885,39.4738
0.150217,-119.9218,39.5239
-0.19581598,-120.4549,38.57567
0.51588416,-120.094,38.62627
-0.5925658,-120.5208,38.8577
0.519084,-120.1582,38.90858
0.7267841,-119.795,38.9581
0.24113405,-120.223,39.19109
0.77163416,-119.8581,39.24089
0.20318413,-120.2885,39.4738
0.7192341,-119.9218,39.5239
0.0026296377,-120.4549,38.57567
0.14960462,-120.094,38.62627
0.12117964,-120.5208,38.8577
0.18300474,-120.1582,38.90858
0.09915465,-119.795,38.9581
0.1549797,-120.223,39.19109
0.07297963,-119.8581,39.24089
-0.037070453,-120.2885,39.4738
0.023504615,-119.9218,39.5239
0.09896392,-120.4549,38.57567
0.9437638,-120.094,38.62627
-0.16863611,-120.5208,38.8577
0.7885638,-120.1582,38.90858
0.6314638,-119.795,38.9581
0.50186384,-120.223,39.19109
0.68781376,-119.8581,39.24089
0.16233885,-120.2885,39.4738
0.2675388,-119.9218,39.5239
-0.8155601,-120.4549,38.57567
-0.10291013,-120.094,38.62627
-1.1031852,-120.5208,38.8577
-0.088810205,-120.1582,38.90858
1.0802147,-119.795,38.9581
0.029614776,-120.223,39.19109
0.77693987,-119.8581,39.24089
0.10643977,-120.2885,39.4738
1.3499899,-119.9218,39.5239
0.04803002,-120.4549,38.57567
0.071529984,-120.094,38.62627
0.03360498,-120.5208,38.8577
0.25452995,-120.1582,38.90858
0.16612989,-119.795,38.9581
0.21475512,-120.223,39.19109
0.18937999,-119.8581,39.24089
0.40020508,-120.2885,39.4738
0.1618051,-119.9218,39.5239
-0.049074054,-120.4549,38.57567
0.64027584,-120.094,38.62627
-0.053699106,-120.5208,38.8577
0.49580094,-120.1582,38.90858
1.0118009,-119.795,38.9581
0.6682509,-120.223,39.19109
1.1050258,-119.8581,39.24089
1.0220759,-120.2885,39.4738
1.1072009,-119.9218,39.5239
-0.39836445,-120.4549,38.57567
0.096660495,-120.094,38.62627
-0.24163947,-120.5208,38.8577
0.067385525,-120.1582,38.90858
0.061060518,-119.795,38.9581
0.23296055,-120.223,39.19109
0.27008557,-119.8581,39.24089
0.33236048,-120.2885,39.4738
0.32786053,-119.9218,39.5239
-0.050478578,-120.4549,38.57567
-0.06552851,-120.094,38.62627
0.002396524,-120.5208,38.8577
0.049021423,-120.1582,38.90858
0.058571577,-119.795,38.9581
0.09287155,-120.223,39.19109
0.04169649,-119.8581,39.24089
0.21712154,-120.2885,39.4738
0.09122145,-119.9218,39.5239
0.000702858,-120.4549,38.57567
0.047877967,-120.094,38.62627
-0.030747056,-120.5208,38.8577
0.027627826,-120.1582,38.90858
0.030852914,-119.795,38.9581
0.061277866,-120.223,39.19109
0.0470528,-119.8581,39.24089
0.041702747,-120.2885,39.4738
0.013427794,-119.9218,39.5239
0.14194977,-120.4549,38.57567
0.101549804,-120.094,38.62627
0.09464985,-120.5208,38.8577
0.083049774,-120.1582,38.90858
0.032749712,-119.795,38.9581
0.10924971,-120.223,39.19109
0.028649688,-119.8581,39.24089
0.089649856,-120.2885,39.4738
0.01429981,-119.9218,39.5239
0.09223977,-120.4549,38.57567
0.4603648,-120.094,38.62627
-0.0890103,-120.5208,38.8577
0.42306462,-120.1582,38.90858
0.40398976,-119.795,38.9581
0.39931473,-120.223,39.19109
0.5024147,-119.8581,39.24089
0.6074898,-120.2885,39.4738
0.43458983,-119.9218,39.5239
-0.09543896,-120.4549,38.57567
0.202061,-120.094,38.62627
-0.17496389,-120.5208,38.8577
0.3302359,-120.1582,38.90858
0.5623609,-119.795,38.9581
0.4294359,-120.223,39.19109
0.579286,-119.8581,39.24089
0.626436,-120.2885,39.4738
0.47981095,-119.9218,39.5239
0.12017232,-120.4549,38.57567
0.09599733,-120.094,38.62627
0.18504733,-120.5208,38.8577
0.08917236,-120.1582,38.90858
0.08102244,-119.795,38.9581
0.11982232,-120.223,39.19109
0.0896225,-119.8581,39.24089
0.1272974,-120.2885,39.4738
0.114747405,-119.9218,39.5239
-0.12398076,-120.4549,38.57567
0.114444286,-120.094,38.62627
-0.20643055,-120.5208,38.8577
0.19359437,-120.1582,38.90858
0.15504429,-119.795,38.9581
0.1357443,-120.223,39.19109
0.15446931,-119.8581,39.24089
0.27491933,-120.2885,39.4738
0.23101935,-119.9218,39.5239
0.27368015,-120.4549,38.57567
0.27320504,-120.094,38.62627
0.32483006,-120.5208,38.8577
0.33278012,-120.1582,38.90858
0.14958012,-119.795,38.9581
0.32515508,-120.223,39.19109
0.12715507,-119.8581,39.24089
0.38390505,-120.2885,39.4738
0.17663014,-119.9218,39.5239
-0.112458795,-120.4549,38.57567
0.29269126,-120.094,38.62627
-0.18470874,-120.5208,38.8577
0.47401628,-120.1582,38.90858
0.42491624,-119.795,38.9581
0.5965912,-120.223,39.19109
0.36574125,-119.8581,39.24089
0.7587913,-120.2885,39.4738
0.5247163,-119.9218,39.5239
0.15006739,-120.4549,38.57567
0.32586735,-120.094,38.62627
0.10756737,-120.5208,38.8577
0.2559674,-120.1582,38.90858
0.16309237,-119.795,38.9581
0.17831737,-120.223,39.19109
0.03591734,-119.8581,39.24089
0.2954174,-120.2885,39.4738
0.16069236,-119.9218,39.5239
0.029040694,-120.4549,38.57567
0.13165325,-120.094,38.62627
-0.024446726,-120.5208,38.8577
0.26485324,-120.1582,38.90858
0.13249066,-119.795,38.9581
0.25555322,-120.223,39.19109
0.16894075,-119.8581,39.24089
0.3619407,-120.2885,39.4738
0.17754072,-119.9218,39.5239
0.04557374,-120.4549,38.57567
0.027523696,-120.094,38.62627
0.022148788,-120.5208,38.8577
0.024123847,-120.1582,38.90858
0.046248853,-119.795,38.9581
0.03552389,-120.223,39.19109
0.021773815,-119.8581,39.24089
0.11087388,-120.2885,39.4738
0.076548815,-119.9218,39.5239
0.057188034,-120.4549,38.57567
0.198138,-120.094,38.62627
0.09018803,-120.5208,38.8577
0.17138809,-120.1582,38.90858
0.096163094,-119.795,38.9581
0.13263816,-120.223,39.19109
0.05278808,-119.8581,39.24089
0.11016309,-120.2885,39.4738
-0.009911895,-119.9218,39.5239
-0.009389877,-120.4549,38.57567
0.109935164,-120.094,38.62627
-0.02221489,-120.5208,38.8577
-0.00053983927,-120.1582,38.90858
0.024935126,-119.795,38.9581
0.04093504,-120.223,39.19109
0.031285286,-119.8581,39.24089
0.0251351,-120.2885,39.4738
-0.0022399426,-119.9218,39.5239
0.025443494,-120.4549,38.57567
0.026893377,-120.094,38.62627
-0.031106532,-120.5208,38.8577
0.020193696,-120.1582,38.90858
0.007968605,-119.795,38.9581
0.03074354,-120.223,39.19109
0.009393513,-119.8581,39.24089
0.019443631,-120.2885,39.4738
0.006593406,-119.9218,39.5239
-0.0427925,-120.4549,38.57567
0.11233243,-120.094,38.62627
0.077207446,-120.5208,38.8577
0.16145751,-120.1582,38.90858
0.09930751,-119.795,38.9581
0.06348246,-120.223,39.19109
0.053957403,-119.8581,39.24089
0.08663243,-120.2885,39.4738
0.027807385,-119.9218,39.5239
0.03713727,-120.4549,38.57567
-0.0203377,-120.094,38.62627
0.008812249,-120.5208,38.8577
0.102062345,-120.1582,38.90858
0.037037194,-119.795,38.9581
-0.2736128,-120.223,39.19109
-0.07988763,-119.8581,39.24089
-0.036587715,-120.2885,39.4738
-0.05248773,-119.9218,39.5239
0.015536249,-120.4549,38.57567
0.014486253,-120.094,38.62627
0.016961277,-120.5208,38.8577
0.017711341,-120.1582,38.90858
0.01716134,-119.795,38.9581
0.020661265,-120.223,39.19109
0.019836247,-119.8581,39.24089
0.0244613,-120.2885,39.4738
0.026186287,-119.9218,39.5239
0.13781482,-120.4549,38.57567
0.3159147,-120.094,38.62627
0.13176471,-120.5208,38.8577
0.13481474,-120.1582,38.90858
0.06873989,-119.795,38.9581
0.18588984,-120.223,39.19109
0.13428974,-119.8581,39.24089
0.2149148,-120.2885,39.4738
0.08411479,-119.9218,39.5239
0.05980462,-120.4549,38.57567
0.075579524,-120.094,38.62627
0.06087947,-120.5208,38.8577
0.11057955,-120.1582,38.90858
0.104679346,-119.795,38.9581
0.052604496,-120.223,39.19109
0.04705453,-119.8581,39.24089
0.06715447,-120.2885,39.4738
0.0301795,-119.9218,39.5239
-0.006826699,-120.4549,38.57567
-0.0060268044,-120.094,38.62627
-0.0076017976,-120.5208,38.8577
-0.006751716,-120.1582,38.90858
-0.002551794,-119.795,38.9581
0.005873263,-120.223,39.19109
-0.008726656,-119.8581,39.24089
0.02799815,-120.2885,39.4738
0.00914824,-119.9218,39.5239
-0.0005363226,-120.4549,38.57567
-0.0010864139,-120.094,38.62627
-0.0012363791,-120.5208,38.8577
-0.008686364,-120.1582,38.90858
-0.0065113306,-119.795,38.9581
-0.004736364,-120.223,39.19109
-0.010986328,-119.8581,39.24089
-0.00031137466,-120.2885,39.4738
-0.007911384,-119.9218,39.5239
0.12989724,-120.4549,38.57567
0.122522116,-120.094,38.62627
0.18854722,-120.5208,38.8577
0.03669715,-120.1582,38.90858
-0.08067778,-119.795,38.9581
0.028672129,-120.223,39.19109
0.014497161,-119.8581,39.24089
-0.014427781,-120.2885,39.4738
-0.021152765,-119.9218,39.5239
-0.0009559989,-120.4549,38.57567
0.0071439743,-120.094,38.62627
0.012643874,-120.5208,38.8577
0.007043898,-120.1582,38.90858
0.0066938996,-119.795,38.9581
0.00879395,-120.223,39.19109
0.0072939396,-119.8581,39.24089
-0.014306009,-120.2885,39.4738
0.0017439127,-119.9218,39.5239
0.007901609,-120.4549,38.57567
0.018301725,-120.094,38.62627
-0.02304843,-120.5208,38.8577
0.006801486,-120.1582,38.90858
0.012176573,-119.795,38.9581
0.012076676,-120.223,39.19109
0.011826694,-119.8581,39.24089
0.012101412,-120.2885,39.4738
0.013151586,-119.9218,39.5239
0.051379144,-120.4549,38.57567
0.05140409,-120.094,38.62627
0.065329105,-120.5208,38.8577
0.059004247,-120.1582,38.90858
0.038154095,-119.795,38.9581
0.027304113,-120.223,39.19109
0.03345409,-119.8581,39.24089
0.04290411,-120.2885,39.4738
0.024254143,-119.9218,39.5239
-0.0013886392,-120.4549,38.57567
-0.0002886951,-120.094,38.62627
-0.0013387203,-120.5208,38.8577
0.00041130185,-120.1582,38.90858
0.0014614165,-119.795,38.9581
0.0008614361,-120.223,39.19109
0.0009863675,-119.8581,39.24089
0.0013864338,-120.2885,39.4738
0.00061133504,-119.9218,39.5239
0.013082266,-120.4549,38.57567
0.018532157,-120.094,38.62627
0.013007164,-120.5208,38.8577
0.016307116,-120.1582,38.90858
0.017082214,-119.795,38.9581
0.015657127,-120.223,39.19109
0.016682208,-119.8581,39.24089
0.020582259,-120.2885,39.4738
0.014082253,-119.9218,39.5239
0.09006578,-120.4549,38.57567
0.13676578,-120.094,38.62627
0.10456574,-120.5208,38.8577
0.13991576,-120.1582,38.90858
0.06926578,-119.795,38.9581
0.13196576,-120.223,39.19109
0.050915778,-119.8581,39.24089
0.15141577,-120.2885,39.4738
0.074615836,-119.9218,39.5239
0.14931524,-120.4549,38.57567
0.3611403,-120.094,38.62627
0.10231525,-120.5208,38.8577
0.29339027,-120.1582,38.90858
0.16989022,-119.795,38.9581
0.2350902,-120.223,39.19109
0.13546532,-119.8581,39.24089
0.29794025,-120.2885,39.4738
0.14094025,-119.9218,39.5239
0.051772177,-120.4549,38.57567
0.0788472,-120.094,38.62627
0.045697212,-120.5208,38.8577
0.040872186,-120.1582,38.90858
0.038222313,-119.795,38.9581
0.045197308,-120.223,39.19109
0.047397256,-119.8581,39.24089
0.04549727,-120.2885,39.4738
0.034747273,-119.9218,39.5239
0.008199811,-120.4549,38.57567
0.013824761,-120.094,38.62627
-0.004825264,-120.5208,38.8577
-0.0046001673,-120.1582,38.90858
0.01867479,-119.795,38.9581
0.01159969,-120.223,39.19109
0.020924807,-119.8581,39.24089
0.02614975,-120.2885,39.4738
0.021449715,-119.9218,39.5239
-0.024733037,-120.4549,38.57567
-0.014857978,-120.094,38.62627
0.013966948,-120.5208,38.8577
0.051667005,-120.1582,38.90858
0.041117072,-119.795,38.9581
0.0077170134,-120.223,39.19109
0.019592017,-119.8581,39.24089
0.005942017,-120.2885,39.4738
0.0057920218,-119.9218,39.5239
0.016517282,-120.4549,38.57567
0.011467218,-120.094,38.62627
0.024567187,-120.5208,38.8577
0.032117248,-120.1582,38.90858
0.023017228,-119.795,38.9581
0.02716726,-120.223,39.19109
0.03236723,-119.8581,39.24089
0.020467162,-120.2885,39.4738
0.020117223,-119.9218,39.5239
0.032565653,-120.4549,38.57567
0.021065652,-120.094,38.62627
0.003715694,-120.5208,38.8577
0.0072656274,-120.1582,38.90858
0.008315682,-119.795,38.9581
0.001865685,-120.223,39.19109
0.0020656586,-119.8581,39.24089
-0.001734376,-120.2885,39.4738
-0.0035843253,-119.9218,39.5239
0.030341327,-120.4549,38.57567
0.043991387,-120.094,38.62627
0.02024126,-120.5208,38.8577
0.036191225,-120.1582,38.90858
0.006241262,-119.795,38.9581
0.043491304,-120.223,39.19109
0.040791392,-119.8581,39.24089
0.04879141,-120.2885,39.4738
0.036791265,-119.9218,39.5239
0.013204575,-120.4549,38.57567
0.01742953,-120.094,38.62627
0.015879512,-120.5208,38.8577
0.01940453,-120.1582,38.90858
0.017829597,-119.795,38.9581
0.020754516,-120.223,39.19109
0.01820457,-119.8581,39.24089
0.023729563,-120.2885,39.4738
0.023979604,-119.9218,39.5239
0.013737023,-120.4549,38.57567
0.016287029,-120.094,38.62627
0.01336199,-120.5208,38.8577
0.018912017,-120.1582,38.90858
0.018662095,-119.795,38.9581
0.01976204,-120.223,39.19109
0.016012013,-119.8581,39.24089
0.027037084,-120.2885,39.4738
0.018887103,-119.9218,39.5239
-0.00043278933,-120.4549,38.57567
0.022092193,-120.094,38.62627
0.009642005,-120.5208,38.8577
0.005592108,-120.1582,38.90858
0.0020421743,-119.795,38.9581
0.011392117,-120.223,39.19109
0.011591971,-119.8581,39.24089
0.011517048,-120.2885,39.4738
0.011142135,-119.9218,39.5239
0.0043867826,-120.4549,38.57567
0.033436745,-120.094,38.62627
-0.0025382936,-120.5208,38.8577
-0.007538229,-120.1582,38.90858
0.017861724,-119.795,38.9581
0.010386765,-120.223,39.19109
0.02268678,-119.8581,39.24089
0.020211786,-120.2885,39.4738
0.01598677,-119.9218,39.5239
0.007888079,-120.4549,38.57567
0.008163303,-120.094,38.62627
0.0064131618,-120.5208,38.8577
0.007163137,-120.1582,38.90858
0.008613139,-119.795,38.9581
0.0049133003,-120.223,39.19109
-0.0029868186,-119.8581,39.24089
0.007813275,-120.2885,39.4738
0.005613178,-119.9218,39.5239
0.02625084,-120.4549,38.57567
0.039100766,-120.094,38.62627
0.020600736,-120.5208,38.8577
0.023750722,-120.1582,38.90858
0.01907587,-119.795,38.9581
0.019050837,-120.223,39.19109
0.016450882,-119.8581,39.24089
0.017000794,-120.2885,39.4738
0.014075816,-119.9218,39.5239
0.0122817755,-120.4549,38.57567
0.106856644,-120.094,38.62627
0.037106693,-120.5208,38.8577
0.021256804,-120.1582,38.90858
0.023956835,-119.795,38.9581
-0.0070432425,-120.223,39.19109
0.036406755,-119.8581,39.24089
0.06850678,-120.2885,39.4738
0.025081873,-119.9218,39.5239
-0.12672052,-120.4549,38.57567
-0.100895524,-120.094,38.62627
-0.019720495,-120.5208,38.8577
-0.035945624,-120.1582,38.90858
0.0032294393,-119.795,38.9581
-0.12494561,-120.223,39.19109
-0.07614553,-119.8581,39.24089
-0.034470648,-120.2885,39.4738
-0.055170476,-119.9218,39.5239
0.009953439,-120.4549,38.57567
0.0424034,-120.094,38.62627
0.016953409,-120.5208,38.8577
-0.00027164817,-120.1582,38.90858
0.006828338,-119.795,38.9581
0.0092534125,-120.223,39.19109
0.017628402,-119.8581,39.24089
-0.015321612,-120.2885,39.4738
0.03910333,-119.9218,39.5239
0.015747428,-120.4549,38.57567
0.02054739,-120.094,38.62627
0.011272371,-120.5208,38.8577
-0.0016277432,-120.1582,38.90858
0.007047355,-119.795,38.9581
0.0029973984,-120.223,39.19109
0.009897351,-119.8581,39.24089
0.015872419,-120.2885,39.4738
0.0158723,-119.9218,39.5239
0.0060049295,-120.4549,38.57567
0.009379923,-120.094,38.62627
0.005429864,-120.5208,38.8577
0.008479953,-120.1582,38.90858
0.01157999,-119.795,38.9581
0.015630007,-120.223,39.19109
0.014755011,-119.8581,39.24089
0.046205044,-120.2885,39.4738
0.03720498,-119.9218,39.5239
0.003092885,-120.4549,38.57567
0.004893005,-120.094,38.62627
0.0024929047,-120.5208,38.8577
0.0046429634,-120.1582,38.90858
0.0047679543,-119.795,38.9581
0.0023930073,-120.223,39.19109
-0.006731987,-119.8581,39.24089
0.0030929446,-120.2885,39.4738
0.0064429045,-119.9218,39.5239
0.032882452,-120.4549,38.57567
0.046607375,-120.094,38.62627
0.041282356,-120.5208,38.8577
0.02448231,-120.1582,38.90858
8.2433224e-05,-119.795,38.9581
0.022757351,-120.223,39.19109
-0.0039176345,-119.8581,39.24089
0.01843232,-120.2885,39.4738
-0.0068926215,-119.9218,39.5239
0.03927666,-120.4549,38.57567
0.5101518,-120.094,38.62627
-0.18237334,-120.5208,38.8577
0.21347672,-120.1582,38.90858
0.24845177,-119.795,38.9581
0.32562667,-120.223,39.19109
0.33745182,-119.8581,39.24089
0.58150184,-120.2885,39.4738
0.27022666,-119.9218,39.5239
-0.17265129,-120.4549,38.57567
0.19282377,-120.094,38.62627
-0.13335139,-120.5208,38.8577
0.24444878,-120.1582,38.90858
0.25022376,-119.795,38.9581
0.21822381,-120.223,39.19109
0.21459877,-119.8581,39.24089
0.17689872,-120.2885,39.4738
0.15827376,-119.9218,39.5239
-0.024447799,-120.4549,38.57567
0.39245212,-120.094,38.62627
-0.031247735,-120.5208,38.8577
0.14057714,-120.1582,38.90858
0.0597021,-119.795,38.9581
0.088302135,-120.223,39.19109
0.027902186,-119.8581,39.24089
0.10515213,-120.2885,39.4738
0.03935212,-119.9218,39.5239
-0.009856403,-120.4549,38.57567
0.054718554,-120.094,38.62627
0.021418571,-120.5208,38.8577
0.033093512,-120.1582,38.90858
0.021493495,-119.795,38.9581
0.018768549,-120.223,39.19109
0.003593564,-119.8581,39.24089
0.016843498,-120.2885,39.4738
0.00054347515,-119.9218,39.5239
0.03064698,-120.4549,38.57567
0.027871966,-120.094,38.62627
0.021922112,-120.5208,38.8577
0.047996998,-120.1582,38.90858
0.061747074,-119.795,38.9581
0.016296923,-120.223,39.19109
0.0166471,-119.8581,39.24089
0.0043470263,-120.2885,39.4738
0.0069969893,-119.9218,39.5239
0.008856058,-120.4549,38.57567
-0.006894052,-120.094,38.62627
0.005306065,-120.5208,38.8577
0.0037560463,-120.1582,38.90858
0.0076310635,-119.795,38.9581
0.003330946,-120.223,39.19109
0.0023809671,-119.8581,39.24089
0.00083106756,-120.2885,39.4738
0.0009810328,-119.9218,39.5239
-0.00049990416,-120.4549,38.57567
0.0019501448,-120.094,38.62627
-0.0043498874,-120.5208,38.8577
0.0015751123,-120.1582,38.90858
0.002025187,-119.795,38.9581
0.0028252006,-120.223,39.19109
0.0025752187,-119.8581,39.24089
-0.0019997954,-120.2885,39.4738
0.0043501854,-119.9218,39.5239
-0.51914877,-120.4549,38.57567
-0.10082379,-120.094,38.62627
-0.5986239,-120.5208,38.8577
0.17837626,-120.1582,38.90858
0.71582615,-119.795,38.9581
0.14975119,-120.223,39.19109
0.48320124,-119.8581,39.24089
0.20335117,-120.2885,39.4738
0.7927511,-119.9218,39.5239
-1.8745973,-120.4549,38.57567
0.47315264,-120.094,38.62627
-1.0600972,-120.5208,38.8577
0.48740268,-120.1582,38.90858
0.5199027,-119.795,38.9581
0.4465527,-120.223,39.19109
0.6801276,-119.8581,39.24089
0.8281526,-120.2885,39.4738
0.79972774,-119.9218,39.5239
-0.73509836,-120.4549,38.57567
0.46910164,-120.094,38.62627
-0.037273377,-120.5208,38.8577
0.3894516,-120.1582,38.90858
0.4066266,-119.795,38.9581
0.45860153,-120.223,39.19109
0.13692659,-119.8581,39.24089
0.114076614,-120.2885,39.4738
0.21512663,-119.9218,39.5239
-0.18243831,-120.4549,38.57567
0.03401178,-120.094,38.62627
-0.11506325,-120.5208,38.8577
0.025336742,-120.1582,38.90858
0.0053617954,-119.795,38.9581
0.009986758,-120.223,39.19109
-0.05963826,-119.8581,39.24089
-0.03628826,-120.2885,39.4738
-0.027313292,-119.9218,39.5239
0.027478516,-120.4549,38.57567
0.047878444,-120.094,38.62627
0.002553463,-120.5208,38.8577
0.11802843,-120.1582,38.90858
0.09997854,-119.795,38.9581
0.11300349,-120.223,39.19109
0.043628514,-119.8581,39.24089
0.1539784,-120.2885,39.4738
0.13177845,-119.9218,39.5239
0.019067526,-120.4549,38.57567
0.015992433,-120.094,38.62627
-0.042132437,-120.5208,38.8577
-0.049007475,-120.1582,38.90858
-0.019607455,-119.795,38.9581
0.03621757,-120.223,39.19109
0.037842512,-119.8581,39.24089
0.07159251,-120.2885,39.4738
0.051092595,-119.9218,39.5239
-0.016679823,-120.4549,38.57567
-0.0012797117,-120.094,38.62627
-0.0098297,-120.5208,38.8577
0.02004534,-120.1582,38.90858
0.05052024,-119.795,38.9581
0.031970263,-120.223,39.19109
0.03399527,-119.8581,39.24089
0.03207022,-120.2885,39.4738
0.050845265,-119.9218,39.5239
0.05113095,-120.4549,38.57567
0.06488091,-120.094,38.62627
0.040080905,-120.5208,38.8577
0.03580594,-120.1582,38.90858
0.033505976,-119.795,38.9581
0.029255867,-120.223,39.19109
0.018280864,-119.8581,39.24089
0.016905963,-120.2885,39.4738
0.029130936,-119.9218,39.5239
0.01992032,-120.4549,38.57567
0.017820269,-120.094,38.62627
0.0024453402,-120.5208,38.8577
0.00024530292,-120.1582,38.90858
0.0015952885,-119.795,38.9581
0.0034452677,-120.223,39.19109
0.0042952895,-119.8581,39.24089
-0.007304728,-120.2885,39.4738
-0.0029298067,-119.9218,39.5239
-0.29034403,-120.4549,38.57567
0.17510587,-120.094,38.62627
-0.15279406,-120.5208,38.8577
0.14993083,-120.1582,38.90858
0.21398085,-119.795,38.9581
0.06010577,-120.223,39.19109
0.08555582,-119.8581,39.24089
0.033605814,-120.2885,39.4738
0.06713092,-119.9218,39.5239
-0.73808205,-120.4549,38.57567
-0.37018204,-120.094,38.62627
-0.8337821,-120.5208,38.8577
0.3545679,-120.1582,38.90858
0.8511178,-119.795,38.9581
0.39286792,-120.223,39.19109
0.36641794,-119.8581,39.24089
0.47421795,-120.2885,39.4738
0.53011787,-119.9218,39.5239
-0.3142258,-120.4549,38.57567
-0.042675912,-120.094,38.62627
-0.31142575,-120.5208,38.8577
0.14894909,-120.1582,38.90858
0.2838741,-119.795,38.9581
0.0045241117,-120.223,39.19109
0.11799914,-119.8581,39.24089
0.16797405,-120.2885,39.4738
0.23777407,-119.9218,39.5239
-0.0057455003,-120.4549,38.57567
0.07772961,-120.094,38.62627
-0.010220408,-120.5208,38.8577
-0.011795551,-120.1582,38.90858
-0.0033705235,-119.795,38.9581
-0.0027953684,-120.223,39.19109
0.06377971,-119.8581,39.24089
0.00025463104,-120.2885,39.4738
0.0013046563,-119.9218,39.5239
-0.022627652,-120.4549,38.57567
0.05994749,-120.094,38.62627
0.028297454,-120.5208,38.8577
0.04029739,-120.1582,38.90858
0.060397297,-119.795,38.9581
0.028072447,-120.223,39.19109
0.05849746,-119.8581,39.24089
-0.0004775226,-120.2885,39.4738
0.05167243,-119.9218,39.5239
0.07485002,-120.4549,38.57567
0.19422501,-120.094,38.62627
0.040250003,-120.5208,38.8577
0.18979996,-120.1582,38.90858
0.11654997,-119.795,38.9581
0.15559995,-120.223,39.19109
0.12190002,-119.8581,39.24089
0.20174998,-120.2885,39.4738
0.12382507,-119.9218,39.5239
-0.070159316,-120.4549,38.57567
0.060540825,-120.094,38.62627
-0.09018433,-120.5208,38.8577
0.023065716,-120.1582,38.90858
0.075015634,-119.795,38.9581
0.033715636,-120.223,39.19109
0.049340665,-119.8581,39.24089
0.07636562,-120.2885,39.4738
0.06289062,-119.9218,39.5239
-0.01454556,-120.4549,38.57567
0.21300447,-120.094,38.62627
0.20170444,-120.5208,38.8577
0.4274795,-120.1582,38.90858
0.12977946,-119.795,38.9581
0.33265442,-120.223,39.19109
0.16255438,-119.8581,39.24089
0.44615442,-120.2885,39.4738
0.2114045,-119.9218,39.5239
-0.14054438,-120.4549,38.57567
0.12803072,-120.094,38.62627
-0.14446935,-120.5208,38.8577
0.08123055,-120.1582,38.90858
0.21688065,-119.795,38.9581
0.046055615,-120.223,39.19109
-0.0598194,-119.8581,39.24089
0.1810807,-120.2885,39.4738
0.3174056,-119.9218,39.5239
-0.16664225,-120.4549,38.57567
0.12765783,-120.094,38.62627
-0.015367329,-120.5208,38.8577
0.088582695,-120.1582,38.90858
0.020157754,-119.795,38.9581
0.073257804,-120.223,39.19109
0.011332631,-119.8581,39.24089
0.03090763,-120.2885,39.4738
0.023857772,-119.9218,39.5239
-0.019230127,-120.4549,38.57567
0.030094862,-120.094,38.62627
-0.015380114,-120.5208,38.8577
0.032094896,-120.1582,38.90858
0.0038447976,-119.795,38.9581
0.025669903,-120.223,39.19109
0.0035199523,-119.8581,39.24089
0.0065199137,-120.2885,39.4738
0.016269892,-119.9218,39.5239
0.002477765,-120.4549,38.57567
0.0021027923,-120.094,38.62627
0.0024527311,-120.5208,38.8577
0.00075268745,-120.1582,38.90858
-0.00039732456,-119.795,38.9581
0.014552772,-120.223,39.19109
0.0013027191,-119.8581,39.24089
0.0066028237,-120.2885,39.4738
0.0050777793,-119.9218,39.5239
0.18767995,-120.4549,38.57567
0.21225506,-120.094,38.62627
0.117204934,-120.5208,38.8577
0.1699799,-120.1582,38.90858
0.15205494,-119.795,38.9581
0.21180499,-120.223,39.19109
0.09670499,-119.8581,39.24089
0.26767996,-120.2885,39.4738
0.162355,-119.9218,39.5239
-0.46928835,-120.4549,38.57567
0.34286162,-120.094,38.62627
-1.0346884,-120.5208,38.8577
0.67488664,-120.1582,38.90858
0.94171154,-119.795,38.9581
0.74818665,-120.223,39.19109
0.66593647,-119.8581,39.24089
0.90746164,-120.2885,39.4738
0.8307616,-119.9218,39.5239
-0.39695406,-120.4549,38.57567
-0.13495412,-120.094,38.62627
-0.17777905,-120.5208,38.8577
0.05622095,-120.1582,38.90858
0.29779595,-119.795,38.9581
0.2464959,-120.223,39.19109
0.33064592,-119.8581,39.24089
0.22322088,-120.2885,39.4738
0.2777459,-119.9218,39.5239
-0.023682445,-120.4549,38.57567
-0.04023245,-120.094,38.62627
-0.16203246,-120.5208,38.8577
-0.0051074326,-120.1582,38.90858
-0.024357378,-119.795,38.9581
0.0076925755,-120.223,39.19109
0.0062425137,-119.8581,39.24089
0.14211756,-120.2885,39.4738
-0.06010747,-119.9218,39.5239
0.095924735,-120.4549,38.57567
0.13474983,-120.094,38.62627
0.08314982,-120.5208,38.8577
0.11067477,-120.1582,38.90858
0.0632247,-119.795,38.9581
0.024424732,-120.223,39.19109
0.037424803,-119.8581,39.24089
0.056074858,-120.2885,39.4738
-0.0042752028,-119.9218,39.5239
0.00901854,-120.4549,38.57567
0.23841858,-120.094,38.62627
-0.1751064,-120.5208,38.8577
0.22499359,-120.1582,38.90858
0.07229352,-119.795,38.9581
0.20089358,-120.223,39.19109
0.08219361,-119.8581,39.24089
0.2679184,-120.2885,39.4738
0.037718534,-119.9218,39.5239
-0.052700937,-120.4549,38.57567
0.017724097,-120.094,38.62627
-0.060525864,-120.5208,38.8577
-0.11617583,-120.1582,38.90858
-0.10590097,-119.795,38.9581
-0.12390077,-120.223,39.19109
-0.13750091,-119.8581,39.24089
0.08592409,-120.2885,39.4738
-0.03362596,-119.9218,39.5239
0.007707238,-120.4549,38.57567
-0.005467713,-120.094,38.62627
0.0126821995,-120.5208,38.8577
0.018182218,-120.1582,38.90858
0.01508224,-119.795,38.9581
0.01173234,-120.223,39.19109
0.018282235,-119.8581,39.24089
0.009657204,-120.2885,39.4738
0.011832237,-119.9218,39.5239
0.033601344,-120.4549,38.57567
0.042476356,-120.094,38.62627
0.022101402,-120.5208,38.8577
0.031751513,-120.1582,38.90858
0.031151235,-119.795,38.9581
0.020926297,-120.223,39.19109
0.013851225,-119.8581,39.24089
0.021701336,-120.2885,39.4738
0.011426449,-119.9218,39.5239
-0.045111418,-120.4549,38.57567
-0.0082114935,-120.094,38.62627
-0.009011447,-120.5208,38.8577
0.0010384321,-120.1582,38.90858
-0.01866144,-119.795,38.9581
-0.02453649,-120.223,39.19109
-0.0015864968,-119.8581,39.24089
-0.003011465,-120.2885,39.4738
-0.0029864907,-119.9218,39.5239
0.018869936,-120.4549,38.57567
0.01932007,-120.094,38.62627
0.0032448173,-120.5208,38.8577
0.001144886,-120.1582,38.90858
0.008469999,-119.795,38.9581
-0.002530098,-120.223,39.19109
0.006769836,-119.8581,39.24089
0.030869842,-120.2885,39.4738
0.008569837,-119.9218,39.5239
0.0038788319,-120.4549,38.57567
0.01990375,-120.094,38.62627
0.013028771,-120.5208,38.8577
0.017928809,-120.1582,38.90858
0.018778771,-119.795,38.9581
0.01745388,-120.223,39.19109
0.016228855,-119.8581,39.24089
0.017978787,-120.2885,39.4738
0.01440376,-119.9218,39.5239
-0.005322814,-120.4549,38.57567
-0.0057977736,-120.094,38.62627
-0.003772825,-120.5208,38.8577
0.005577326,-120.1582,38.90858
0.009527266,-119.795,38.9581
0.005777359,-120.223,39.19109
0.0036022663,-119.8581,39.24089
0.0028272867,-120.2885,39.4738
0.006252229,-119.9218,39.5239
-0.023016393,-120.4549,38.57567
-0.033691436,-120.094,38.62627
-0.027991474,-120.5208,38.8577
-0.036091447,-120.1582,38.90858
-0.0034663081,-119.795,38.9581
-0.0174914,-120.223,39.19109
0.012608588,-119.8581,39.24089
0.020958692,-120.2885,39.4738
0.023533583,-119.9218,39.5239
-0.032081008,-120.4549,38.57567
-0.040330887,-120.094,38.62627
0.0035189986,-120.5208,38.8577
-0.029505849,-120.1582,38.90858
-0.010105908,-119.795,38.9581
-0.028880894,-120.223,39.19109
-0.017930925,-119.8581,39.24089
-0.034580946,-120.2885,39.4738
0.008469045,-119.9218,39.5239
-0.034638226,-120.4549,38.57567
-0.015588403,-120.094,38.62627
-0.030388355,-120.5208,38.8577
-0.04238838,-120.1582,38.90858
-0.031513333,-119.795,38.9581
-0.029888332,-120.223,39.19109
-0.027713299,-119.8581,39.24089
-0.0174883,-120.2885,39.4738
-0.043363333,-119.9218,39.5239
0.0096844435,-120.4549,38.57567
0.031184494,-120.094,38.62627
0.010884523,-120.5208,38.8577
0.018484592,-120.1582,38.90858
0.023659587,-119.795,38.9581
0.027159512,-120.223,39.19109
0.018834472,-119.8581,39.24089
0.040534556,-120.2885,39.4738
0.019459486,-119.9218,39.5239
-0.013804436,-120.4549,38.57567
-0.02197951,-120.094,38.62627
-0.0035545826,-120.5208,38.8577
0.00699538,-120.1582,38.90858
0.019120395,-119.795,38.9581
0.018345475,-120.223,39.19109
0.04022044,-119.8581,39.24089
0.022645414,-120.2885,39.4738
0.022520483,-119.9218,39.5239
0.025427163,-120.4549,38.57567
-0.059622824,-120.094,38.62627
0.018127084,-120.5208,38.8577
0.06697708,-120.1582,38.90858
0.07990211,-119.795,38.9581
0.023927152,-120.223,39.19109
0.08707708,-119.8581,39.24089
0.04450214,-120.2885,39.4738
0.026952088,-119.9218,39.5239
0.012598038,-120.4549,38.57567
0.017348051,-120.094,38.62627
0.012423158,-120.5208,38.8577
0.018823028,-120.1582,38.90858
0.02537316,-119.795,38.9581
0.021273017,-120.223,39.19109
0.02314806,-119.8581,39.24089
0.029423177,-120.2885,39.4738
0.024273038,-119.9218,39.5239
0.10845053,-120.4549,38.57567
0.15460062,-120.094,38.62627
-0.00542444,-120.5208,38.8577
0.18207556,-120.1582,38.90858
0.12322551,-119.795,38.9581
0.06840062,-120.223,39.19109
0.08125055,-119.8581,39.24089
0.1187256,-120.2885,39.4738
0.09205049,-119.9218,39.5239
0.004960537,-120.4549,38.57567
0.02808553,-120.094,38.62627
0.0028105378,-120.5208,38.8577
0.08353555,-120.1582,38.90858
0.07043558,-119.795,38.9581
0.054510474,-120.223,39.19109
0.11661059,-119.8581,39.24089
0.0020104647,-120.2885,39.4738
0.04131055,-119.9218,39.5239
-0.0035476089,-120.4549,38.57567
-0.0019226074,-120.094,38.62627
-0.002372563,-120.5208,38.8577
-0.0024976134,-120.1582,38.90858
-0.004022658,-119.795,38.9581
-0.0014976263,-120.223,39.19109
-0.0034726262,-119.8581,39.24089
0.0029524565,-120.2885,39.4738
-0.0036976337,-119.9218,39.5239
0.011919677,-120.4549,38.57567
0.015844584,-120.094,38.62627
0.011894703,-120.5208,38.8577
0.01851964,-120.1582,38.90858
0.021719694,-119.795,38.9581
0.022994637,-120.223,39.19109
0.025194705,-119.8581,39.24089
0.03881967,-120.2885,39.4738
0.03324461,-119.9218,39.5239
-0.0018128157,-120.4549,38.57567
-0.008637786,-120.094,38.62627
-0.001987815,-120.5208,38.8577
-0.0001628995,-120.1582,38.90858
0.005012274,-119.795,38.9581
0.0024371147,-120.223,39.19109
0.01001209,-119.8581,39.24089
0.0005121827,-120.2885,39.4738
0.016762197,-119.9218,39.5239
0.013255119,-120.4549,38.57567
0.01080513,-120.094,38.62627
0.0124050975,-120.5208,38.8577
5.1259995e-06,-120.1582,38.90858
-0.013969898,-119.795,38.9581
-0.004719794,-120.223,39.19109
-0.01816988,-119.8581,39.24089
0.001655221,-120.2885,39.4738
-0.022644758,-119.9218,39.5239
0.020998597,-120.4549,38.57567
0.08882356,-120.094,38.62627
0.016448498,-120.5208,38.8577
0.05734855,-120.1582,38.90858
0.018148422,-119.795,38.9581
0.04847336,-120.223,39.19109
-0.0056764483,-119.8581,39.24089
0.04764861,-120.2885,39.4738
-0.013276279,-119.9218,39.5239
0.01660657,-120.4549,38.57567
0.045631647,-120.094,38.62627
0.016181588,-120.5208,38.8577
0.022706687,-120.1582,38.90858
0.010656536,-119.795,38.9581
0.016956627,-120.223,39.19109
0.0068315268,-119.8581,39.24089
0.024706542,-120.2885,39.4738
0.009831607,-119.9218,39.5239
0.018250227,-120.4549,38.57567
0.025900245,-120.094,38.62627
0.016700268,-120.5208,38.8577
0.019800305,-120.1582,38.90858
0.01755023,-119.795,38.9581
0.018825173,-120.223,39.19109
0.018025279,-119.8581,39.24089
0.020150304,-120.2885,39.4738
0.012975097,-119.9218,39.5239
-0.013046354,-120.4549,38.57567
0.0012536049,-120.094,38.62627
-0.001783818,-120.5208,38.8577
0.009541094,-120.1582,38.90858
0.02217865,-119.795,38.9581
0.021078527,-120.223,39.19109
0.037478626,-119.8581,39.24089
0.04669115,-120.2885,39.4738
0.023128629,-119.9218,39.5239
