weasd,lon,lat
0.0,-120.4549,38.57567
0.0,-120.094,38.62627
0.0,-120.5208,38.8577
0.0009765625,-120.1582,38.90858
0.0,-119.795,38.9581
0.0,-120.223,39.19109
0.0,-119.8581,39.24089
0.0,-120.2885,39.4738
0.0,-119.9218,39.5239
0.0,-120.4549,38.57567
20.623047,-120.094,38.62627
0.0,-120.5208,38.8577
7.567383,-120.1582,38.90858
0.53808594,-119.795,38.9581
3.2353516,-120.223,39.19109
0.55371094,-119.8581,39.24089
4.8046875,-120.2885,39.4738
0.0,-119.9218,39.5239
0.0,-120.4549,38.57567
8.717773,-120.094,38.62627
0.0,-120.5208,38.8577
4.5703125,-120.1582,38.90858
1.0820312,-119.795,38.9581
2.7128906,-120.223,39.19109
1.0371094,-119.8581,39.24089
3.828125,-120.2885,39.4738
0.0,-119.9218,39.5239
0.0,-120.4549,38.57567
10.009766,-120.094,38.62627
0.0,-120.5208,38.8577
2.2958984,-120.1582,38.90858
8.270508,-119.795,38.9581
0.98535156,-120.223,39.19109
0.0,-119.8581,39.24089
0.013671875,-120.2885,39.4738
0.0,-119.9218,39.5239
11.379883,-120.4549,38.57567
10.341797,-120.094,38.62627
1.2675781,-120.5208,38.8577
6.013672,-120.1582,38.90858
10.151367,-119.795,38.9581
1.8105469,-120.223,39.19109
2.1113281,-119.8581,39.24089
0.8105469,-120.2885,39.4738
0.0,-119.9218,39.5239
0.0,-120.4549,38.57567
8.417969,-120.094,38.62627
0.0,-120.5208,38.8577
3.6923828,-120.1582,38.90858
8.205078,-119.795,38.9581
1.8193359,-120.223,39.19109
0.0,-119.8581,39.24089
1.8378906,-120.2885,39.4738
0.0,-119.9218,39.5239
0.0,-120.4549,38.57567
8.202148,-120.094,38.62627
0.0,-120.5208,38.8577
3.6289062,-120.1582,38.90858
7.716797,-119.795,38.9581
1.4697266,-120.223,39.19109
0.0,-119.8581,39.24089
1.7451172,-120.2885,39.4738
0.0,-119.9218,39.5239
0.0,-120.4549,38.57567
8.142578,-120.094,38.62627
0.0,-120.5208,38.8577
3.6582031,-120.1582,38.90858
6.6708984,-119.795,38.9581
0.9013672,-120.223,39.19109
0.0,-119.8581,39.24089
0.7675781,-120.2885,39.4738
0.0,-119.9218,39.5239
0.0,-120.4549,38.57567
15.56543,-120.094,38.62627
0.0,-120.5208,38.8577
6.5439453,-120.1582,38.90858
3.2617188,-119.795,38.9581
1.7324219,-120.223,39.19109
0.0029296875,-119.8581,39.24089
4.051758,-120.2885,39.4738
0.0029296875,-119.9218,39.5239
17.861328,-120.4549,38.57567
44.84375,-120.094,38.62627
5.8564453,-120.5208,38.8577
17.649414,-120.1582,38.90858
24.59961,-119.795,38.9581
8.388672,-120.223,39.19109
10.232422,-119.8581,39.24089
14.231445,-120.2885,39.4738
0.0,-119.9218,39.5239
26.761719,-120.4549,38.57567
49.762695,-120.094,38.62627
11.287109,-120.5208,38.8577
17.864258,-120.1582,38.90858
26.518555,-119.795,38.9581
8.3515625,-120.223,39.19109
10.952148,-119.8581,39.24089
11.258789,-120.2885,39.4738
0.043945312,-119.9218,39.5239
45.493164,-120.4549,38.57567
64.643555,-120.094,38.62627
12.744141,-120.5208,38.8577
3.0791016,-120.1582,38.90858
34.854492,-119.795,38.9581
20.739258,-120.223,39.19109
13.314453,-119.8581,39.24089
10.59375,-120.2885,39.4738
0.0,-119.9218,39.5239
40.145508,-120.4549,38.57567
68.177734,-120.094,38.62627
7.4091797,-120.5208,38.8577
12.928711,-120.1582,38.90858
38.112305,-119.795,38.9581
10.183594,-120.223,39.19109
15.160156,-119.8581,39.24089
10.063477,-120.2885,39.4738
0.0,-119.9218,39.5239
33.49707,-120.4549,38.57567
66.35547,-120.094,38.62627
7.3896484,-120.5208,38.8577
13.566406,-120.1582,38.90858
37.945312,-119.795,38.9581
5.5195312,-120.223,39.19109
13.7578125,-119.8581,39.24089
7.770508,-120.2885,39.4738
0.0,-119.9218,39.5239
1.7519531,-120.4549,38.57567
63.589844,-120.094,38.62627
0.0,-120.5208,38.8577
11.266602,-120.1582,38.90858
35.47461,-119.795,38.9581
3.46875,-120.223,39.19109
10.823242,-119.8581,39.24089
7.051758,-120.2885,39.4738
2.9394531,-119.9218,39.5239
22.336914,-120.4549,38.57567
64.08301,-120.094,38.62627
7.5166016,-120.5208,38.8577
13.875,-120.1582,38.90858
39.3125,-119.795,38.9581
4.071289,-120.223,39.19109
11.392578,-119.8581,39.24089
6.352539,-120.2885,39.4738
2.6445312,-119.9218,39.5239
28.25,-120.4549,38.57567
57.507812,-120.094,38.62627
0.0,-120.5208,38.8577
11.389648,-120.1582,38.90858
38.375977,-119.795,38.9581
10.447266,-120.223,39.19109
8.193359,-119.8581,39.24089
7.2216797,-120.2885,39.4738
0.8808594,-119.9218,39.5239
20.338867,-120.4549,38.57567
50.75293,-120.094,38.62627
0.0,-120.5208,38.8577
8.62207,-120.1582,38.90858
34.75,-119.795,38.9581
6.151367,-120.223,39.19109
6.6259766,-119.8581,39.24089
6.2158203,-120.2885,39.4738
0.99609375,-119.9218,39.5239
14.008789,-120.4549,38.57567
45.533203,-120.094,38.62627
0.0068359375,-120.5208,38.8577
10.833008,-120.1582,38.90858
32.22754,-119.795,38.9581
5.4658203,-120.223,39.19109
6.390625,-119.8581,39.24089
7.461914,-120.2885,39.4738
0.047851562,-119.9218,39.5239
16.326172,-120.4549,38.57567
39.782227,-120.094,38.62627
5.029297,-120.5208,38.8577
9.238281,-120.1582,38.90858
26.980469,-119.795,38.9581
5.4814453,-120.223,39.19109
13.161133,-119.8581,39.24089
6.3603516,-120.2885,39.4738
0.90234375,-119.9218,39.5239
16.570312,-120.4549,38.57567
36.976562,-120.094,38.62627
5.0996094,-120.5208,38.8577
8.167969,-120.1582,38.90858
23.757812,-119.795,38.9581
5.1708984,-120.223,39.19109
10.68457,-119.8581,39.24089
3.6591797,-120.2885,39.4738
0.0,-119.9218,39.5239
14.496094,-120.4549,38.57567
29.892578,-120.094,38.62627
0.0048828125,-120.5208,38.8577
6.5341797,-120.1582,38.90858
17.780273,-119.795,38.9581
3.1425781,-120.223,39.19109
7.588867,-119.8581,39.24089
3.2490234,-120.2885,39.4738
0.022460938,-119.9218,39.5239
14.391602,-120.4549,38.57567
29.925781,-120.094,38.62627
0.0,-120.5208,38.8577
7.828125,-120.1582,38.90858
15.7734375,-119.795,38.9581
4.3945312,-120.223,39.19109
3.696289,-119.8581,39.24089
3.5390625,-120.2885,39.4738
0.0,-119.9218,39.5239
7.1933594,-120.4549,38.57567
37.757812,-120.094,38.62627
0.0,-120.5208,38.8577
13.642578,-120.1582,38.90858
37.61914,-119.795,38.9581
4.727539,-120.223,39.19109
13.458008,-119.8581,39.24089
5.7910156,-120.2885,39.4738
0.0,-119.9218,39.5239
5.116211,-120.4549,38.57567
32.120117,-120.094,38.62627
0.0,-120.5208,38.8577
9.870117,-120.1582,38.90858
27.739258,-119.795,38.9581
4.9033203,-120.223,39.19109
3.6757812,-119.8581,39.24089
2.3300781,-120.2885,39.4738
0.030273438,-119.9218,39.5239
5.600586,-120.4549,38.57567
31.17871,-120.094,38.62627
0.0,-120.5208,38.8577
6.935547,-120.1582,38.90858
24.657227,-119.795,38.9581
3.3232422,-120.223,39.19109
2.024414,-119.8581,39.24089
0.7080078,-120.2885,39.4738
0.0,-119.9218,39.5239
4.4970703,-120.4549,38.57567
27.013672,-120.094,38.62627
0.0,-120.5208,38.8577
7.2177734,-120.1582,38.90858
18.16211,-119.795,38.9581
2.8984375,-120.223,39.19109
2.1894531,-119.8581,39.24089
3.0478516,-120.2885,39.4738
0.00390625,-119.9218,39.5239
13.790039,-120.4549,38.57567
30.216797,-120.094,38.62627
0.0029296875,-120.5208,38.8577
10.234375,-120.1582,38.90858
17.954102,-119.795,38.9581
5.600586,-120.223,39.19109
0.0,-119.8581,39.24089
4.3222656,-120.2885,39.4738
0.0,-119.9218,39.5239
14.03418,-120.4549,38.57567
21.858398,-120.094,38.62627
0.033203125,-120.5208,38.8577
7.118164,-120.1582,38.90858
12.149414,-119.795,38.9581
5.225586,-120.223,39.19109
2.2548828,-119.8581,39.24089
1.9208984,-120.2885,39.4738
0.024414062,-119.9218,39.5239
15.011719,-120.4549,38.57567
26.219727,-120.094,38.62627
0.022460938,-120.5208,38.8577
13.5703125,-120.1582,38.90858
26.737305,-119.795,38.9581
4.9873047,-120.223,39.19109
2.0507812,-119.8581,39.24089
1.4648438,-120.2885,39.4738
0.0,-119.9218,39.5239
8.917969,-120.4549,38.57567
24.123047,-120.094,38.62627
0.0,-120.5208,38.8577
11.513672,-120.1582,38.90858
23.385742,-119.795,38.9581
2.7041016,-120.223,39.19109
2.0361328,-119.8581,39.24089
2.1074219,-120.2885,39.4738
0.0126953125,-119.9218,39.5239
18.932617,-120.4549,38.57567
22.051758,-120.094,38.62627
4.1640625,-120.5208,38.8577
16.555664,-120.1582,38.90858
18.208008,-119.795,38.9581
5.208008,-120.223,39.19109
10.771484,-119.8581,39.24089
3.3457031,-120.2885,39.4738
0.016601562,-119.9218,39.5239
10.954102,-120.4549,38.57567
19.399414,-120.094,38.62627
4.826172,-120.5208,38.8577
14.894531,-120.1582,38.90858
18.448242,-119.795,38.9581
5.415039,-120.223,39.19109
4.669922,-119.8581,39.24089
12.022461,-120.2885,39.4738
0.0078125,-119.9218,39.5239
20.417969,-120.4549,38.57567
35.783203,-120.094,38.62627
3.0703125,-120.5208,38.8577
15.441406,-120.1582,38.90858
34.0,-119.795,38.9581
5.234375,-120.223,39.19109
5.7529297,-119.8581,39.24089
6.8535156,-120.2885,39.4738
0.021484375,-119.9218,39.5239
27.28125,-120.4549,38.57567
54.21875,-120.094,38.62627
5.4589844,-120.5208,38.8577
23.326172,-120.1582,38.90858
30.96875,-119.795,38.9581
4.176758,-120.223,39.19109
3.3740234,-119.8581,39.24089
7.2216797,-120.2885,39.4738
0.009765625,-119.9218,39.5239
14.198242,-120.4549,38.57567
55.77246,-120.094,38.62627
0.0,-120.5208,38.8577
24.953125,-120.1582,38.90858
33.838867,-119.795,38.9581
18.609375,-120.223,39.19109
12.795898,-119.8581,39.24089
9.24707,-120.2885,39.4738
0.0,-119.9218,39.5239
7.2714844,-120.4549,38.57567
52.73828,-120.094,38.62627
0.0,-120.5208,38.8577
23.322266,-120.1582,38.90858
35.615234,-119.795,38.9581
14.125,-120.223,39.19109
20.100586,-119.8581,39.24089
6.8564453,-120.2885,39.4738
0.91308594,-119.9218,39.5239
6.6875,-120.4549,38.57567
51.97754,-120.094,38.62627
0.0,-120.5208,38.8577
22.774414,-120.1582,38.90858
35.469727,-119.795,38.9581
12.56543,-120.223,39.19109
19.84668,-119.8581,39.24089
6.1367188,-120.2885,39.4738
0.0,-119.9218,39.5239
8.128906,-120.4549,38.57567
51.895508,-120.094,38.62627
0.0,-120.5208,38.8577
21.088867,-120.1582,38.90858
42.348633,-119.795,38.9581
9.6171875,-120.223,39.19109
19.09668,-119.8581,39.24089
8.956055,-120.2885,39.4738
0.3798828,-119.9218,39.5239
7.5898438,-120.4549,38.57567
48.621094,-120.094,38.62627
0.0,-120.5208,38.8577
16.294922,-120.1582,38.90858
41.893555,-119.795,38.9581
6.0546875,-120.223,39.19109
13.02832,-119.8581,39.24089
4.944336,-120.2885,39.4738
0.0009765625,-119.9218,39.5239
7.915039,-120.4549,38.57567
43.48633,-120.094,38.62627
0.0,-120.5208,38.8577
16.982422,-120.1582,38.90858
35.310547,-119.795,38.9581
7.2978516,-120.223,39.19109
8.928711,-119.8581,39.24089
3.3417969,-120.2885,39.4738
0.0,-119.9218,39.5239
5.455078,-120.4549,38.57567
42.8916,-120.094,38.62627
0.0,-120.5208,38.8577
15.941406,-120.1582,38.90858
35.75586,-119.795,38.9581
4.916992,-120.223,39.19109
8.12207,-119.8581,39.24089
0.0,-120.2885,39.4738
0.0,-119.9218,39.5239
7.8945312,-120.4549,38.57567
40.697266,-120.094,38.62627
0.0,-120.5208,38.8577
14.154297,-120.1582,38.90858
35.208008,-119.795,38.9581
3.9492188,-120.223,39.19109
7.3115234,-119.8581,39.24089
1.7148438,-120.2885,39.4738
0.31933594,-119.9218,39.5239
5.557617,-120.4549,38.57567
33.429688,-120.094,38.62627
0.001953125,-120.5208,38.8577
11.545898,-120.1582,38.90858
32.029297,-119.795,38.9581
4.6601562,-120.223,39.19109
9.032227,-119.8581,39.24089
1.8652344,-120.2885,39.4738
0.37695312,-119.9218,39.5239
7.848633,-120.4549,38.57567
21.526367,-120.094,38.62627
0.00390625,-120.5208,38.8577
8.46875,-120.1582,38.90858
23.445312,-119.795,38.9581
4.5507812,-120.223,39.19109
7.9023438,-119.8581,39.24089
2.6572266,-120.2885,39.4738
0.0,-119.9218,39.5239
0.0,-120.4549,38.57567
19.94629,-120.094,38.62627
0.0,-120.5208,38.8577
9.9609375,-120.1582,38.90858
19.84668,-119.795,38.9581
3.3076172,-120.223,39.19109
3.0966797,-119.8581,39.24089
3.4892578,-120.2885,39.4738
0.0,-119.9218,39.5239
0.0,-120.4549,38.57567
40.72168,-120.094,38.62627
0.0,-120.5208,38.8577
18.886719,-120.1582,38.90858
30.671875,-119.795,38.9581
16.075195,-120.223,39.19109
4.256836,-119.8581,39.24089
11.121094,-120.2885,39.4738
2.4521484,-119.9218,39.5239
10.113281,-120.4549,38.57567
63.73047,-120.094,38.62627
0.0,-120.5208,38.8577
37.785156,-120.1582,38.90858
39.703125,-119.795,38.9581
49.00586,-120.223,39.19109
16.257812,-119.8581,39.24089
33.984375,-120.2885,39.4738
2.1416016,-119.9218,39.5239
21.03711,-120.4549,38.57567
64.55176,-120.094,38.62627
9.637695,-120.5208,38.8577
36.34375,-120.1582,38.90858
37.499023,-119.795,38.9581
50.379883,-120.223,39.19109
10.675781,-119.8581,39.24089
36.478516,-120.2885,39.4738
0.90527344,-119.9218,39.5239
14.583984,-120.4549,38.57567
59.69336,-120.094,38.62627
1.0498047,-120.5208,38.8577
25.84668,-120.1582,38.90858
33.22754,-119.795,38.9581
25.749023,-120.223,39.19109
4.283203,-119.8581,39.24089
18.69629,-120.2885,39.4738
0.6767578,-119.9218,39.5239
1.3945312,-120.4549,38.57567
62.51465,-120.094,38.62627
0.5654297,-120.5208,38.8577
7.390625,-120.1582,38.90858
27.351562,-119.795,38.9581
14.582031,-120.223,39.19109
5.232422,-119.8581,39.24089
6.4970703,-120.2885,39.4738
0.0048828125,-119.9218,39.5239
26.210938,-120.4549,38.57567
57.054688,-120.094,38.62627
0.0048828125,-120.5208,38.8577
6.133789,-120.1582,38.90858
21.75586,-119.795,38.9581
9.458008,-120.223,39.19109
2.6884766,-119.8581,39.24089
4.2021484,-120.2885,39.4738
0.047851562,-119.9218,39.5239
26.827148,-120.4549,38.57567
52.23828,-120.094,38.62627
0.0,-120.5208,38.8577
17.148438,-120.1582,38.90858
22.677734,-119.795,38.9581
10.883789,-120.223,39.19109
2.75,-119.8581,39.24089
8.219727,-120.2885,39.4738
0.41015625,-119.9218,39.5239
14.512695,-120.4549,38.57567
41.466797,-120.094,38.62627
0.028320312,-120.5208,38.8577
17.892578,-120.1582,38.90858
36.86133,-119.795,38.9581
8.165039,-120.223,39.19109
1.7763672,-119.8581,39.24089
7.3046875,-120.2885,39.4738
0.0,-119.9218,39.5239
25.750977,-120.4549,38.57567
45.03418,-120.094,38.62627
0.0078125,-120.5208,38.8577
19.549805,-120.1582,38.90858
41.35742,-119.795,38.9581
7.1220703,-120.223,39.19109
1.8125,-119.8581,39.24089
7.129883,-120.2885,39.4738
0.0,-119.9218,39.5239
19.006836,-120.4549,38.57567
47.679688,-120.094,38.62627
0.0,-120.5208,38.8577
21.97754,-120.1582,38.90858
43.041992,-119.795,38.9581
15.055664,-120.223,39.19109
2.399414,-119.8581,39.24089
5.4101562,-120.2885,39.4738
0.0009765625,-119.9218,39.5239
8.110352,-120.4549,38.57567
70.078125,-120.094,38.62627
0.0,-120.5208,38.8577
43.237305,-120.1582,38.90858
54.884766,-119.795,38.9581
12.22168,-120.223,39.19109
11.680664,-119.8581,39.24089
28.705078,-120.2885,39.4738
0.29296875,-119.9218,39.5239
5.0429688,-120.4549,38.57567
104.51074,-120.094,38.62627
0.0,-120.5208,38.8577
46.439453,-120.1582,38.90858
50.30371,-119.795,38.9581
9.28418,-120.223,39.19109
5.013672,-119.8581,39.24089
21.363281,-120.2885,39.4738
0.016601562,-119.9218,39.5239
13.130859,-120.4549,38.57567
129.02246,-120.094,38.62627
0.0,-120.5208,38.8577
60.59668,-120.1582,38.90858
40.759766,-119.795,38.9581
11.769531,-120.223,39.19109
5.1533203,-119.8581,39.24089
26.113281,-120.2885,39.4738
0.6484375,-119.9218,39.5239
14.643555,-120.4549,38.57567
122.27344,-120.094,38.62627
0.0,-120.5208,38.8577
52.375,-120.1582,38.90858
39.180664,-119.795,38.9581
5.180664,-120.223,39.19109
2.600586,-119.8581,39.24089
19.661133,-120.2885,39.4738
0.005859375,-119.9218,39.5239
39.4209,-120.4549,38.57567
110.353516,-120.094,38.62627
7.7890625,-120.5208,38.8577
38.40039,-120.1582,38.90858
30.174805,-119.795,38.9581
2.9580078,-120.223,39.19109
1.6650391,-119.8581,39.24089
17.769531,-120.2885,39.4738
0.0029296875,-119.9218,39.5239
40.470703,-120.4549,38.57567
136.06738,-120.094,38.62627
8.4453125,-120.5208,38.8577
51.956055,-120.1582,38.90858
24.611328,-119.795,38.9581
13.121094,-120.223,39.19109
4.328125,-119.8581,39.24089
25.44336,-120.2885,39.4738
0.48828125,-119.9218,39.5239
65.19922,-120.4549,38.57567
142.16016,-120.094,38.62627
0.0,-120.5208,38.8577
54.719727,-120.1582,38.90858
31.853516,-119.795,38.9581
7.1445312,-120.223,39.19109
5.180664,-119.8581,39.24089
28.603516,-120.2885,39.4738
2.2333984,-119.9218,39.5239
68.73633,-120.4549,38.57567
139.8877,-120.094,38.62627
11.394531,-120.5208,38.8577
56.56543,-120.1582,38.90858
35.16992,-119.795,38.9581
17.15625,-120.223,39.19109
6.720703,-119.8581,39.24089
24.282227,-120.2885,39.4738
2.9941406,-119.9218,39.5239
1.5019531,-120.4549,38.57567
125.56348,-120.094,38.62627
0.0,-120.5208,38.8577
45.21875,-120.1582,38.90858
28.20996,-119.795,38.9581
5.1865234,-120.223,39.19109
4.232422,-119.8581,39.24089
12.0703125,-120.2885,39.4738
0.028320312,-119.9218,39.5239
0.26464844,-120.4549,38.57567
118.26953,-120.094,38.62627
0.0,-120.5208,38.8577
41.992188,-120.1582,38.90858
26.328125,-119.795,38.9581
1.1113281,-120.223,39.19109
4.1904297,-119.8581,39.24089
6.84375,-120.2885,39.4738
0.01171875,-119.9218,39.5239
0.0625,-120.4549,38.57567
108.06641,-120.094,38.62627
0.0,-120.5208,38.8577
33.57617,-120.1582,38.90858
23.302734,-119.795,38.9581
0.7402344,-120.223,39.19109
4.0195312,-119.8581,39.24089
2.8769531,-120.2885,39.4738
0.0,-119.9218,39.5239
0.0,-120.4549,38.57567
95.52539,-120.094,38.62627
0.0,-120.5208,38.8577
25.310547,-120.1582,38.90858
38.16992,-119.795,38.9581
2.5253906,-120.223,39.19109
2.5429688,-119.8581,39.24089
3.421875,-120.2885,39.4738
0.00390625,-119.9218,39.5239
0.0,-120.4549,38.57567
0.0,-120.094,38.62627
0.0,-120.5208,38.8577
0.001953125,-120.1582,38.90858
0.0,-119.795,38.9581
0.5996094,-120.223,39.19109
2.5820312,-119.8581,39.24089
0.56640625,-120.2885,39.4738
0.0,-119.9218,39.5239
0.0,-120.4549,38.57567
27.978516,-120.094,38.62627
0.0,-120.5208,38.8577
0.73828125,-120.1582,38.90858
27.296875,-119.795,38.9581
0.5761719,-120.223,39.19109
1.6640625,-119.8581,39.24089
0.22070312,-120.2885,39.4738
0.0,-119.9218,39.5239
3.7304688,-120.4549,38.57567
48.316406,-120.094,38.62627
0.001953125,-120.5208,38.8577
4.1660156,-120.1582,38.90858
48.46875,-119.795,38.9581
1.2734375,-120.223,39.19109
1.3808594,-119.8581,39.24089
1.3945312,-120.2885,39.4738
0.033203125,-119.9218,39.5239
2.5507812,-120.4549,38.57567
47.171875,-120.094,38.62627
0.0,-120.5208,38.8577
1.140625,-120.1582,38.90858
47.58789,-119.795,38.9581
1.2070312,-120.223,39.19109
1.3066406,-119.8581,39.24089
0.33984375,-120.2885,39.4738
0.0,-119.9218,39.5239
10.103516,-120.4549,38.57567
46.73633,-120.094,38.62627
0.0,-120.5208,38.8577
2.8066406,-120.1582,38.90858
46.41211,-119.795,38.9581
1.4472656,-120.223,39.19109
2.6132812,-119.8581,39.24089
1.4160156,-120.2885,39.4738
0.01171875,-119.9218,39.5239
6.1210938,-120.4549,38.57567
57.433594,-120.094,38.62627
0.0,-120.5208,38.8577
4.779297,-120.1582,38.90858
48.033203,-119.795,38.9581
0.095703125,-120.223,39.19109
1.4902344,-119.8581,39.24089
4.326172,-120.2885,39.4738
0.0,-119.9218,39.5239
13.3125,-120.4549,38.57567
96.13086,-120.094,38.62627
0.0,-120.5208,38.8577
8.9375,-120.1582,38.90858
61.197266,-119.795,38.9581
6.828125,-120.223,39.19109
3.8144531,-119.8581,39.24089
9.0234375,-120.2885,39.4738
0.025390625,-119.9218,39.5239
21.191406,-120.4549,38.57567
120.97656,-120.094,38.62627
0.0,-120.5208,38.8577
17.314453,-120.1582,38.90858
72.35547,-119.795,38.9581
21.070312,-120.223,39.19109
7.6054688,-119.8581,39.24089
15.4765625,-120.2885,39.4738
0.859375,-119.9218,39.5239
41.57617,-120.4549,38.57567
142.16602,-120.094,38.62627
11.318359,-120.5208,38.8577
15.666016,-120.1582,38.90858
87.734375,-119.795,38.9581
18.517578,-120.223,39.19109
4.357422,-119.8581,39.24089
13.589844,-120.2885,39.4738
2.3496094,-119.9218,39.5239
44.81836,-120.4549,38.57567
150.22656,-120.094,38.62627
4.533203,-120.5208,38.8577
7.3339844,-120.1582,38.90858
89.771484,-119.795,38.9581
10.150391,-120.223,39.19109
6.9257812,-119.8581,39.24089
14.5390625,-120.2885,39.4738
1.9042969,-119.9218,39.5239
47.61914,-120.4549,38.57567
149.61914,-120.094,38.62627
2.9453125,-120.5208,38.8577
6.001953,-120.1582,38.90858
89.14844,-119.795,38.9581
7.109375,-120.223,39.19109
7.142578,-119.8581,39.24089
13.636719,-120.2885,39.4738
1.7578125,-119.9218,39.5239
35.501953,-120.4549,38.57567
147.25195,-120.094,38.62627
2.4570312,-120.5208,38.8577
0.0,-120.1582,38.90858
91.9668,-119.795,38.9581
3.5078125,-120.223,39.19109
5.1914062,-119.8581,39.24089
9.095703,-120.2885,39.4738
3.1523438,-119.9218,39.5239
31.316406,-120.4549,38.57567
151.2461,-120.094,38.62627
2.9355469,-120.5208,38.8577
4.908203,-120.1582,38.90858
97.171875,-119.795,38.9581
8.269531,-120.223,39.19109
8.691406,-119.8581,39.24089
11.496094,-120.2885,39.4738
3.5703125,-119.9218,39.5239
27.970703,-120.4549,38.57567
171.9414,-120.094,38.62627
4.6015625,-120.5208,38.8577
29.605469,-120.1582,38.90858
114.50586,-119.795,38.9581
39.875,-120.223,39.19109
26.228516,-119.8581,39.24089
38.078125,-120.2885,39.4738
11.464844,-119.9218,39.5239
29.746094,-120.4549,38.57567
185.73438,-120.094,38.62627
6.90625,-120.5208,38.8577
7.669922,-120.1582,38.90858
127.0,-119.795,38.9581
16.583984,-120.223,39.19109
34.751953,-119.8581,39.24089
27.511719,-120.2885,39.4738
14.919922,-119.9218,39.5239
34.458984,-120.4549,38.57567
184.2207,-120.094,38.62627
2.125,-120.5208,38.8577
12.0078125,-120.1582,38.90858
121.55664,-119.795,38.9581
11.3203125,-120.223,39.19109
26.414062,-119.8581,39.24089
25.355469,-120.2885,39.4738
8.123047,-119.9218,39.5239
22.363281,-120.4549,38.57567
184.6289,-120.094,38.62627
0.16796875,-120.5208,38.8577
23.464844,-120.1582,38.90858
117.63672,-119.795,38.9581
4.9726562,-120.223,39.19109
17.191406,-119.8581,39.24089
21.357422,-120.2885,39.4738
4.9101562,-119.9218,39.5239
11.060547,-120.4549,38.57567
177.48242,-120.094,38.62627
0.0625,-120.5208,38.8577
1.046875,-120.1582,38.90858
108.140625,-119.795,38.9581
2.2695312,-120.223,39.19109
0.0,-119.8581,39.24089
5.5703125,-120.2885,39.4738
0.0,-119.9218,39.5239
32.06836,-120.4549,38.57567
206.70312,-120.094,38.62627
2.8769531,-120.5208,38.8577
18.072266,-120.1582,38.90858
77.35742,-119.795,38.9581
19.728516,-120.223,39.19109
7.6308594,-119.8581,39.24089
19.6875,-120.2885,39.4738
3.6523438,-119.9218,39.5239
40.16211,-120.4549,38.57567
226.15625,-120.094,38.62627
8.234375,-120.5208,38.8577
13.537109,-120.1582,38.90858
101.59961,-119.795,38.9581
35.6875,-120.223,39.19109
18.402344,-119.8581,39.24089
22.710938,-120.2885,39.4738
8.642578,-119.9218,39.5239
51.197266,-120.4549,38.57567
243.99023,-120.094,38.62627
21.066406,-120.5208,38.8577
32.53125,-120.1582,38.90858
116.64844,-119.795,38.9581
33.396484,-120.223,39.19109
29.986328,-119.8581,39.24089
23.863281,-120.2885,39.4738
10.191406,-119.9218,39.5239
55.96875,-120.4549,38.57567
253.80664,-120.094,38.62627
22.376953,-120.5208,38.8577
43.45117,-120.1582,38.90858
123.93359,-119.795,38.9581
26.742188,-120.223,39.19109
35.265625,-119.8581,39.24089
23.496094,-120.2885,39.4738
11.677734,-119.9218,39.5239
44.63086,-120.4549,38.57567
253.2168,-120.094,38.62627
10.1015625,-120.5208,38.8577
43.253906,-120.1582,38.90858
125.13867,-119.795,38.9581
21.970703,-120.223,39.19109
35.279297,-119.8581,39.24089
22.289062,-120.2885,39.4738
9.3125,-119.9218,39.5239
42.19336,-120.4549,38.57567
251.32617,-120.094,38.62627
2.5683594,-120.5208,38.8577
39.470703,-120.1582,38.90858
129.66797,-119.795,38.9581
13.652344,-120.223,39.19109
32.203125,-119.8581,39.24089
18.50586,-120.2885,39.4738
6.4765625,-119.9218,39.5239
42.396484,-120.4549,38.57567
251.39648,-120.094,38.62627
3.4472656,-120.5208,38.8577
39.89453,-120.1582,38.90858
129.02539,-119.795,38.9581
11.251953,-120.223,39.19109
30.958984,-119.8581,39.24089
18.625,-120.2885,39.4738
6.435547,-119.9218,39.5239
40.95117,-120.4549,38.57567
250.86523,-120.094,38.62627
1.4453125,-120.5208,38.8577
39.64258,-120.1582,38.90858
128.7207,-119.795,38.9581
8.386719,-120.223,39.19109
30.435547,-119.8581,39.24089
17.941406,-120.2885,39.4738
5.28125,-119.9218,39.5239
39.414062,-120.4549,38.57567
250.43555,-120.094,38.62627
1.1582031,-120.5208,38.8577
36.21875,-120.1582,38.90858
125.83203,-119.795,38.9581
4.6328125,-120.223,39.19109
28.402344,-119.8581,39.24089
13.888672,-120.2885,39.4738
5.59375,-119.9218,39.5239
37.228516,-120.4549,38.57567
245.15625,-120.094,38.62627
1.0585938,-120.5208,38.8577
29.498047,-120.1582,38.90858
115.44922,-119.795,38.9581
3.9140625,-120.223,39.19109
20.55664,-119.8581,39.24089
11.4140625,-120.2885,39.4738
5.1289062,-119.9218,39.5239
36.933594,-120.4549,38.57567
241.24023,-120.094,38.62627
1.5332031,-120.5208,38.8577
26.47461,-120.1582,38.90858
104.49609,-119.795,38.9581
3.2792969,-120.223,39.19109
11.605469,-119.8581,39.24089
6.5429688,-120.2885,39.4738
1.0332031,-119.9218,39.5239
20.001953,-120.4549,38.57567
241.47266,-120.094,38.62627
0.90625,-120.5208,38.8577
30.542969,-120.1582,38.90858
93.13867,-119.795,38.9581
3.7109375,-120.223,39.19109
4.1015625,-119.8581,39.24089
12.6796875,-120.2885,39.4738
1.78125,-119.9218,39.5239
16.371094,-120.4549,38.57567
248.70508,-120.094,38.62627
0.0,-120.5208,38.8577
33.08789,-120.1582,38.90858
82.18945,-119.795,38.9581
1.7480469,-120.223,39.19109
3.6191406,-119.8581,39.24089
12.353516,-120.2885,39.4738
0.13085938,-119.9218,39.5239
32.822266,-120.4549,38.57567
252.23828,-120.094,38.62627
0.0,-120.5208,38.8577
30.285156,-120.1582,38.90858
54.785156,-119.795,38.9581
4.4140625,-120.223,39.19109
0.5527344,-119.8581,39.24089
4.3847656,-120.2885,39.4738
0.00390625,-119.9218,39.5239
39.132812,-120.4549,38.57567
248.79492,-120.094,38.62627
1.4863281,-120.5208,38.8577
27.117188,-120.1582,38.90858
56.591797,-119.795,38.9581
5.328125,-120.223,39.19109
0.90234375,-119.8581,39.24089
2.3222656,-120.2885,39.4738
0.00390625,-119.9218,39.5239
31.898438,-120.4549,38.57567
243.98633,-120.094,38.62627
0.8144531,-120.5208,38.8577
18.392578,-120.1582,38.90858
57.779297,-119.795,38.9581
3.7597656,-120.223,39.19109
2.3203125,-119.8581,39.24089
4.21875,-120.2885,39.4738
0.0,-119.9218,39.5239
34.720703,-120.4549,38.57567
254.29688,-120.094,38.62627
1.8027344,-120.5208,38.8577
21.214844,-120.1582,38.90858
58.40039,-119.795,38.9581
5.5585938,-120.223,39.19109
1.5976562,-119.8581,39.24089
6.7871094,-120.2885,39.4738
0.0,-119.9218,39.5239
39.171875,-120.4549,38.57567
258.93164,-120.094,38.62627
1.4160156,-120.5208,38.8577
21.996094,-120.1582,38.90858
58.8125,-119.795,38.9581
7.5371094,-120.223,39.19109
1.5175781,-119.8581,39.24089
7.095703,-120.2885,39.4738
0.0,-119.9218,39.5239
40.89258,-120.4549,38.57567
249.92578,-120.094,38.62627
3.7695312,-120.5208,38.8577
12.486328,-120.1582,38.90858
55.945312,-119.795,38.9581
4.205078,-120.223,39.19109
4.7128906,-119.8581,39.24089
3.4199219,-120.2885,39.4738
0.0,-119.9218,39.5239
20.65625,-120.4549,38.57567
251.50195,-120.094,38.62627
1.3164062,-120.5208,38.8577
17.080078,-120.1582,38.90858
56.572266,-119.795,38.9581
4.8867188,-120.223,39.19109
2.7734375,-119.8581,39.24089
10.501953,-120.2885,39.4738
0.9667969,-119.9218,39.5239
34.570312,-120.4549,38.57567
279.02148,-120.094,38.62627
2.6132812,-120.5208,38.8577
28.771484,-120.1582,38.90858
59.783203,-119.795,38.9581
12.2890625,-120.223,39.19109
3.234375,-119.8581,39.24089
12.771484,-120.2885,39.4738
0.015625,-119.9218,39.5239
39.882812,-120.4549,38.57567
277.5371,-120.094,38.62627
1.6054688,-120.5208,38.8577
26.669922,-120.1582,38.90858
75.90039,-119.795,38.9581
16.46875,-120.223,39.19109
1.9707031,-119.8581,39.24089
10.287109,-120.2885,39.4738
0.0,-119.9218,39.5239
42.05078,-120.4549,38.57567
278.73047,-120.094,38.62627
4.0625,-120.5208,38.8577
26.078125,-120.1582,38.90858
80.302734,-119.795,38.9581
12.783203,-120.223,39.19109
1.2578125,-119.8581,39.24089
9.4609375,-120.2885,39.4738
0.48242188,-119.9218,39.5239
44.679688,-120.4549,38.57567
277.86523,-120.094,38.62627
3.9570312,-120.5208,38.8577
24.353516,-120.1582,38.90858
84.22461,-119.795,38.9581
8.875,-120.223,39.19109
1.984375,-119.8581,39.24089
6.5742188,-120.2885,39.4738
1.4667969,-119.9218,39.5239
42.546875,-120.4549,38.57567
274.19336,-120.094,38.62627
1.5117188,-120.5208,38.8577
34.439453,-120.1582,38.90858
83.38086,-119.795,38.9581
5.171875,-120.223,39.19109
2.1386719,-119.8581,39.24089
3.0585938,-120.2885,39.4738
0.046875,-119.9218,39.5239
41.95703,-120.4549,38.57567
263.6172,-120.094,38.62627
1.0449219,-120.5208,38.8577
20.40625,-120.1582,38.90858
77.09375,-119.795,38.9581
4.921875,-120.223,39.19109
1.4335938,-119.8581,39.24089
2.9472656,-120.2885,39.4738
0.0,-119.9218,39.5239
40.052734,-120.4549,38.57567
254.63477,-120.094,38.62627
0.8496094,-120.5208,38.8577
14.232422,-120.1582,38.90858
70.19922,-119.795,38.9581
5.2226562,-120.223,39.19109
1.3867188,-119.8581,39.24089
3.7890625,-120.2885,39.4738
0.0,-119.9218,39.5239
41.033203,-120.4549,38.57567
252.15625,-120.094,38.62627
0.875,-120.5208,38.8577
10.3046875,-120.1582,38.90858
76.86914,-119.795,38.9581
3.9101562,-120.223,39.19109
2.8339844,-119.8581,39.24089
4.4179688,-120.2885,39.4738
1.0097656,-119.9218,39.5239
39.996094,-120.4549,38.57567
242.36328,-120.094,38.62627
0.076171875,-120.5208,38.8577
2.1425781,-120.1582,38.90858
78.14258,-119.795,38.9581
2.1464844,-120.223,39.19109
0.0,-119.8581,39.24089
0.0,-120.2885,39.4738
0.0,-119.9218,39.5239
37.833984,-120.4549,38.57567
222.0664,-120.094,38.62627
0.0,-120.5208,38.8577
0.5234375,-120.1582,38.90858
70.765625,-119.795,38.9581
3.0527344,-120.223,39.19109
0.96484375,-119.8581,39.24089
2.6953125,-120.2885,39.4738
2.3085938,-119.9218,39.5239
0.0078125,-120.4549,38.57567
198.58398,-120.094,38.62627
0.0,-120.5208,38.8577
0.6308594,-120.1582,38.90858
60.48047,-119.795,38.9581
2.6699219,-120.223,39.19109
2.1152344,-119.8581,39.24089
0.640625,-120.2885,39.4738
0.0,-119.9218,39.5239
0.0625,-120.4549,38.57567
174.80469,-120.094,38.62627
0.0,-120.5208,38.8577
6.0527344,-120.1582,38.90858
43.632812,-119.795,38.9581
2.1445312,-120.223,39.19109
1.2578125,-119.8581,39.24089
0.064453125,-120.2885,39.4738
0.0,-119.9218,39.5239
0.0,-120.4549,38.57567
150.94727,-120.094,38.62627
0.0,-120.5208,38.8577
1.8144531,-120.1582,38.90858
35.15039,-119.795,38.9581
1.6425781,-120.223,39.19109
1.8671875,-119.8581,39.24089
2.53125,-120.2885,39.4738
0.0,-119.9218,39.5239
0.0625,-120.4549,38.57567
129.90234,-120.094,38.62627
0.0,-120.5208,38.8577
1.6855469,-120.1582,38.90858
21.546875,-119.795,38.9581
2.2480469,-120.223,39.19109
1.1953125,-119.8581,39.24089
3.3632812,-120.2885,39.4738
0.0,-119.9218,39.5239
0.0703125,-120.4549,38.57567
18.927734,-120.094,38.62627
0.001953125,-120.5208,38.8577
1.3222656,-120.1582,38.90858
3.3515625,-119.795,38.9581
3.0332031,-120.223,39.19109
1.421875,-119.8581,39.24089
1.5390625,-120.2885,39.4738
0.0,-119.9218,39.5239
0.00390625,-120.4549,38.57567
23.492188,-120.094,38.62627
0.0,-120.5208,38.8577
1.8320312,-120.1582,38.90858
21.65625,-119.795,38.9581
3.5917969,-120.223,39.19109
1.1621094,-119.8581,39.24089
2.8085938,-120.2885,39.4738
0.0,-119.9218,39.5239
7.470703,-120.4549,38.57567
39.617188,-120.094,38.62627
1.6308594,-120.5208,38.8577
17.666016,-120.1582,38.90858
31.927734,-119.795,38.9581
5.341797,-120.223,39.19109
3.6914062,-119.8581,39.24089
9.841797,-120.2885,39.4738
0.0,-119.9218,39.5239
2.9257812,-120.4549,38.57567
51.40039,-120.094,38.62627
2.6503906,-120.5208,38.8577
18.515625,-120.1582,38.90858
41.802734,-119.795,38.9581
4.4609375,-120.223,39.19109
6.6992188,-119.8581,39.24089
6.794922,-120.2885,39.4738
0.005859375,-119.9218,39.5239
0.0,-120.4549,38.57567
46.908203,-120.094,38.62627
0.0,-120.5208,38.8577
5.3867188,-120.1582,38.90858
39.847656,-119.795,38.9581
1.5761719,-120.223,39.19109
1.125,-119.8581,39.24089
0.5175781,-120.2885,39.4738
0.0,-119.9218,39.5239
1.1972656,-120.4549,38.57567
30.361328,-120.094,38.62627
0.0625,-120.5208,38.8577
2.5039062,-120.1582,38.90858
28.49414,-119.795,38.9581
3.3105469,-120.223,39.19109
0.78125,-119.8581,39.24089
2.4628906,-120.2885,39.4738
0.0,-119.9218,39.5239
0.0625,-120.4549,38.57567
29.888672,-120.094,38.62627
0.0,-120.5208,38.8577
2.2988281,-120.1582,38.90858
23.970703,-119.795,38.9581
2.2753906,-120.223,39.19109
0.42773438,-119.8581,39.24089
1.59375,-120.2885,39.4738
0.0,-119.9218,39.5239
0.9667969,-120.4549,38.57567
19.121094,-120.094,38.62627
0.73046875,-120.5208,38.8577
7.3535156,-120.1582,38.90858
3.7285156,-119.795,38.9581
5.9433594,-120.223,39.19109
0.41796875,-119.8581,39.24089
4.404297,-120.2885,39.4738
0.0,-119.9218,39.5239
0.96484375,-120.4549,38.57567
14.5546875,-120.094,38.62627
1.2265625,-120.5208,38.8577
5.9316406,-120.1582,38.90858
2.7675781,-119.795,38.9581
6.9726562,-120.223,39.19109
2.7265625,-119.8581,39.24089
4.3691406,-120.2885,39.4738
0.0,-119.9218,39.5239
1.3925781,-120.4549,38.57567
0.0,-120.094,38.62627
1.0429688,-120.5208,38.8577
3.5214844,-120.1582,38.90858
0.0,-119.795,38.9581
4.1875,-120.223,39.19109
1.4609375,-119.8581,39.24089
3.9863281,-120.2885,39.4738
0.0,-119.9218,39.5239
0.0,-120.4549,38.57567
0.0,-120.094,38.62627
0.0,-120.5208,38.8577
1.3691406,-120.1582,38.90858
0.0,-119.795,38.9581
2.4648438,-120.223,39.19109
1.8613281,-119.8581,39.24089
1.3867188,-120.2885,39.4738
0.0,-119.9218,39.5239
0.0,-120.4549,38.57567
10.027344,-120.094,38.62627
0.0,-120.5208,38.8577
1.3925781,-120.1582,38.90858
9.005859,-119.795,38.9581
1.671875,-120.223,39.19109
0.79296875,-119.8581,39.24089
0.96875,-120.2885,39.4738
0.0,-119.9218,39.5239
0.0,-120.4549,38.57567
3.8457031,-120.094,38.62627
0.0,-120.5208,38.8577
1.3730469,-120.1582,38.90858
0.6347656,-119.795,38.9581
2.4746094,-120.223,39.19109
0.43359375,-119.8581,39.24089
2.7304688,-120.2885,39.4738
0.0,-119.9218,39.5239
0.0625,-120.4549,38.57567
0.54296875,-120.094,38.62627
0.0,-120.5208,38.8577
9.0390625,-120.1582,38.90858
0.0,-119.795,38.9581
4.1171875,-120.223,39.19109
0.94140625,-119.8581,39.24089
3.703125,-120.2885,39.4738
0.0,-119.9218,39.5239
0.0,-120.4549,38.57567
0.0,-120.094,38.62627
0.0,-120.5208,38.8577
0.44726562,-120.1582,38.90858
0.0,-119.795,38.9581
1.578125,-120.223,39.19109
1.2597656,-119.8581,39.24089
1.6660156,-120.2885,39.4738
0.0,-119.9218,39.5239
1.0039062,-120.4549,38.57567
0.3515625,-120.094,38.62627
1.0195312,-120.5208,38.8577
3.0273438,-120.1582,38.90858
0.0,-119.795,38.9581
3.9609375,-120.223,39.19109
1.4667969,-119.8581,39.24089
3.5214844,-120.2885,39.4738
0.0,-119.9218,39.5239
0.0,-120.4549,38.57567
2.4375,-120.094,38.62627
0.65625,-120.5208,38.8577
2.6816406,-120.1582,38.90858
1.9296875,-119.795,38.9581
2.7011719,-120.223,39.19109
2.703125,-119.8581,39.24089
0.9121094,-120.2885,39.4738
0.0,-119.9218,39.5239
0.0,-120.4549,38.57567
0.00390625,-120.094,38.62627
0.0625,-120.5208,38.8577
0.0703125,-120.1582,38.90858
0.0,-119.795,38.9581
2.2441406,-120.223,39.19109
0.0,-119.8581,39.24089
1.0820312,-120.2885,39.4738
0.0,-119.9218,39.5239
0.0,-120.4549,38.57567
0.0,-120.094,38.62627
0.0,-120.5208,38.8577
0.0,-120.1582,38.90858
0.0,-119.795,38.9581
1.5292969,-120.223,39.19109
0.0,-119.8581,39.24089
0.001953125,-120.2885,39.4738
0.0,-119.9218,39.5239
0.0625,-120.4549,38.57567
1.9160156,-120.094,38.62627
0.0,-120.5208,38.8577
0.27539062,-120.1582,38.90858
0.0,-119.795,38.9581
0.0625,-120.223,39.19109
0.0,-119.8581,39.24089
0.3984375,-120.2885,39.4738
0.0,-119.9218,39.5239
0.0,-120.4549,38.57567
1.5761719,-120.094,38.62627
0.0625,-120.5208,38.8577
5.9785156,-120.1582,38.90858
1.3066406,-119.795,38.9581
2.0957031,-120.223,39.19109
1.5644531,-119.8581,39.24089
1.6542969,-120.2885,39.4738
0.0,-119.9218,39.5239
0.0,-120.4549,38.57567
6.9003906,-120.094,38.62627
0.0,-120.5208,38.8577
0.0625,-120.1582,38.90858
6.142578,-119.795,38.9581
1.8945312,-120.223,39.19109
2.0703125,-119.8581,39.24089
0.4375,-120.2885,39.4738
0.0,-119.9218,39.5239
0.0,-120.4549,38.57567
6.7382812,-120.094,38.62627
0.0,-120.5208,38.8577
0.9042969,-120.1582,38.90858
5.7265625,-119.795,38.9581
3.5820312,-120.223,39.19109
1.140625,-119.8581,39.24089
1.8300781,-120.2885,39.4738
0.0,-119.9218,39.5239
0.0,-120.4549,38.57567
13.4609375,-120.094,38.62627
0.0,-120.5208,38.8577
0.0625,-120.1582,38.90858
12.685547,-119.795,38.9581
1.9589844,-120.223,39.19109
0.0,-119.8581,39.24089
0.0625,-120.2885,39.4738
0.0,-119.9218,39.5239
0.0,-120.4549,38.57567
8.003906,-120.094,38.62627
0.0,-120.5208,38.8577
0.0625,-120.1582,38.90858
6.669922,-119.795,38.9581
1.234375,-120.223,39.19109
0.0,-119.8581,39.24089
0.41796875,-120.2885,39.4738
0.0,-119.9218,39.5239
0.0,-120.4549,38.57567
11.8046875,-120.094,38.62627
0.0,-120.5208,38.8577
1.1230469,-120.1582,38.90858
10.464844,-119.795,38.9581
0.6425781,-120.223,39.19109
0.0,-119.8581,39.24089
0.2265625,-120.2885,39.4738
0.0,-119.9218,39.5239
0.0,-120.4549,38.57567
30.46289,-120.094,38.62627
0.0,-120.5208,38.8577
1.5058594,-120.1582,38.90858
24.097656,-119.795,38.9581
3.8671875,-120.223,39.19109
0.9511719,-119.8581,39.24089
1.6816406,-120.2885,39.4738
0.0,-119.9218,39.5239
0.0,-120.4549,38.57567
23.365234,-120.094,38.62627
0.0,-120.5208,38.8577
0.0,-120.1582,38.90858
22.375,-119.795,38.9581
3.2734375,-120.223,39.19109
0.0,-119.8581,39.24089
0.0625,-120.2885,39.4738
0.0,-119.9218,39.5239
0.0,-120.4549,38.57567
0.0,-120.094,38.62627
0.0,-120.5208,38.8577
0.0625,-120.1582,38.90858
0.0,-119.795,38.9581
0.36523438,-120.223,39.19109
0.0,-119.8581,39.24089
0.0,-120.2885,39.4738
0.0,-119.9218,39.5239
1.3476562,-120.4549,38.57567
3.9941406,-120.094,38.62627
1.2285156,-120.5208,38.8577
0.0,-120.1582,38.90858
2.5703125,-119.795,38.9581
0.0625,-120.223,39.19109
0.0,-119.8581,39.24089
0.0,-120.2885,39.4738
0.0,-119.9218,39.5239
0.0,-120.4549,38.57567
0.0,-120.094,38.62627
0.0,-120.5208,38.8577
0.0,-120.1582,38.90858
0.0,-119.795,38.9581
0.0,-120.223,39.19109
0.0,-119.8581,39.24089
0.0,-120.2885,39.4738
0.0,-119.9218,39.5239
0.0,-120.4549,38.57567
15.373047,-120.094,38.62627
0.0,-120.5208,38.8577
5.5546875,-120.1582,38.90858
13.703125,-119.795,38.9581
1.4570312,-120.223,39.19109
0.0,-119.8581,39.24089
0.51953125,-120.2885,39.4738
0.0,-119.9218,39.5239
