albedo,lon,lat
10.0,-120.4549,38.57567
10.0,-120.094,38.62627
10.0,-120.5208,38.8577
10.0,-120.1582,38.90858
10.0,-119.795,38.9581
10.0,-120.223,39.19109
20.0,-119.8581,39.24089
10.0,-120.2885,39.4738
20.0,-119.9218,39.5239
10.0,-120.4549,38.57567
34.6375,-120.094,38.62627
10.0,-120.5208,38.8577
23.8875,-120.1582,38.90858
13.612501,-119.795,38.9581
16.4125,-120.223,39.19109
22.6875,-119.8581,39.24089
20.475,-120.2885,39.4738
20.0,-119.9218,39.5239
10.0,-120.4549,38.57567
28.775,-120.094,38.62627
10.0,-120.5208,38.8577
21.6375,-120.1582,38.90858
17.3625,-119.795,38.9581
16.425,-120.223,39.19109
25.125002,-119.8581,39.24089
19.6375,-120.2885,39.4738
20.0,-119.9218,39.5239
10.0,-120.4549,38.57567
31.9625,-120.094,38.62627
10.0,-120.5208,38.8577
16.949999,-120.1582,38.90858
39.4375,-119.795,38.9581
12.5875,-120.223,39.19109
20.0,-119.8581,39.24089
10.0375,-120.2885,39.4738
20.0,-119.9218,39.5239
31.062502,-120.4549,38.57567
32.6,-120.094,38.62627
13.775,-120.5208,38.8577
25.237501,-120.1582,38.90858
43.3375,-119.795,38.9581
14.549999,-120.223,39.19109
29.7125,-119.8581,39.24089
12.462501,-120.2885,39.4738
20.0,-119.9218,39.5239
10.0,-120.4549,38.57567
29.9,-120.094,38.62627
10.0,-120.5208,38.8577
20.425001,-120.1582,38.90858
40.6875,-119.795,38.9581
14.5875,-120.223,39.19109
20.0,-119.8581,39.24089
15.35,-120.2885,39.4738
20.0,-119.9218,39.5239
10.0,-120.4549,38.57567
29.550001,-120.094,38.62627
10.0,-120.5208,38.8577
20.250002,-120.1582,38.90858
39.525005,-119.795,38.9581
13.762501,-120.223,39.19109
20.0,-119.8581,39.24089
15.1125,-120.2885,39.4738
20.0,-119.9218,39.5239
10.0,-120.4549,38.57567
29.5375,-120.094,38.62627
10.0,-120.5208,38.8577
20.2,-120.1582,38.90858
37.9125,-119.795,38.9581
12.425,-120.223,39.19109
20.0,-119.8581,39.24089
12.224999,-120.2885,39.4738
20.0,-119.9218,39.5239
10.0,-120.4549,38.57567
35.0375,-120.094,38.62627
10.0,-120.5208,38.8577
25.324999,-120.1582,38.90858
28.337502,-119.795,38.9581
14.349999,-120.223,39.19109
20.0125,-119.8581,39.24089
19.562502,-120.2885,39.4738
20.0125,-119.9218,39.5239
36.2,-120.4549,38.57567
44.9625,-120.094,38.62627
23.575,-120.5208,38.8577
38.2,-120.1582,38.90858
48.600002,-119.795,38.9581
25.487501,-120.223,39.19109
43.6875,-119.8581,39.24089
34.325,-120.2885,39.4738
20.0,-119.9218,39.5239
39.6375,-120.4549,38.57567
45.0,-120.094,38.62627
30.724998,-120.5208,38.8577
38.199997,-120.1582,38.90858
48.600002,-119.795,38.9581
25.200003,-120.223,39.19109
44.45,-119.8581,39.24089
31.5,-120.2885,39.4738
20.2625,-119.9218,39.5239
41.4875,-120.4549,38.57567
45.0,-120.094,38.62627
32.137497,-120.5208,38.8577
18.7375,-120.1582,38.90858
48.600002,-119.795,38.9581
34.225,-120.223,39.19109
46.1875,-119.8581,39.24089
30.9125,-120.2885,39.4738
20.0,-119.9218,39.5239
41.425,-120.4549,38.57567
45.0,-120.094,38.62627
26.075,-120.5208,38.8577
34.675003,-120.1582,38.90858
48.600002,-119.795,38.9581
27.675,-120.223,39.19109
47.0625,-119.8581,39.24089
30.3125,-120.2885,39.4738
20.0,-119.9218,39.5239
40.800003,-120.4549,38.57567
45.0,-120.094,38.62627
25.975,-120.5208,38.8577
35.2125,-120.1582,38.90858
48.600002,-119.795,38.9581
21.662502,-120.223,39.19109
46.362503,-119.8581,39.24089
27.2375,-120.2885,39.4738
20.0,-119.9218,39.5239
15.0875,-120.4549,38.57567
45.0,-120.094,38.62627
10.0,-120.5208,38.8577
32.775,-120.1582,38.90858
48.600002,-119.795,38.9581
17.862501,-120.223,39.19109
44.012497,-119.8581,39.24089
25.975,-120.2885,39.4738
32.0,-119.9218,39.5239
38.3375,-120.4549,38.57567
45.0,-120.094,38.62627
26.175,-120.5208,38.8577
35.5,-120.1582,38.90858
48.600002,-119.795,38.9581
19.225,-120.223,39.19109
44.775005,-119.8581,39.24089
25.025,-120.2885,39.4738
31.587502,-119.9218,39.5239
39.9625,-120.4549,38.57567
45.0,-120.094,38.62627
10.0,-120.5208,38.8577
33.0375,-120.1582,38.90858
48.600002,-119.795,38.9581
27.85,-120.223,39.19109
40.912502,-119.8581,39.24089
26.425001,-120.2885,39.4738
24.587502,-119.9218,39.5239
37.550003,-120.4549,38.57567
45.0,-120.094,38.62627
10.0,-120.5208,38.8577
29.5625,-120.1582,38.90858
48.600002,-119.795,38.9581
22.662502,-120.223,39.19109
38.1625,-119.8581,39.24089
24.775002,-120.2885,39.4738
25.1,-119.9218,39.5239
33.7375,-120.4549,38.57567
45.0,-120.094,38.62627
10.025,-120.5208,38.8577
32.3875,-120.1582,38.90858
48.600002,-119.795,38.9581
21.599998,-120.223,39.19109
37.55,-119.8581,39.24089
26.7625,-120.2885,39.4738
20.2625,-119.9218,39.5239
35.4125,-120.4549,38.57567
44.9625,-120.094,38.62627
22.1625,-120.5208,38.8577
30.4125,-120.1582,38.90858
48.600002,-119.795,38.9581
21.650002,-120.223,39.19109
45.912502,-119.8581,39.24089
25.0,-120.2885,39.4738
24.65,-119.9218,39.5239
35.5875,-120.4549,38.57567
44.7375,-120.094,38.62627
22.25,-120.5208,38.8577
28.9,-120.1582,38.90858
48.600002,-119.795,38.9581
21.137499,-120.223,39.19109
44.112503,-119.8581,39.24089
19.800001,-120.2885,39.4738
20.0,-119.9218,39.5239
34.0,-120.4549,38.57567
43.7625,-120.094,38.62627
10.0125,-120.5208,38.8577
26.262503,-120.1582,38.90858
48.075,-119.795,38.9581
17.4375,-120.223,39.19109
40.1,-119.8581,39.24089
18.8375,-120.2885,39.4738
20.1375,-119.9218,39.5239
34.100002,-120.4549,38.57567
43.6875,-120.094,38.62627
10.0,-120.5208,38.8577
28.375004,-120.1582,38.90858
47.399998,-119.795,38.9581
19.8,-120.223,39.19109
30.0125,-119.8581,39.24089
19.500002,-120.2885,39.4738
20.0,-119.9218,39.5239
25.912498,-120.4549,38.57567
44.837498,-120.094,38.62627
10.0,-120.5208,38.8577
35.225,-120.1582,38.90858
48.600002,-119.795,38.9581
20.35,-120.223,39.19109
45.925003,-119.8581,39.24089
23.962502,-120.2885,39.4738
20.0,-119.9218,39.5239
22.462502,-120.4549,38.57567
44.100002,-120.094,38.62627
10.0,-120.5208,38.8577
31.2125,-120.1582,38.90858
48.600002,-119.795,38.9581
20.6625,-120.223,39.19109
29.825,-119.8581,39.24089
16.65,-120.2885,39.4738
20.162498,-119.9218,39.5239
23.350002,-120.4549,38.57567
43.9625,-120.094,38.62627
10.0,-120.5208,38.8577
26.925,-120.1582,38.90858
48.5875,-119.795,38.9581
17.8,-120.223,39.19109
22.6875,-119.8581,39.24089
12.200001,-120.2885,39.4738
20.0,-119.9218,39.5239
20.8,-120.4549,38.57567
42.9875,-120.094,38.62627
10.0,-120.5208,38.8577
27.325,-120.1582,38.90858
48.137497,-119.795,38.9581
16.9625,-120.223,39.19109
23.650002,-119.8581,39.24089
18.3,-120.2885,39.4738
20.0125,-119.9218,39.5239
33.587498,-120.4549,38.57567
43.8,-120.094,38.62627
10.0,-120.5208,38.8577
31.65,-120.1582,38.90858
48.0375,-119.795,38.9581
21.824999,-120.223,39.19109
10.0,-119.8581,39.24089
21.1625,-120.2885,39.4738
20.0,-119.9218,39.5239
33.775,-120.4549,38.57567
41.375,-120.094,38.62627
10.0875,-120.5208,38.8577
27.224998,-120.1582,38.90858
45.3375,-119.795,38.9581
21.212502,-120.223,39.19109
23.887503,-119.8581,39.24089
15.5875,-120.2885,39.4738
20.1375,-119.9218,39.5239
34.5,-120.4549,38.57567
42.8375,-120.094,38.62627
10.0625,-120.5208,38.8577
35.137497,-120.1582,38.90858
48.600002,-119.795,38.9581
20.787498,-120.223,39.19109
22.825,-119.8581,39.24089
14.325,-120.2885,39.4738
20.0,-119.9218,39.5239
28.499998,-120.4549,38.57567
42.250004,-120.094,38.62627
10.0,-120.5208,38.8577
33.125,-120.1582,38.90858
48.5625,-119.795,38.9581
16.5625,-120.223,39.19109
22.85,-119.8581,39.24089
15.975,-120.2885,39.4738
20.0625,-119.9218,39.5239
36.912502,-120.4549,38.57567
41.475002,-120.094,38.62627
20.475002,-120.5208,38.8577
37.487503,-120.1582,38.90858
48.174995,-119.795,38.9581
21.2,-120.223,39.19109
44.175,-119.8581,39.24089
19.062498,-120.2885,39.4738
20.087502,-119.9218,39.5239
31.025002,-120.4549,38.57567
40.25,-120.094,38.62627
21.775,-120.5208,38.8577
36.287502,-120.1582,38.90858
48.2,-119.795,38.9581
21.537498,-120.223,39.19109
33.1625,-119.8581,39.24089
32.325,-120.2885,39.4738
20.05,-119.9218,39.5239
37.412502,-120.4549,38.57567
44.625004,-120.094,38.62627
18.112501,-120.5208,38.8577
36.650005,-120.1582,38.90858
48.600002,-119.795,38.9581
21.225,-120.223,39.19109
36.025,-119.8581,39.24089
25.837502,-120.2885,39.4738
20.125,-119.9218,39.5239
39.625,-120.4549,38.57567
45.0,-120.094,38.62627
22.775,-120.5208,38.8577
40.762505,-120.1582,38.90858
48.600002,-119.795,38.9581
19.4375,-120.223,39.19109
28.95,-119.8581,39.24089
26.2875,-120.2885,39.4738
20.0625,-119.9218,39.5239
33.9625,-120.4549,38.57567
45.0,-120.094,38.62627
10.0,-120.5208,38.8577
41.3125,-120.1582,38.90858
48.600002,-119.795,38.9581
33.375004,-120.223,39.19109
45.825005,-119.8581,39.24089
29.2875,-120.2885,39.4738
20.0,-119.9218,39.5239
26.287498,-120.4549,38.57567
45.0,-120.094,38.62627
10.0,-120.5208,38.8577
40.825,-120.1582,38.90858
48.600002,-119.795,38.9581
30.987501,-120.223,39.19109
48.399998,-119.8581,39.24089
25.8625,-120.2885,39.4738
24.737501,-119.9218,39.5239
25.3875,-120.4549,38.57567
45.0,-120.094,38.62627
10.0,-120.5208,38.8577
40.649998,-120.1582,38.90858
48.600002,-119.795,38.9581
29.824999,-120.223,39.19109
48.362495,-119.8581,39.24089
24.675001,-120.2885,39.4738
20.0,-119.9218,39.5239
27.5,-120.4549,38.57567
45.0,-120.094,38.62627
10.0,-120.5208,38.8577
39.925,-120.1582,38.90858
48.600002,-119.795,38.9581
26.975,-120.223,39.19109
48.199997,-119.8581,39.24089
28.862501,-120.2885,39.4738
22.062502,-119.9218,39.5239
26.675,-120.4549,38.57567
45.0,-120.094,38.62627
10.0,-120.5208,38.8577
37.3125,-120.1582,38.90858
48.600002,-119.795,38.9581
22.5125,-120.223,39.19109
45.85,-119.8581,39.24089
22.45,-120.2885,39.4738
20.0,-119.9218,39.5239
27.2625,-120.4549,38.57567
45.0,-120.094,38.62627
10.0,-120.5208,38.8577
37.812504,-120.1582,38.90858
48.600002,-119.795,38.9581
24.337502,-120.223,39.19109
42.275,-119.8581,39.24089
19.0875,-120.2885,39.4738
20.0,-119.9218,39.5239
23.275,-120.4549,38.57567
45.0,-120.094,38.62627
10.0,-120.5208,38.8577
37.15,-120.1582,38.90858
48.600002,-119.795,38.9581
20.7,-120.223,39.19109
41.1125,-119.8581,39.24089
10.0,-120.2885,39.4738
20.0,-119.9218,39.5239
27.237503,-120.4549,38.57567
44.975,-120.094,38.62627
10.0,-120.5208,38.8577
35.75,-120.1582,38.90858
48.600002,-119.795,38.9581
19.0,-120.223,39.19109
39.75,-119.8581,39.24089
15.0375,-120.2885,39.4738
21.7625,-119.9218,39.5239
23.45,-120.4549,38.57567
44.324997,-120.094,38.62627
10.0,-120.5208,38.8577
33.1875,-120.1582,38.90858
48.600002,-119.795,38.9581
20.287502,-120.223,39.19109
42.15,-119.8581,39.24089
15.4375,-120.2885,39.4738
22.0625,-119.9218,39.5239
27.1125,-120.4549,38.57567
41.237503,-120.094,38.62627
10.0125,-120.5208,38.8577
29.337502,-120.1582,38.90858
48.575,-119.795,38.9581
20.0875,-120.223,39.19109
40.4625,-119.8581,39.24089
17.4625,-120.2885,39.4738
20.0,-119.9218,39.5239
10.0,-120.4549,38.57567
40.6,-120.094,38.62627
10.0,-120.5208,38.8577
31.4,-120.1582,38.90858
48.4625,-119.795,38.9581
17.75,-120.223,39.19109
27.587502,-119.8581,39.24089
19.3875,-120.2885,39.4738
20.0,-119.9218,39.5239
10.0,-120.4549,38.57567
44.6625,-120.094,38.62627
10.0,-120.5208,38.8577
37.625,-120.1582,38.90858
48.600002,-119.795,38.9581
29.8875,-120.223,39.19109
29.162502,-119.8581,39.24089
29.662502,-120.2885,39.4738
30.400002,-119.9218,39.5239
28.125002,-120.4549,38.57567
45.0,-120.094,38.62627
10.0,-120.5208,38.8577
43.275005,-120.1582,38.90858
48.600002,-119.795,38.9581
37.1625,-120.223,39.19109
46.6875,-119.8581,39.24089
40.0625,-120.2885,39.4738
29.8125,-119.9218,39.5239
37.15,-120.4549,38.57567
45.0,-120.094,38.62627
28.1875,-120.5208,38.8577
43.3875,-120.1582,38.90858
48.600002,-119.795,38.9581
37.4875,-120.223,39.19109
43.5625,-119.8581,39.24089
41.425003,-120.2885,39.4738
24.675001,-119.9218,39.5239
30.650002,-120.4549,38.57567
45.0,-120.094,38.62627
13.075,-120.5208,38.8577
41.5625,-120.1582,38.90858
48.600002,-119.795,38.9581
35.4625,-120.223,39.19109
31.800001,-119.8581,39.24089
37.087498,-120.2885,39.4738
23.562502,-119.9218,39.5239
14.150001,-120.4549,38.57567
45.0,-120.094,38.62627
11.7,-120.5208,38.8577
27.6875,-120.1582,38.90858
48.600002,-119.795,38.9581
31.125,-120.223,39.19109
34.7375,-119.8581,39.24089
25.237501,-120.2885,39.4738
20.025,-119.9218,39.5239
39.4125,-120.4549,38.57567
45.0,-120.094,38.62627
10.0125,-120.5208,38.8577
25.525002,-120.1582,38.90858
48.5125,-119.795,38.9581
26.85,-120.223,39.19109
25.900002,-119.8581,39.24089
20.95,-120.2885,39.4738
20.275,-119.9218,39.5239
39.612503,-120.4549,38.57567
45.0,-120.094,38.62627
10.0,-120.5208,38.8577
37.925003,-120.1582,38.90858
48.5875,-119.795,38.9581
28.2625,-120.223,39.19109
26.224998,-119.8581,39.24089
27.9,-120.2885,39.4738
22.2375,-119.9218,39.5239
34.1375,-120.4549,38.57567
45.0,-120.094,38.62627
10.0875,-120.5208,38.8577
38.3875,-120.1582,38.90858
48.600002,-119.795,38.9581
25.387503,-120.223,39.19109
21.4875,-119.8581,39.24089
26.575,-120.2885,39.4738
20.0,-119.9218,39.5239
39.387497,-120.4549,38.57567
45.0,-120.094,38.62627
10.025,-120.5208,38.8577
39.262497,-120.1582,38.90858
48.600002,-119.795,38.9581
24.050001,-120.223,39.19109
21.7125,-119.8581,39.24089
26.325,-120.2885,39.4738
20.0,-119.9218,39.5239
36.45,-120.4549,38.57567
45.0,-120.094,38.62627
10.0,-120.5208,38.8577
40.35,-120.1582,38.90858
48.600002,-119.795,38.9581
31.5625,-120.223,39.19109
24.75,-119.8581,39.24089
23.387499,-120.2885,39.4738
10.0,-119.9218,39.5239
24.8125,-120.4549,38.57567
45.0,-120.094,38.62627
10.0,-120.5208,38.8577
43.362503,-120.1582,38.90858
48.600002,-119.795,38.9581
29.275,-120.223,39.19109
43.25,-119.8581,39.24089
38.4875,-120.2885,39.4738
12.2875,-119.9218,39.5239
20.125,-120.4549,38.57567
45.0,-120.094,38.62627
10.0,-120.5208,38.8577
43.700005,-120.1582,38.90858
48.600002,-119.795,38.9581
24.75,-120.223,39.19109
33.975002,-119.8581,39.24089
38.1875,-120.2885,39.4738
10.125,-119.9218,39.5239
32.75,-120.4549,38.57567
45.0,-120.094,38.62627
10.0,-120.5208,38.8577
43.700005,-120.1582,38.90858
48.600002,-119.795,38.9581
28.625,-120.223,39.19109
34.6,-119.8581,39.24089
39.774998,-120.2885,39.4738
14.612499,-119.9218,39.5239
33.699997,-120.4549,38.57567
45.0,-120.094,38.62627
10.0,-120.5208,38.8577
43.700005,-120.1582,38.90858
48.600002,-119.795,38.9581
21.1,-120.223,39.19109
25.425001,-119.8581,39.24089
37.425,-120.2885,39.4738
10.05,-119.9218,39.5239
41.149998,-120.4549,38.57567
45.0,-120.094,38.62627
26.150002,-120.5208,38.8577
43.575,-120.1582,38.90858
48.600002,-119.795,38.9581
17.0625,-120.223,39.19109
20.8375,-119.8581,39.24089
36.587498,-120.2885,39.4738
10.025,-119.9218,39.5239
41.4375,-120.4549,38.57567
45.0,-120.094,38.62627
27.4875,-120.5208,38.8577
43.700005,-120.1582,38.90858
48.600002,-119.795,38.9581
29.237501,-120.223,39.19109
31.900002,-119.8581,39.24089
39.5125,-120.2885,39.4738
13.475,-119.9218,39.5239
41.5,-120.4549,38.57567
45.0,-120.094,38.62627
10.0,-120.5208,38.8577
43.700005,-120.1582,38.90858
48.600002,-119.795,38.9581
24.075,-120.223,39.19109
34.887505,-119.8581,39.24089
40.3625,-120.2885,39.4738
23.75,-119.9218,39.5239
41.5,-120.4549,38.57567
45.0,-120.094,38.62627
30.787498,-120.5208,38.8577
43.700005,-120.1582,38.90858
48.600002,-119.795,38.9581
32.5625,-120.223,39.19109
37.925003,-119.8581,39.24089
39.2,-120.2885,39.4738
27.012497,-119.9218,39.5239
14.512501,-120.4549,38.57567
45.0,-120.094,38.62627
10.0,-120.5208,38.8577
43.700005,-120.1582,38.90858
48.600002,-119.795,38.9581
21.125002,-120.223,39.19109
31.849998,-119.8581,39.24089
32.412502,-120.2885,39.4738
10.225,-119.9218,39.5239
10.8125,-120.4549,38.57567
45.0,-120.094,38.62627
10.0,-120.5208,38.8577
43.662502,-120.1582,38.90858
48.600002,-119.795,38.9581
12.9,-120.223,39.19109
31.7,-119.8581,39.24089
25.8125,-120.2885,39.4738
10.087501,-119.9218,39.5239
10.1875,-120.4549,38.57567
45.0,-120.094,38.62627
10.0,-120.5208,38.8577
43.0375,-120.1582,38.90858
48.550003,-119.795,38.9581
11.95,-120.223,39.19109
31.074999,-119.8581,39.24089
17.95,-120.2885,39.4738
10.0,-119.9218,39.5239
10.0,-120.4549,38.57567
45.0,-120.094,38.62627
10.0,-120.5208,38.8577
41.3,-120.1582,38.90858
48.600002,-119.795,38.9581
16.15,-120.223,39.19109
25.137499,-119.8581,39.24089
19.2125,-120.2885,39.4738
10.0125,-119.9218,39.5239
10.0,-120.4549,38.57567
10.0,-120.094,38.62627
10.0,-120.5208,38.8577
10.0,-120.1582,38.90858
10.0,-119.795,38.9581
11.5875,-120.223,39.19109
25.3125,-119.8581,39.24089
11.7375,-120.2885,39.4738
10.0,-119.9218,39.5239
10.0,-120.4549,38.57567
43.337498,-120.094,38.62627
10.0,-120.5208,38.8577
12.387501,-120.1582,38.90858
48.600002,-119.795,38.9581
11.5375,-120.223,39.19109
20.85,-119.8581,39.24089
10.7125,-120.2885,39.4738
10.0,-119.9218,39.5239
19.787502,-120.4549,38.57567
45.0,-120.094,38.62627
10.0,-120.5208,38.8577
21.5125,-120.1582,38.90858
48.600002,-119.795,38.9581
13.3,-120.223,39.19109
19.2625,-119.8581,39.24089
14.15,-120.2885,39.4738
10.25,-119.9218,39.5239
17.100002,-120.4549,38.57567
45.0,-120.094,38.62627
10.0,-120.5208,38.8577
13.7375,-120.1582,38.90858
48.600002,-119.795,38.9581
13.125,-120.223,39.19109
18.8125,-119.8581,39.24089
11.0625,-120.2885,39.4738
10.0,-119.9218,39.5239
29.6625,-120.4549,38.57567
45.0,-120.094,38.62627
10.0,-120.5208,38.8577
18.275,-120.1582,38.90858
48.600002,-119.795,38.9581
13.725,-120.223,39.19109
25.425,-119.8581,39.24089
14.212501,-120.2885,39.4738
10.0875,-119.9218,39.5239
22.25,-120.4549,38.57567
45.0,-120.094,38.62627
10.0,-120.5208,38.8577
22.737501,-120.1582,38.90858
48.600002,-119.795,38.9581
10.3125,-120.223,39.19109
19.85,-119.8581,39.24089
21.1375,-120.2885,39.4738
10.0,-119.9218,39.5239
30.9625,-120.4549,38.57567
45.0,-120.094,38.62627
10.0,-120.5208,38.8577
28.6875,-120.1582,38.90858
48.600002,-119.795,38.9581
22.925,-120.223,39.19109
30.2625,-119.8581,39.24089
28.337498,-120.2885,39.4738
10.2125,-119.9218,39.5239
36.9,-120.4549,38.57567
45.0,-120.094,38.62627
10.0,-120.5208,38.8577
36.7625,-120.1582,38.90858
48.600002,-119.795,38.9581
32.95,-120.223,39.19109
37.55,-119.8581,39.24089
34.075,-120.2885,39.4738
15.35,-119.9218,39.5239
41.4625,-120.4549,38.57567
45.0,-120.094,38.62627
29.25,-120.5208,38.8577
36.162502,-120.1582,38.90858
48.600002,-119.795,38.9581
32.65,-120.223,39.19109
29.675001,-119.8581,39.24089
33.1,-120.2885,39.4738
24.15,-119.9218,39.5239
41.5,-120.4549,38.57567
45.0,-120.094,38.62627
21.25,-120.5208,38.8577
27.675,-120.1582,38.90858
48.600002,-119.795,38.9581
27.675,-120.223,39.19109
39.0125,-119.8581,39.24089
34.5625,-120.2885,39.4738
22.150002,-119.9218,39.5239
41.4875,-120.4549,38.57567
45.0,-120.094,38.62627
17.8375,-120.5208,38.8577
25.2875,-120.1582,38.90858
48.600002,-119.795,38.9581
24.0125,-120.223,39.19109
39.425003,-119.8581,39.24089
33.837498,-120.2885,39.4738
21.350002,-119.9218,39.5239
41.1125,-120.4549,38.57567
45.0,-120.094,38.62627
16.7125,-120.5208,38.8577
10.0125,-120.1582,38.90858
48.600002,-119.795,38.9581
18.2,-120.223,39.19109
34.925,-119.8581,39.24089
29.125,-120.2885,39.4738
27.912502,-119.9218,39.5239
40.5625,-120.4549,38.57567
45.0,-120.094,38.62627
17.825,-120.5208,38.8577
22.050001,-120.1582,38.90858
48.600002,-119.795,38.9581
24.375002,-120.223,39.19109
41.8375,-119.8581,39.24089
31.7,-120.2885,39.4738
29.575,-119.9218,39.5239
39.95,-120.4549,38.57567
45.0,-120.094,38.62627
20.9625,-120.5208,38.8577
40.612503,-120.1582,38.90858
48.600002,-119.795,38.9581
36.45,-120.223,39.19109
47.85,-119.8581,39.24089
40.774998,-120.2885,39.4738
42.5375,-119.9218,39.5239
40.275,-120.4549,38.57567
45.0,-120.094,38.62627
25.2625,-120.5208,38.8577
28.175,-120.1582,38.90858
48.600002,-119.795,38.9581
32.475,-120.223,39.19109
48.399998,-119.8581,39.24089
40.175,-120.2885,39.4738
46.737503,-119.9218,39.5239
40.8875,-120.4549,38.57567
45.0,-120.094,38.62627
15.85,-120.5208,38.8577
33.7375,-120.1582,38.90858
48.600002,-119.795,38.9581
28.724998,-120.223,39.19109
48.399998,-119.8581,39.24089
39.649998,-120.2885,39.4738
40.537502,-119.9218,39.5239
36.025,-120.4549,38.57567
45.0,-120.094,38.62627
10.5,-120.5208,38.8577
40.725002,-120.1582,38.90858
48.600002,-119.795,38.9581
20.737501,-120.223,39.19109
47.4375,-119.8581,39.24089
38.250004,-120.2885,39.4738
33.85,-119.9218,39.5239
25.362503,-120.4549,38.57567
45.0,-120.094,38.62627
10.1875,-120.5208,38.8577
12.725,-120.1582,38.90858
48.600002,-119.795,38.9581
15.275001,-120.223,39.19109
10.0,-119.8581,39.24089
23.550001,-120.2885,39.4738
10.0,-119.9218,39.5239
40.512505,-120.4549,38.57567
45.0,-120.094,38.62627
17.525002,-120.5208,38.8577
37.7375,-120.1582,38.90858
48.600002,-119.795,38.9581
33.2,-120.223,39.19109
39.212498,-119.8581,39.24089
36.45,-120.2885,39.4738
28.525,-119.9218,39.5239
41.45,-120.4549,38.57567
45.0,-120.094,38.62627
25.675,-120.5208,38.8577
34.237503,-120.1582,38.90858
48.600002,-119.795,38.9581
36.95,-120.223,39.19109
47.937496,-119.8581,39.24089
38.6875,-120.2885,39.4738
41.6375,-119.9218,39.5239
41.5,-120.4549,38.57567
45.0,-120.094,38.62627
37.1125,-120.5208,38.8577
42.8125,-120.1582,38.90858
48.600002,-119.795,38.9581
36.862503,-120.223,39.19109
48.399998,-119.8581,39.24089
39.062504,-120.2885,39.4738
43.5,-119.9218,39.5239
41.5,-120.4549,38.57567
45.0,-120.094,38.62627
37.600002,-120.5208,38.8577
43.700005,-120.1582,38.90858
48.600002,-119.795,38.9581
35.9375,-120.223,39.19109
48.399998,-119.8581,39.24089
39.0875,-120.2885,39.4738
44.887497,-119.9218,39.5239
41.45,-120.4549,38.57567
45.0,-120.094,38.62627
29.425001,-120.5208,38.8577
43.700005,-120.1582,38.90858
48.600002,-119.795,38.9581
34.6625,-120.223,39.19109
48.399998,-119.8581,39.24089
38.6875,-120.2885,39.4738
42.55,-119.9218,39.5239
41.4625,-120.4549,38.57567
45.0,-120.094,38.62627
16.975,-120.5208,38.8577
43.700005,-120.1582,38.90858
48.600002,-119.795,38.9581
30.65,-120.223,39.19109
48.399998,-119.8581,39.24089
37.075,-120.2885,39.4738
37.9625,-119.9218,39.5239
41.4375,-120.4549,38.57567
45.0,-120.094,38.62627
18.95,-120.5208,38.8577
43.700005,-120.1582,38.90858
48.600002,-119.795,38.9581
28.725,-120.223,39.19109
48.399998,-119.8581,39.24089
37.1125,-120.2885,39.4738
37.625,-119.9218,39.5239
41.3875,-120.4549,38.57567
45.0,-120.094,38.62627
14.1,-120.5208,38.8577
43.687504,-120.1582,38.90858
48.600002,-119.795,38.9581
25.7125,-120.223,39.19109
48.399998,-119.8581,39.24089
36.75,-120.2885,39.4738
35.05,-119.9218,39.5239
41.325,-120.4549,38.57567
45.0,-120.094,38.62627
13.35,-120.5208,38.8577
43.425,-120.1582,38.90858
48.600002,-119.795,38.9581
20.25,-120.223,39.19109
48.399998,-119.8581,39.24089
34.037502,-120.2885,39.4738
35.7,-119.9218,39.5239
41.225002,-120.4549,38.57567
45.0,-120.094,38.62627
13.1,-120.5208,38.8577
42.4375,-120.1582,38.90858
48.600002,-119.795,38.9581
18.9375,-120.223,39.19109
48.262497,-119.8581,39.24089
31.775,-120.2885,39.4738
34.075,-119.9218,39.5239
41.05,-120.4549,38.57567
45.0,-120.094,38.62627
14.3375,-120.5208,38.8577
41.7125,-120.1582,38.90858
48.600002,-119.795,38.9581
17.6875,-120.223,39.19109
44.4375,-119.8581,39.24089
25.2375,-120.2885,39.4738
17.075,-119.9218,39.5239
33.1875,-120.4549,38.57567
45.0,-120.094,38.62627
12.675001,-120.5208,38.8577
42.350002,-120.1582,38.90858
48.600002,-119.795,38.9581
18.5375,-120.223,39.19109
30.762499,-119.8581,39.24089
31.787498,-120.2885,39.4738
21.2875,-119.9218,39.5239
29.725002,-120.4549,38.57567
45.0,-120.094,38.62627
10.0,-120.5208,38.8577
42.962505,-120.1582,38.90858
48.600002,-119.795,38.9581
14.425,-120.223,39.19109
29.287498,-119.8581,39.24089
31.487501,-120.2885,39.4738
10.9875,-119.9218,39.5239
40.55,-120.4549,38.57567
45.0,-120.094,38.62627
10.0,-120.5208,38.8577
42.500004,-120.1582,38.90858
48.600002,-119.795,38.9581
18.775002,-120.223,39.19109
13.85,-119.8581,39.24089
20.425001,-120.2885,39.4738
10.025,-119.9218,39.5239
41.275,-120.4549,38.57567
45.0,-120.094,38.62627
14.225,-120.5208,38.8577
41.824997,-120.1582,38.90858
48.600002,-119.795,38.9581
21.325,-120.223,39.19109
16.287498,-119.8581,39.24089
16.650002,-120.2885,39.4738
10.025,-119.9218,39.5239
39.9875,-120.4549,38.57567
45.0,-120.094,38.62627
12.4125,-120.5208,38.8577
38.537502,-120.1582,38.90858
48.600002,-119.795,38.9581
18.625,-120.223,39.19109
24.05,-119.8581,39.24089
20.925,-120.2885,39.4738
10.0,-119.9218,39.5239
40.7,-120.4549,38.57567
45.0,-120.094,38.62627
15.062501,-120.5208,38.8577
39.5875,-120.1582,38.90858
48.600002,-119.795,38.9581
21.7625,-120.223,39.19109
20.4375,-119.8581,39.24089
25.499998,-120.2885,39.4738
10.0,-119.9218,39.5239
41.2,-120.4549,38.57567
45.0,-120.094,38.62627
14.025,-120.5208,38.8577
40.2125,-120.1582,38.90858
48.600002,-119.795,38.9581
24.337502,-120.223,39.19109
19.8875,-119.8581,39.24089
26.125,-120.2885,39.4738
10.0,-119.9218,39.5239
41.2625,-120.4549,38.57567
45.0,-120.094,38.62627
19.5625,-120.5208,38.8577
34.1875,-120.1582,38.90858
48.600002,-119.795,38.9581
19.425001,-120.223,39.19109
32.85,-119.8581,39.24089
19.225,-120.2885,39.4738
10.0,-119.9218,39.5239
33.2375,-120.4549,38.57567
45.0,-120.094,38.62627
13.775001,-120.5208,38.8577
36.912502,-120.1582,38.90858
48.600002,-119.795,38.9581
20.537502,-120.223,39.19109
25.949999,-119.8581,39.24089
30.0125,-120.2885,39.4738
16.6125,-119.9218,39.5239
40.7125,-120.4549,38.57567
45.0,-120.094,38.62627
16.962502,-120.5208,38.8577
42.2,-120.1582,38.90858
48.600002,-119.795,38.9581
28.937502,-120.223,39.19109
28.2625,-119.8581,39.24089
33.012497,-120.2885,39.4738
10.1125,-119.9218,39.5239
41.337498,-120.4549,38.57567
45.0,-120.094,38.62627
14.562501,-120.5208,38.8577
41.799995,-120.1582,38.90858
48.600002,-119.795,38.9581
32.375,-120.223,39.19109
22.4,-119.8581,39.24089
30.562502,-120.2885,39.4738
10.0,-119.9218,39.5239
41.35,-120.4549,38.57567
45.0,-120.094,38.62627
20.175001,-120.5208,38.8577
41.65,-120.1582,38.90858
48.600002,-119.795,38.9581
29.962502,-120.223,39.19109
18.412502,-119.8581,39.24089
29.550001,-120.2885,39.4738
13.4875,-119.9218,39.5239
41.3875,-120.4549,38.57567
45.0,-120.094,38.62627
19.9375,-120.5208,38.8577
41.125,-120.1582,38.90858
48.600002,-119.795,38.9581
26.112501,-120.223,39.19109
22.4625,-119.8581,39.24089
25.3375,-120.2885,39.4738
19.6,-119.9218,39.5239
41.3125,-120.4549,38.57567
45.0,-120.094,38.62627
14.299999,-120.5208,38.8577
43.1375,-120.1582,38.90858
48.600002,-119.795,38.9581
21.050001,-120.223,39.19109
23.2125,-119.8581,39.24089
18.387499,-120.2885,39.4738
10.325,-119.9218,39.5239
41.275,-120.4549,38.57567
45.0,-120.094,38.62627
13.037499,-120.5208,38.8577
39.475002,-120.1582,38.90858
48.600002,-119.795,38.9581
20.625002,-120.223,39.19109
19.412498,-119.8581,39.24089
18.0875,-120.2885,39.4738
10.0,-119.9218,39.5239
41.274998,-120.4549,38.57567
45.0,-120.094,38.62627
12.4625,-120.5208,38.8577
35.8125,-120.1582,38.90858
48.600002,-119.795,38.9581
21.2,-120.223,39.19109
19.1625,-119.8581,39.24089
20.050001,-120.2885,39.4738
10.0,-119.9218,39.5239
41.2625,-120.4549,38.57567
45.0,-120.094,38.62627
12.5375,-120.5208,38.8577
31.7875,-120.1582,38.90858
48.600002,-119.795,38.9581
18.825,-120.223,39.19109
26.375002,-119.8581,39.24089
21.375,-120.2885,39.4738
16.925,-119.9218,39.5239
41.199997,-120.4549,38.57567
45.0,-120.094,38.62627
10.225,-120.5208,38.8577
16.5,-120.1582,38.90858
48.600002,-119.795,38.9581
15.275001,-120.223,39.19109
10.0,-119.8581,39.24089
10.0,-120.2885,39.4738
10.0,-119.9218,39.5239
41.0625,-120.4549,38.57567
45.0,-120.094,38.62627
10.0,-120.5208,38.8577
11.712501,-120.1582,38.90858
48.600002,-119.795,38.9581
17.199999,-120.223,39.19109
16.675,-119.8581,39.24089
17.474998,-120.2885,39.4738
23.675003,-119.9218,39.5239
10.025,-120.4549,38.57567
45.0,-120.094,38.62627
10.0,-120.5208,38.8577
12.05,-120.1582,38.90858
48.600002,-119.795,38.9581
16.375,-120.223,39.19109
22.8625,-119.8581,39.24089
11.950001,-120.2885,39.4738
20.0,-119.9218,39.5239
10.1875,-120.4549,38.57567
45.0,-120.094,38.62627
10.0,-120.5208,38.8577
25.125,-120.1582,38.90858
48.600002,-119.795,38.9581
15.2625,-120.223,39.19109
18.375,-119.8581,39.24089
10.2,-120.2885,39.4738
20.0,-119.9218,39.5239
10.0,-120.4549,38.57567
45.0,-120.094,38.62627
10.0,-120.5208,38.8577
15.525001,-120.1582,38.90858
48.600002,-119.795,38.9581
14.1125,-120.223,39.19109
21.599998,-119.8581,39.24089
17.025002,-120.2885,39.4738
20.0,-119.9218,39.5239
10.1875,-120.4549,38.57567
45.0,-120.094,38.62627
10.0,-120.5208,38.8577
15.25,-120.1582,38.90858
47.975002,-119.795,38.9581
15.575001,-120.223,39.19109
17.95,-119.8581,39.24089
19.1125,-120.2885,39.4738
20.0,-119.9218,39.5239
10.2125,-120.4549,38.57567
39.75,-120.094,38.62627
10.0,-120.5208,38.8577
14.2625,-120.1582,38.90858
28.45,-119.795,38.9581
17.1875,-120.223,39.19109
19.362501,-119.8581,39.24089
14.6125,-120.2885,39.4738
20.0,-119.9218,39.5239
10.0125,-120.4549,38.57567
42.0,-120.094,38.62627
10.0,-120.5208,38.8577
15.6,-120.1582,38.90858
48.050003,-119.795,38.9581
18.275002,-120.223,39.19109
17.812498,-119.8581,39.24089
17.775,-120.2885,39.4738
20.0,-119.9218,39.5239
26.3,-120.4549,38.57567
44.825,-120.094,38.62627
14.612501,-120.5208,38.8577
38.199997,-120.1582,38.90858
48.600002,-119.795,38.9581
21.4625,-120.223,39.19109
29.800001,-119.8581,39.24089
29.6625,-120.2885,39.4738
20.0,-119.9218,39.5239
17.937502,-120.4549,38.57567
45.0,-120.094,38.62627
17.087502,-120.5208,38.8577
38.525,-120.1582,38.90858
48.600002,-119.795,38.9581
19.800001,-120.223,39.19109
37.274998,-119.8581,39.24089
25.5625,-120.2885,39.4738
20.025,-119.9218,39.5239
10.0,-120.4549,38.57567
44.975,-120.094,38.62627
10.0,-120.5208,38.8577
23.8625,-120.1582,38.90858
48.600002,-119.795,38.9581
13.974999,-120.223,39.19109
17.487501,-119.8581,39.24089
11.575001,-120.2885,39.4738
20.0,-119.9218,39.5239
13.537499,-120.4549,38.57567
43.675,-120.094,38.62627
10.1875,-120.5208,38.8577
17.4625,-120.1582,38.90858
48.4,-119.795,38.9581
17.675001,-120.223,39.19109
15.35,-119.8581,39.24089
16.9125,-120.2885,39.4738
20.0,-119.9218,39.5239
10.1875,-120.4549,38.57567
43.662502,-120.094,38.62627
10.0,-120.5208,38.8577
16.1625,-120.1582,38.90858
48.037502,-119.795,38.9581
15.575,-120.223,39.19109
13.1,-119.8581,39.24089
14.3625,-120.2885,39.4738
20.0,-119.9218,39.5239
12.900001,-120.4549,38.57567
39.6,-120.094,38.62627
12.1625,-120.5208,38.8577
27.3875,-120.1582,38.90858
29.6,-119.795,38.9581
22.312502,-120.223,39.19109
13.037499,-119.8581,39.24089
21.325,-120.2885,39.4738
20.0,-119.9218,39.5239
12.887501,-120.4549,38.57567
36.8375,-120.094,38.62627
13.5375,-120.5208,38.8577
25.025,-120.1582,38.90858
25.875,-119.795,38.9581
23.650002,-120.223,39.19109
25.562502,-119.8581,39.24089
21.212502,-120.2885,39.4738
20.0,-119.9218,39.5239
14.075,-120.4549,38.57567
10.0,-120.094,38.62627
13.050001,-120.5208,38.8577
19.9625,-120.1582,38.90858
10.0,-119.795,38.9581
19.2875,-120.223,39.19109
19.4625,-119.8581,39.24089
20.375,-120.2885,39.4738
20.0,-119.9218,39.5239
10.0,-120.4549,38.57567
10.0,-120.094,38.62627
10.0,-120.5208,38.8577
14.2875,-120.1582,38.90858
10.0,-119.795,38.9581
15.925,-120.223,39.19109
21.562502,-119.8581,39.24089
14.1125,-120.2885,39.4738
20.0,-119.9218,39.5239
10.0,-120.4549,38.57567
31.724998,-120.094,38.62627
10.0,-120.5208,38.8577
14.3375,-120.1582,38.90858
40.162502,-119.795,38.9581
14.2125,-120.223,39.19109
15.5125,-119.8581,39.24089
12.9875,-120.2885,39.4738
20.0,-119.9218,39.5239
10.0,-120.4549,38.57567
20.6875,-120.094,38.62627
10.0,-120.5208,38.8577
14.325,-120.1582,38.90858
14.500001,-119.795,38.9581
15.9875,-120.223,39.19109
13.1375,-119.8581,39.24089
17.625,-120.2885,39.4738
20.0,-119.9218,39.5239
10.1875,-120.4549,38.57567
11.8375,-120.094,38.62627
10.0,-120.5208,38.8577
29.6625,-120.1582,38.90858
10.0,-119.795,38.9581
19.175001,-120.223,39.19109
16.45,-119.8581,39.24089
19.75,-120.2885,39.4738
20.0,-119.9218,39.5239
10.0,-120.4549,38.57567
10.0,-120.094,38.62627
10.0,-120.5208,38.8577
11.5,-120.1582,38.90858
10.0,-119.795,38.9581
13.974999,-120.223,39.19109
18.337502,-119.8581,39.24089
14.837501,-120.2885,39.4738
20.0,-119.9218,39.5239
13.0,-120.4549,38.57567
11.225,-120.094,38.62627
12.974999,-120.5208,38.8577
18.825,-120.1582,38.90858
10.0,-119.795,38.9581
18.8875,-120.223,39.19109
19.4375,-119.8581,39.24089
19.4,-120.2885,39.4738
20.0,-119.9218,39.5239
10.0,-120.4549,38.57567
17.474998,-120.094,38.62627
11.9375,-120.5208,38.8577
18.0,-120.1582,38.90858
21.9,-119.795,38.9581
16.475,-120.223,39.19109
25.249998,-119.8581,39.24089
12.7375,-120.2885,39.4738
20.0,-119.9218,39.5239
10.0,-120.4549,38.57567
10.0,-120.094,38.62627
10.1875,-120.5208,38.8577
10.225,-120.1582,38.90858
10.0,-119.795,38.9581
15.450001,-120.223,39.19109
10.0125,-119.8581,39.24089
13.25,-120.2885,39.4738
20.0,-119.9218,39.5239
10.0,-120.4549,38.57567
10.0,-120.094,38.62627
10.0,-120.5208,38.8577
10.0,-120.1582,38.90858
10.0,-119.795,38.9581
13.875,-120.223,39.19109
10.0,-119.8581,39.24089
10.0125,-120.2885,39.4738
20.0,-119.9218,39.5239
10.1875,-120.4549,38.57567
15.775,-120.094,38.62627
10.0,-120.5208,38.8577
10.9125,-120.1582,38.90858
10.0,-119.795,38.9581
10.1625,-120.223,39.19109
10.0,-119.8581,39.24089
11.225,-120.2885,39.4738
20.0,-119.9218,39.5239
10.0,-120.4549,38.57567
15.062501,-120.094,38.62627
10.1875,-120.5208,38.8577
24.987501,-120.1582,38.90858
18.625,-119.795,38.9581
15.137501,-120.223,39.19109
19.9625,-119.8581,39.24089
14.8125,-120.2885,39.4738
20.0,-119.9218,39.5239
10.0,-120.4549,38.57567
27.275002,-120.094,38.62627
10.0,-120.5208,38.8577
10.2125,-120.1582,38.90858
35.675,-119.795,38.9581
14.7,-120.223,39.19109
22.550001,-119.8581,39.24089
11.35,-120.2885,39.4738
20.0,-119.9218,39.5239
10.0,-120.4549,38.57567
26.9875,-120.094,38.62627
10.0,-120.5208,38.8577
12.9875,-120.1582,38.90858
34.712498,-119.795,38.9581
18.125002,-120.223,39.19109
17.675,-119.8581,39.24089
15.2875,-120.2885,39.4738
20.0,-119.9218,39.5239
10.0,-120.4549,38.57567
35.1875,-120.094,38.62627
10.0,-120.5208,38.8577
10.2125,-120.1582,38.90858
43.0125,-119.795,38.9581
14.85,-120.223,39.19109
10.0,-119.8581,39.24089
10.2,-120.2885,39.4738
20.0,-119.9218,39.5239
10.0,-120.4549,38.57567
28.675001,-120.094,38.62627
10.0,-120.5208,38.8577
10.2125,-120.1582,38.90858
35.675003,-119.795,38.9581
13.200001,-120.223,39.19109
10.0,-119.8581,39.24089
11.325001,-120.2885,39.4738
20.0,-119.9218,39.5239
10.0,-120.4549,38.57567
33.575,-120.094,38.62627
10.0,-120.5208,38.8577
13.549999,-120.1582,38.90858
40.775,-119.795,38.9581
11.7125,-120.223,39.19109
10.0,-119.8581,39.24089
10.6875,-120.2885,39.4738
20.0,-119.9218,39.5239
10.0,-120.4549,38.57567
43.8375,-120.094,38.62627
10.0,-120.5208,38.8577
14.525,-120.1582,38.90858
48.3375,-119.795,38.9581
18.6875,-120.223,39.19109
16.55,-119.8581,39.24089
14.862501,-120.2885,39.4738
20.0,-119.9218,39.5239
10.0,-120.4549,38.57567
41.1,-120.094,38.62627
10.0,-120.5208,38.8577
10.0,-120.1582,38.90858
47.0875,-119.795,38.9581
17.5125,-120.223,39.19109
10.0,-119.8581,39.24089
10.2,-120.2885,39.4738
20.0,-119.9218,39.5239
10.0,-120.4549,38.57567
10.0,-120.094,38.62627
10.0,-120.5208,38.8577
10.2125,-120.1582,38.90858
10.0,-119.795,38.9581
10.975,-120.223,39.19109
10.0,-119.8581,39.24089
10.0,-120.2885,39.4738
20.0,-119.9218,39.5239
13.9375,-120.4549,38.57567
21.2,-120.094,38.62627
13.5,-120.5208,38.8577
10.0,-120.1582,38.90858
24.300001,-119.795,38.9581
10.1625,-120.223,39.19109
10.0,-119.8581,39.24089
10.0,-120.2885,39.4738
20.0,-119.9218,39.5239
10.0,-120.4549,38.57567
10.0,-120.094,38.62627
10.0,-120.5208,38.8577
10.0,-120.1582,38.90858
10.0,-119.795,38.9581
10.0,-120.223,39.19109
10.0,-119.8581,39.24089
10.0,-120.2885,39.4738
20.0,-119.9218,39.5239
10.0,-120.4549,38.57567
36.6375,-120.094,38.62627
10.0,-120.5208,38.8577
23.987503,-120.1582,38.90858
42.8875,-119.795,38.9581
13.700001,-120.223,39.19109
10.0,-119.8581,39.24089
11.599999,-120.2885,39.4738
20.0,-119.9218,39.5239
