rcq,lon,lat
0.8145,-120.4549,38.57567
0.849625,-120.094,38.62627
0.82624996,-120.5208,38.8577
0.8375,-120.1582,38.90858
0.798,-119.795,38.9581
0.87412494,-120.223,39.19109
0.81037503,-119.8581,39.24089
0.85525,-120.2885,39.4738
0.823125,-119.9218,39.5239
0.96025,-120.4549,38.57567
0.98100007,-120.094,38.62627
0.97075,-120.5208,38.8577
0.9733751,-120.1582,38.90858
0.92612493,-119.795,38.9581
0.986375,-120.223,39.19109
0.93612504,-119.8581,39.24089
0.9785,-120.2885,39.4738
0.91574997,-119.9218,39.5239
0.9625,-120.4549,38.57567
0.97625,-120.094,38.62627
0.96999997,-120.5208,38.8577
0.9725,-120.1582,38.90858
0.93625,-119.795,38.9581
0.9775,-120.223,39.19109
0.9475,-119.8581,39.24089
0.97625,-120.2885,39.4738
0.9125,-119.9218,39.5239
0.98625004,-120.4549,38.57567
0.97875005,-120.094,38.62627
0.9775001,-120.5208,38.8577
0.97249997,-120.1582,38.90858
0.96,-119.795,38.9581
0.97749996,-120.223,39.19109
0.9562501,-119.8581,39.24089
0.96875006,-120.2885,39.4738
0.93749994,-119.9218,39.5239
0.88,-120.4549,38.57567
0.86999995,-120.094,38.62627
0.86875004,-120.5208,38.8577
0.8725,-120.1582,38.90858
0.895,-119.795,38.9581
0.8712499,-120.223,39.19109
0.90000004,-119.8581,39.24089
0.88,-120.2885,39.4738
0.88625,-119.9218,39.5239
0.82750005,-120.4549,38.57567
0.86375,-120.094,38.62627
0.81875,-120.5208,38.8577
0.86500007,-120.1582,38.90858
0.90125,-119.795,38.9581
0.8575,-120.223,39.19109
0.89750004,-119.8581,39.24089
0.8775,-120.2885,39.4738
0.88500005,-119.9218,39.5239
0.808375,-120.4549,38.57567
0.824875,-120.094,38.62627
0.8295,-120.5208,38.8577
0.822875,-120.1582,38.90858
0.81500006,-119.795,38.9581
0.8705,-120.223,39.19109
0.82275003,-119.8581,39.24089
0.86162496,-120.2885,39.4738
0.82262504,-119.9218,39.5239
0.9675001,-120.4549,38.57567
0.97875,-120.094,38.62627
0.97625005,-120.5208,38.8577
0.97375,-120.1582,38.90858
0.93500006,-119.795,38.9581
0.97375,-120.223,39.19109
0.95,-119.8581,39.24089
0.97249997,-120.2885,39.4738
0.92125,-119.9218,39.5239
0.94124997,-120.4549,38.57567
0.97249997,-120.094,38.62627
0.94375,-120.5208,38.8577
0.9575,-120.1582,38.90858
0.91749996,-119.795,38.9581
0.9625,-120.223,39.19109
0.925,-119.8581,39.24089
0.96375,-120.2885,39.4738
0.915,-119.9218,39.5239
0.96875,-120.4549,38.57567
0.98125,-120.094,38.62627
0.96125,-120.5208,38.8577
0.98375,-120.1582,38.90858
0.9637501,-119.795,38.9581
0.98125005,-120.223,39.19109
0.96125007,-119.8581,39.24089
0.98249996,-120.2885,39.4738
0.93,-119.9218,39.5239
0.96250004,-120.4549,38.57567
0.96875006,-120.094,38.62627
0.96125007,-120.5208,38.8577
0.96875006,-120.1582,38.90858
0.9562501,-119.795,38.9581
0.97874993,-120.223,39.19109
0.9575001,-119.8581,39.24089
0.975,-120.2885,39.4738
0.9275,-119.9218,39.5239
0.9490001,-120.4549,38.57567
0.97987497,-120.094,38.62627
0.955,-120.5208,38.8577
0.98062503,-120.1582,38.90858
0.9732499,-119.795,38.9581
0.98074996,-120.223,39.19109
0.97274995,-119.8581,39.24089
0.980875,-120.2885,39.4738
0.954375,-119.9218,39.5239
0.8925,-120.4549,38.57567
0.9375,-120.094,38.62627
0.88875,-120.5208,38.8577
0.9487501,-120.1582,38.90858
0.96750003,-119.795,38.9581
0.93125,-120.223,39.19109
0.96625006,-119.8581,39.24089
0.9599999,-120.2885,39.4738
0.93875,-119.9218,39.5239
0.80837506,-120.4549,38.57567
0.873875,-120.094,38.62627
0.79737496,-120.5208,38.8577
0.88474995,-120.1582,38.90858
0.966375,-119.795,38.9581
0.85275,-120.223,39.19109
0.967,-119.8581,39.24089
0.91174996,-120.2885,39.4738
0.941875,-119.9218,39.5239
0.85,-120.4549,38.57567
0.96000004,-120.094,38.62627
0.84749997,-120.5208,38.8577
0.96124995,-120.1582,38.90858
0.99375,-119.795,38.9581
0.92499995,-120.223,39.19109
0.9912499,-119.8581,39.24089
0.96999997,-120.2885,39.4738
0.975,-119.9218,39.5239
0.94724995,-120.4549,38.57567
0.958875,-120.094,38.62627
0.924375,-120.5208,38.8577
0.96237504,-120.1582,38.90858
0.987875,-119.795,38.9581
0.94200003,-120.223,39.19109
0.987125,-119.8581,39.24089
0.96425,-120.2885,39.4738
0.979,-119.9218,39.5239
0.89625,-120.4549,38.57567
0.91625,-120.094,38.62627
0.87624997,-120.5208,38.8577
0.92625004,-120.1582,38.90858
0.9775,-119.795,38.9581
0.91625,-120.223,39.19109
0.96750003,-119.8581,39.24089
0.93375,-120.2885,39.4738
0.965,-119.9218,39.5239
0.89475,-120.4549,38.57567
0.833875,-120.094,38.62627
0.874125,-120.5208,38.8577
0.851,-120.1582,38.90858
0.9064999,-119.795,38.9581
0.8925,-120.223,39.19109
0.90587497,-119.8581,39.24089
0.87962496,-120.2885,39.4738
0.93500006,-119.9218,39.5239
0.85187495,-120.4549,38.57567
0.774125,-120.094,38.62627
0.827375,-120.5208,38.8577
0.781875,-120.1582,38.90858
0.875375,-119.795,38.9581
0.82900006,-120.223,39.19109
0.87012506,-119.8581,39.24089
0.81437504,-120.2885,39.4738
0.938875,-119.9218,39.5239
0.84875005,-120.4549,38.57567
0.81249994,-120.094,38.62627
0.85499996,-120.5208,38.8577
0.82,-120.1582,38.90858
0.83500004,-119.795,38.9581
0.87,-120.223,39.19109
0.84000003,-119.8581,39.24089
0.85625,-120.2885,39.4738
0.91,-119.9218,39.5239
0.87375003,-120.4549,38.57567
0.8437501,-120.094,38.62627
0.85625005,-120.5208,38.8577
0.885,-120.1582,38.90858
0.935,-119.795,38.9581
0.8775,-120.223,39.19109
0.94000006,-119.8581,39.24089
0.9125,-120.2885,39.4738
0.95,-119.9218,39.5239
0.83862495,-120.4549,38.57567
0.84624994,-120.094,38.62627
0.819125,-120.5208,38.8577
0.8645,-120.1582,38.90858
0.910875,-119.795,38.9581
0.86599994,-120.223,39.19109
0.9188751,-119.8581,39.24089
0.9080001,-120.2885,39.4738
0.93149996,-119.9218,39.5239
0.748625,-120.4549,38.57567
0.80062497,-120.094,38.62627
0.72225,-120.5208,38.8577
0.8032501,-120.1582,38.90858
0.9025,-119.795,38.9581
0.79262507,-120.223,39.19109
0.8945,-119.8581,39.24089
0.82337505,-120.2885,39.4738
0.908,-119.9218,39.5239
0.77,-120.4549,38.57567
0.805,-120.094,38.62627
0.7612501,-120.5208,38.8577
0.79,-120.1582,38.90858
0.84875,-119.795,38.9581
0.81624997,-120.223,39.19109
0.8450001,-119.8581,39.24089
0.8175,-120.2885,39.4738
0.86375,-119.9218,39.5239
0.90975004,-120.4549,38.57567
0.92762506,-120.094,38.62627
0.929875,-120.5208,38.8577
0.92775,-120.1582,38.90858
0.87875,-119.795,38.9581
0.954375,-120.223,39.19109
0.8925,-119.8581,39.24089
0.941375,-120.2885,39.4738
0.86175,-119.9218,39.5239
0.8905,-120.4549,38.57567
0.851,-120.094,38.62627
0.907625,-120.5208,38.8577
0.863125,-120.1582,38.90858
0.8237501,-119.795,38.9581
0.9365001,-120.223,39.19109
0.8328751,-119.8581,39.24089
0.89299995,-120.2885,39.4738
0.816875,-119.9218,39.5239
0.97,-120.4549,38.57567
0.975,-120.094,38.62627
0.98125005,-120.5208,38.8577
0.96999997,-120.1582,38.90858
0.9175,-119.795,38.9581
0.98499995,-120.223,39.19109
0.9312501,-119.8581,39.24089
0.97499996,-120.2885,39.4738
0.89250004,-119.9218,39.5239
0.89250004,-120.4549,38.57567
0.88000005,-120.094,38.62627
0.89624995,-120.5208,38.8577
0.88750005,-120.1582,38.90858
0.88874996,-119.795,38.9581
0.9225,-120.223,39.19109
0.88875,-119.8581,39.24089
0.91374993,-120.2885,39.4738
0.8875,-119.9218,39.5239
0.88287497,-120.4549,38.57567
0.818375,-120.094,38.62627
0.87450004,-120.5208,38.8577
0.85,-120.1582,38.90858
0.885125,-119.795,38.9581
0.88462496,-120.223,39.19109
0.894,-119.8581,39.24089
0.88899994,-120.2885,39.4738
0.89849997,-119.9218,39.5239
0.84625006,-120.4549,38.57567
0.72875005,-120.094,38.62627
0.82000005,-120.5208,38.8577
0.73125005,-120.1582,38.90858
0.81,-119.795,38.9581
0.79,-120.223,39.19109
0.80500007,-119.8581,39.24089
0.7725,-120.2885,39.4738
0.83625007,-119.9218,39.5239
0.9100001,-120.4549,38.57567
0.90625,-120.094,38.62627
0.925,-120.5208,38.8577
0.905,-120.1582,38.90858
0.88374996,-119.795,38.9581
0.93625003,-120.223,39.19109
0.895,-119.8581,39.24089
0.92875004,-120.2885,39.4738
0.89,-119.9218,39.5239
0.8837501,-120.4549,38.57567
0.84375,-120.094,38.62627
0.8474999,-120.5208,38.8577
0.8600001,-120.1582,38.90858
0.94625,-119.795,38.9581
0.8525,-120.223,39.19109
0.93375,-119.8581,39.24089
0.87375003,-120.2885,39.4738
0.94374996,-119.9218,39.5239
0.801125,-120.4549,38.57567
0.847375,-120.094,38.62627
0.803,-120.5208,38.8577
0.83225,-120.1582,38.90858
0.876375,-119.795,38.9581
0.851375,-120.223,39.19109
0.873625,-119.8581,39.24089
0.86162496,-120.2885,39.4738
0.904875,-119.9218,39.5239
0.92,-120.4549,38.57567
0.9862499,-120.094,38.62627
0.95625,-120.5208,38.8577
0.9862499,-120.1582,38.90858
0.97374994,-119.795,38.9581
0.98749995,-120.223,39.19109
0.97749996,-119.8581,39.24089
0.98999995,-120.2885,39.4738
0.96375,-119.9218,39.5239
0.97225004,-120.4549,38.57567
0.984875,-120.094,38.62627
0.9635,-120.5208,38.8577
0.98175,-120.1582,38.90858
0.97275,-119.795,38.9581
0.9731251,-120.223,39.19109
0.97849995,-119.8581,39.24089
0.9881251,-120.2885,39.4738
0.96525,-119.9218,39.5239
0.83625,-120.4549,38.57567
0.8875,-120.094,38.62627
0.81125003,-120.5208,38.8577
0.89375,-120.1582,38.90858
0.95124996,-119.795,38.9581
0.87000006,-120.223,39.19109
0.94374996,-119.8581,39.24089
0.9075,-120.2885,39.4738
0.92999995,-119.9218,39.5239
0.85875,-120.4549,38.57567
0.92625,-120.094,38.62627
0.84375,-120.5208,38.8577
0.93000007,-120.1582,38.90858
0.9562501,-119.795,38.9581
0.92125,-120.223,39.19109
0.95750004,-119.8581,39.24089
0.95,-120.2885,39.4738
0.96125,-119.9218,39.5239
0.86625004,-120.4549,38.57567
0.95874995,-120.094,38.62627
0.86125,-120.5208,38.8577
0.96625,-120.1582,38.90858
0.97875,-119.795,38.9581
0.935,-120.223,39.19109
0.975,-119.8581,39.24089
0.97375,-120.2885,39.4738
0.96,-119.9218,39.5239
0.8225,-120.4549,38.57567
0.9025,-120.094,38.62627
0.80999994,-120.5208,38.8577
0.8999999,-120.1582,38.90858
0.9475,-119.795,38.9581
0.88374996,-120.223,39.19109
0.9375,-119.8581,39.24089
0.91624993,-120.2885,39.4738
0.93,-119.9218,39.5239
0.82000005,-120.4549,38.57567
0.84875,-120.094,38.62627
0.79375,-120.5208,38.8577
0.8425001,-120.1582,38.90858
0.89875,-119.795,38.9581
0.84000003,-120.223,39.19109
0.89,-119.8581,39.24089
0.86750007,-120.2885,39.4738
0.885,-119.9218,39.5239
0.88125,-120.4549,38.57567
0.92875004,-120.094,38.62627
0.86375004,-120.5208,38.8577
0.9325,-120.1582,38.90858
0.9462501,-119.795,38.9581
0.91749996,-120.223,39.19109
0.95000005,-119.8581,39.24089
0.95500004,-120.2885,39.4738
0.94000006,-119.9218,39.5239
0.83750004,-120.4549,38.57567
0.92875,-120.094,38.62627
0.8375,-120.5208,38.8577
0.95000005,-120.1582,38.90858
0.97875,-119.795,38.9581
0.91875,-120.223,39.19109
0.9675001,-119.8581,39.24089
0.95375,-120.2885,39.4738
0.9537501,-119.9218,39.5239
0.8262501,-120.4549,38.57567
0.90749997,-120.094,38.62627
0.8,-120.5208,38.8577
0.91125,-120.1582,38.90858
0.95500004,-119.795,38.9581
0.88125,-120.223,39.19109
0.9462501,-119.8581,39.24089
0.9225,-120.2885,39.4738
0.93625,-119.9218,39.5239
0.85249996,-120.4549,38.57567
0.82375,-120.094,38.62627
0.83875006,-120.5208,38.8577
0.84125006,-120.1582,38.90858
0.93125004,-119.795,38.9581
0.8375,-120.223,39.19109
0.91875,-119.8581,39.24089
0.85125005,-120.2885,39.4738
0.91999996,-119.9218,39.5239
0.79875,-120.4549,38.57567
0.80249995,-120.094,38.62627
0.79625,-120.5208,38.8577
0.79125,-120.1582,38.90858
0.85625005,-119.795,38.9581
0.8225001,-120.223,39.19109
0.85,-119.8581,39.24089
0.81625,-120.2885,39.4738
0.88125,-119.9218,39.5239
0.8425,-120.4549,38.57567
0.86375,-120.094,38.62627
0.8524999,-120.5208,38.8577
0.85,-120.1582,38.90858
0.86749995,-119.795,38.9581
0.8850001,-120.223,39.19109
0.86625004,-119.8581,39.24089
0.87,-120.2885,39.4738
0.87999994,-119.9218,39.5239
0.95500004,-120.4549,38.57567
0.98,-120.094,38.62627
0.95625,-120.5208,38.8577
0.975,-120.1582,38.90858
0.9525,-119.795,38.9581
0.9812501,-120.223,39.19109
0.95375,-119.8581,39.24089
0.9775,-120.2885,39.4738
0.92625,-119.9218,39.5239
0.972625,-120.4549,38.57567
0.97725004,-120.094,38.62627
0.973,-120.5208,38.8577
0.9792501,-120.1582,38.90858
0.95449996,-119.795,38.9581
0.98450005,-120.223,39.19109
0.96550006,-119.8581,39.24089
0.98387504,-120.2885,39.4738
0.95300007,-119.9218,39.5239
0.89625,-120.4549,38.57567
0.89875,-120.094,38.62627
0.9,-120.5208,38.8577
0.90375,-120.1582,38.90858
0.90875006,-119.795,38.9581
0.93875,-120.223,39.19109
0.915,-119.8581,39.24089
0.9287499,-120.2885,39.4738
0.9225,-119.9218,39.5239
0.95375,-120.4549,38.57567
0.96375,-120.094,38.62627
0.94625,-120.5208,38.8577
0.9562501,-120.1582,38.90858
0.90875,-119.795,38.9581
0.97625,-120.223,39.19109
0.91999996,-119.8581,39.24089
0.9675001,-120.2885,39.4738
0.8925,-119.9218,39.5239
0.94549996,-120.4549,38.57567
0.960125,-120.094,38.62627
0.950625,-120.5208,38.8577
0.96175003,-120.1582,38.90858
0.934125,-119.795,38.9581
0.974625,-120.223,39.19109
0.937625,-119.8581,39.24089
0.967875,-120.2885,39.4738
0.92,-119.9218,39.5239
0.87125,-120.4549,38.57567
0.81249994,-120.094,38.62627
0.86375,-120.5208,38.8577
0.81874996,-120.1582,38.90858
0.87375003,-119.795,38.9581
0.87625,-120.223,39.19109
0.8725,-119.8581,39.24089
0.84125006,-120.2885,39.4738
0.885,-119.9218,39.5239
0.88125,-120.4549,38.57567
0.8875,-120.094,38.62627
0.85625,-120.5208,38.8577
0.89624995,-120.1582,38.90858
0.935,-119.795,38.9581
0.91125,-120.223,39.19109
0.93125004,-119.8581,39.24089
0.905,-120.2885,39.4738
0.91875005,-119.9218,39.5239
0.9150001,-120.4549,38.57567
0.87125,-120.094,38.62627
0.885,-120.5208,38.8577
0.90125,-120.1582,38.90858
0.93125,-119.795,38.9581
0.91625005,-120.223,39.19109
0.92875004,-119.8581,39.24089
0.90500003,-120.2885,39.4738
0.925,-119.9218,39.5239
0.8362501,-120.4549,38.57567
0.90999997,-120.094,38.62627
0.82374996,-120.5208,38.8577
0.92375,-120.1582,38.90858
0.9462501,-119.795,38.9581
0.8925,-120.223,39.19109
0.94875,-119.8581,39.24089
0.9362501,-120.2885,39.4738
0.93750006,-119.9218,39.5239
0.9362501,-120.4549,38.57567
0.9787501,-120.094,38.62627
0.92375,-120.5208,38.8577
0.97,-120.1582,38.90858
0.97125,-119.795,38.9581
0.96125,-120.223,39.19109
0.9675001,-119.8581,39.24089
0.97125006,-120.2885,39.4738
0.94124997,-119.9218,39.5239
0.96,-120.4549,38.57567
0.9875,-120.094,38.62627
0.9675,-120.5208,38.8577
0.985,-120.1582,38.90858
0.97125,-119.795,38.9581
0.98375,-120.223,39.19109
0.9725,-119.8581,39.24089
0.98749995,-120.2885,39.4738
0.94875,-119.9218,39.5239
0.94375,-120.4549,38.57567
0.98375,-120.094,38.62627
0.94625,-120.5208,38.8577
0.9787501,-120.1582,38.90858
0.94624996,-119.795,38.9581
0.97875005,-120.223,39.19109
0.96125,-119.8581,39.24089
0.98249996,-120.2885,39.4738
0.93375,-119.9218,39.5239
0.94375,-120.4549,38.57567
0.96875,-120.094,38.62627
0.94875,-120.5208,38.8577
0.97375,-120.1582,38.90858
0.9637501,-119.795,38.9581
0.98249996,-120.223,39.19109
0.96625006,-119.8581,39.24089
0.98,-120.2885,39.4738
0.9462501,-119.9218,39.5239
0.91625,-120.4549,38.57567
0.92750007,-120.094,38.62627
0.9337499,-120.5208,38.8577
0.945,-120.1582,38.90858
0.9512501,-119.795,38.9581
0.96375,-120.223,39.19109
0.95625,-119.8581,39.24089
0.97625,-120.2885,39.4738
0.93500006,-119.9218,39.5239
0.94500005,-120.4549,38.57567
0.87625,-120.094,38.62627
0.94875,-120.5208,38.8577
0.88750005,-120.1582,38.90858
0.865,-119.795,38.9581
0.9425,-120.223,39.19109
0.87375,-119.8581,39.24089
0.91625005,-120.2885,39.4738
0.8675,-119.9218,39.5239
0.97075003,-120.4549,38.57567
0.97950006,-120.094,38.62627
0.9705,-120.5208,38.8577
0.975375,-120.1582,38.90858
0.9683751,-119.795,38.9581
0.98125005,-120.223,39.19109
0.96675,-119.8581,39.24089
0.98,-120.2885,39.4738
0.95725006,-119.9218,39.5239
0.86537504,-120.4549,38.57567
0.919125,-120.094,38.62627
0.8585,-120.5208,38.8577
0.93000007,-120.1582,38.90858
0.95400006,-119.795,38.9581
0.907875,-120.223,39.19109
0.94850004,-119.8581,39.24089
0.94025004,-120.2885,39.4738
0.94925,-119.9218,39.5239
0.83875006,-120.4549,38.57567
0.85625005,-120.094,38.62627
0.82249993,-120.5208,38.8577
0.86125,-120.1582,38.90858
0.9075,-119.795,38.9581
0.85875,-120.223,39.19109
0.9075,-119.8581,39.24089
0.89874995,-120.2885,39.4738
0.92125,-119.9218,39.5239
0.8175,-120.4549,38.57567
0.8325001,-120.094,38.62627
0.79375005,-120.5208,38.8577
0.87750006,-120.1582,38.90858
0.94624996,-119.795,38.9581
0.84125,-120.223,39.19109
0.94500005,-119.8581,39.24089
0.9075,-120.2885,39.4738
0.9462501,-119.9218,39.5239
0.77375,-120.4549,38.57567
0.77125,-120.094,38.62627
0.72625,-120.5208,38.8577
0.80125,-120.1582,38.90858
0.9250001,-119.795,38.9581
0.77,-120.223,39.19109
0.91125005,-119.8581,39.24089
0.82500005,-120.2885,39.4738
0.93875,-119.9218,39.5239
0.691625,-120.4549,38.57567
0.77699995,-120.094,38.62627
0.678,-120.5208,38.8577
0.792625,-120.1582,38.90858
0.888625,-119.795,38.9581
0.760875,-120.223,39.19109
0.872625,-119.8581,39.24089
0.8188751,-120.2885,39.4738
0.89175,-119.9218,39.5239
0.72499996,-120.4549,38.57567
0.7481251,-120.094,38.62627
0.7135,-120.5208,38.8577
0.76812494,-120.1582,38.90858
0.88312507,-119.795,38.9581
0.76475,-120.223,39.19109
0.86387503,-119.8581,39.24089
0.7971251,-120.2885,39.4738
0.909,-119.9218,39.5239
0.70375,-120.4549,38.57567
0.7525,-120.094,38.62627
0.67749995,-120.5208,38.8577
0.76374996,-120.1582,38.90858
0.8575,-119.795,38.9581
0.74875,-120.223,39.19109
0.8525,-119.8581,39.24089
0.78875005,-120.2885,39.4738
0.8887501,-119.9218,39.5239
0.776875,-120.4549,38.57567
0.8,-120.094,38.62627
0.75425,-120.5208,38.8577
0.8197501,-120.1582,38.90858
0.904375,-119.795,38.9581
0.79437494,-120.223,39.19109
0.910625,-119.8581,39.24089
0.8476251,-120.2885,39.4738
0.936875,-119.9218,39.5239
0.834,-120.4549,38.57567
0.885,-120.094,38.62627
0.83237505,-120.5208,38.8577
0.87850004,-120.1582,38.90858
0.94337505,-119.795,38.9581
0.869625,-120.223,39.19109
0.937875,-119.8581,39.24089
0.88462496,-120.2885,39.4738
0.94675004,-119.9218,39.5239
0.8399999,-120.4549,38.57567
0.88125,-120.094,38.62627
0.82124996,-120.5208,38.8577
0.87125003,-120.1582,38.90858
0.9062499,-119.795,38.9581
0.8425,-120.223,39.19109
0.90749997,-119.8581,39.24089
0.87874997,-120.2885,39.4738
0.90625006,-119.9218,39.5239
0.92125005,-120.4549,38.57567
0.9125,-120.094,38.62627
0.9125001,-120.5208,38.8577
0.9,-120.1582,38.90858
0.89874995,-119.795,38.9581
0.9225,-120.223,39.19109
0.90375,-119.8581,39.24089
0.91625,-120.2885,39.4738
0.89125,-119.9218,39.5239
0.94,-120.4549,38.57567
0.9775,-120.094,38.62627
0.94500005,-120.5208,38.8577
0.96500003,-120.1582,38.90858
0.92625,-119.795,38.9581
0.9725,-120.223,39.19109
0.93375003,-119.8581,39.24089
0.96500003,-120.2885,39.4738
0.89875,-119.9218,39.5239
0.95750004,-120.4549,38.57567
0.97875005,-120.094,38.62627
0.95500004,-120.5208,38.8577
0.97875005,-120.1582,38.90858
0.9475,-119.795,38.9581
0.98125005,-120.223,39.19109
0.9475,-119.8581,39.24089
0.97999996,-120.2885,39.4738
0.91124994,-119.9218,39.5239
0.97125,-120.4549,38.57567
0.97874993,-120.094,38.62627
0.95750004,-120.5208,38.8577
0.97625005,-120.1582,38.90858
0.95375,-119.795,38.9581
0.98499995,-120.223,39.19109
0.96124995,-119.8581,39.24089
0.98125005,-120.2885,39.4738
0.93375003,-119.9218,39.5239
0.97375,-120.4549,38.57567
0.97625005,-120.094,38.62627
0.97749996,-120.5208,38.8577
0.97625005,-120.1582,38.90858
0.96000004,-119.795,38.9581
0.98875,-120.223,39.19109
0.9687501,-119.8581,39.24089
0.98249996,-120.2885,39.4738
0.96000004,-119.9218,39.5239
0.9562501,-120.4549,38.57567
0.97749996,-120.094,38.62627
0.95625,-120.5208,38.8577
0.97625005,-120.1582,38.90858
0.9675001,-119.795,38.9581
0.97375,-120.223,39.19109
0.9675001,-119.8581,39.24089
0.97625005,-120.2885,39.4738
0.9625,-119.9218,39.5239
0.94625,-120.4549,38.57567
0.9225,-120.094,38.62627
0.91999996,-120.5208,38.8577
0.92875004,-120.1582,38.90858
0.9662501,-119.795,38.9581
0.92875,-120.223,39.19109
0.96500003,-119.8581,39.24089
0.94,-120.2885,39.4738
0.95750004,-119.9218,39.5239
0.9265001,-120.4549,38.57567
0.950375,-120.094,38.62627
0.916875,-120.5208,38.8577
0.936625,-120.1582,38.90858
0.94325,-119.795,38.9581
0.94612503,-120.223,39.19109
0.94362503,-119.8581,39.24089
0.94775003,-120.2885,39.4738
0.93725,-119.9218,39.5239
0.96212506,-120.4549,38.57567
0.98212504,-120.094,38.62627
0.962625,-120.5208,38.8577
0.97725,-120.1582,38.90858
0.96225,-119.795,38.9581
0.984125,-120.223,39.19109
0.96325004,-119.8581,39.24089
0.982625,-120.2885,39.4738
0.947875,-119.9218,39.5239
0.96750003,-120.4549,38.57567
0.98125005,-120.094,38.62627
0.9625,-120.5208,38.8577
0.97375,-120.1582,38.90858
0.95750004,-119.795,38.9581
0.9787501,-120.223,39.19109
0.96500003,-119.8581,39.24089
0.98,-120.2885,39.4738
0.95875,-119.9218,39.5239
0.95625,-120.4549,38.57567
0.9575001,-120.094,38.62627
0.95625,-120.5208,38.8577
0.96250004,-120.1582,38.90858
0.96625,-119.795,38.9581
0.97875,-120.223,39.19109
0.96750003,-119.8581,39.24089
0.975,-120.2885,39.4738
0.96750003,-119.9218,39.5239
0.91125005,-120.4549,38.57567
0.8837501,-120.094,38.62627
0.9125001,-120.5208,38.8577
0.87875,-120.1582,38.90858
0.89750004,-119.795,38.9581
0.92875,-120.223,39.19109
0.89875,-119.8581,39.24089
0.90250003,-120.2885,39.4738
0.91875,-119.9218,39.5239
0.88874996,-120.4549,38.57567
0.93250006,-120.094,38.62627
0.89250004,-120.5208,38.8577
0.9212501,-120.1582,38.90858
0.9075,-119.795,38.9581
0.92499995,-120.223,39.19109
0.92125005,-119.8581,39.24089
0.93625,-120.2885,39.4738
0.9075,-119.9218,39.5239
0.96625006,-120.4549,38.57567
0.98375,-120.094,38.62627
0.96500003,-120.5208,38.8577
0.97875,-120.1582,38.90858
0.9475,-119.795,38.9581
0.985,-120.223,39.19109
0.9512501,-119.8581,39.24089
0.98375,-120.2885,39.4738
0.96625006,-119.9218,39.5239
0.96000004,-120.4549,38.57567
0.9775,-120.094,38.62627
0.95250005,-120.5208,38.8577
0.97375,-120.1582,38.90858
0.94625,-119.795,38.9581
0.97875,-120.223,39.19109
0.9562501,-119.8581,39.24089
0.98,-120.2885,39.4738
0.9375,-119.9218,39.5239
0.97125006,-120.4549,38.57567
0.98499995,-120.094,38.62627
0.97625,-120.5208,38.8577
0.9825,-120.1582,38.90858
0.97375005,-119.795,38.9581
0.98875,-120.223,39.19109
0.975,-119.8581,39.24089
0.98499995,-120.2885,39.4738
0.9625001,-119.9218,39.5239
0.97125,-120.4549,38.57567
0.97875,-120.094,38.62627
0.97375,-120.5208,38.8577
0.97875,-120.1582,38.90858
0.97125006,-119.795,38.9581
0.98,-120.223,39.19109
0.97375,-119.8581,39.24089
0.98125005,-120.2885,39.4738
0.96375,-119.9218,39.5239
0.92375,-120.4549,38.57567
0.97749996,-120.094,38.62627
0.925,-120.5208,38.8577
0.975,-120.1582,38.90858
0.9812499,-119.795,38.9581
0.955,-120.223,39.19109
0.97875,-119.8581,39.24089
0.97625005,-120.2885,39.4738
0.97,-119.9218,39.5239
0.885,-120.4549,38.57567
0.93500006,-120.094,38.62627
0.87874997,-120.5208,38.8577
0.94750005,-120.1582,38.90858
0.97249997,-119.795,38.9581
0.9275,-120.223,39.19109
0.975,-119.8581,39.24089
0.96250004,-120.2885,39.4738
0.96375,-119.9218,39.5239
0.91999996,-120.4549,38.57567
0.93125004,-120.094,38.62627
0.89625007,-120.5208,38.8577
0.9275001,-120.1582,38.90858
0.94125,-119.795,38.9581
0.93,-120.223,39.19109
0.94124997,-119.8581,39.24089
0.94000006,-120.2885,39.4738
0.9412501,-119.9218,39.5239
0.92437494,-120.4549,38.57567
0.9690001,-120.094,38.62627
0.919125,-120.5208,38.8577
0.9675,-120.1582,38.90858
0.96862507,-119.795,38.9581
0.95762503,-120.223,39.19109
0.967875,-119.8581,39.24089
0.972625,-120.2885,39.4738
0.962875,-119.9218,39.5239
0.878,-120.4549,38.57567
0.95425,-120.094,38.62627
0.87375,-120.5208,38.8577
0.95775,-120.1582,38.90858
0.97837496,-119.795,38.9581
0.93824995,-120.223,39.19109
0.9779999,-119.8581,39.24089
0.96587497,-120.2885,39.4738
0.96962506,-119.9218,39.5239
0.88,-120.4549,38.57567
0.91999996,-120.094,38.62627
0.86125,-120.5208,38.8577
0.91374993,-120.1582,38.90858
0.95000005,-119.795,38.9581
0.90124995,-120.223,39.19109
0.94375,-119.8581,39.24089
0.92625004,-120.2885,39.4738
0.93874997,-119.9218,39.5239
0.87125,-120.4549,38.57567
0.93375,-120.094,38.62627
0.8787499,-120.5208,38.8577
0.91375,-120.1582,38.90858
0.9325,-119.795,38.9581
0.90875006,-120.223,39.19109
0.92875004,-119.8581,39.24089
0.92875004,-120.2885,39.4738
0.91499996,-119.9218,39.5239
0.87875,-120.4549,38.57567
0.8875,-120.094,38.62627
0.89124995,-120.5208,38.8577
0.8825,-120.1582,38.90858
0.8937499,-119.795,38.9581
0.91999996,-120.223,39.19109
0.8974999,-119.8581,39.24089
0.91249996,-120.2885,39.4738
0.8825,-119.9218,39.5239
0.95000005,-120.4549,38.57567
0.975,-120.094,38.62627
0.96250004,-120.5208,38.8577
0.97125006,-120.1582,38.90858
0.93625,-119.795,38.9581
0.98125005,-120.223,39.19109
0.94375014,-119.8581,39.24089
0.98125,-120.2885,39.4738
0.90874994,-119.9218,39.5239
0.9625001,-120.4549,38.57567
0.98,-120.094,38.62627
0.96875,-120.5208,38.8577
0.97375,-120.1582,38.90858
0.93,-119.795,38.9581
0.9812499,-120.223,39.19109
0.93750006,-119.8581,39.24089
0.9812499,-120.2885,39.4738
0.90624994,-119.9218,39.5239
0.96875,-120.4549,38.57567
0.96625,-120.094,38.62627
0.96500003,-120.5208,38.8577
0.96125007,-120.1582,38.90858
0.9175,-119.795,38.9581
0.9775001,-120.223,39.19109
0.93250006,-119.8581,39.24089
0.9700001,-120.2885,39.4738
0.905,-119.9218,39.5239
0.9425,-120.4549,38.57567
0.9225,-120.094,38.62627
0.925,-120.5208,38.8577
0.92249995,-120.1582,38.90858
0.90125,-119.795,38.9581
0.94000006,-120.223,39.19109
0.90875,-119.8581,39.24089
0.93625,-120.2885,39.4738
0.8875,-119.9218,39.5239
0.95000005,-120.4549,38.57567
0.98249996,-120.094,38.62627
0.9275,-120.5208,38.8577
0.97375,-120.1582,38.90858
0.95125,-119.795,38.9581
0.96375006,-120.223,39.19109
0.94875,-119.8581,39.24089
0.97499996,-120.2885,39.4738
0.92125005,-119.9218,39.5239
0.97875,-120.4549,38.57567
0.99125,-120.094,38.62627
0.9725,-120.5208,38.8577
0.9912499,-120.1582,38.90858
0.97875,-119.795,38.9581
0.98875,-120.223,39.19109
0.97125006,-119.8581,39.24089
0.99,-120.2885,39.4738
0.96124995,-119.9218,39.5239
0.965,-120.4549,38.57567
0.95750004,-120.094,38.62627
0.95500004,-120.5208,38.8577
0.96,-120.1582,38.90858
0.93625,-119.795,38.9581
0.97125,-120.223,39.19109
0.94124997,-119.8581,39.24089
0.96374995,-120.2885,39.4738
0.9225,-119.9218,39.5239
0.92925,-120.4549,38.57567
0.88374996,-120.094,38.62627
0.90125,-120.5208,38.8577
0.8867501,-120.1582,38.90858
0.897,-119.795,38.9581
0.91162497,-120.223,39.19109
0.89650005,-119.8581,39.24089
0.90349996,-120.2885,39.4738
0.88875,-119.9218,39.5239
0.96375006,-120.4549,38.57567
0.98,-120.094,38.62627
0.95750004,-120.5208,38.8577
0.9775,-120.1582,38.90858
0.945,-119.795,38.9581
0.98,-120.223,39.19109
0.95250005,-119.8581,39.24089
0.985,-120.2885,39.4738
0.92125,-119.9218,39.5239
0.9575,-120.4549,38.57567
0.9725,-120.094,38.62627
0.96125007,-120.5208,38.8577
0.97125,-120.1582,38.90858
0.93874997,-119.795,38.9581
0.98125,-120.223,39.19109
0.94625,-119.8581,39.24089
0.97875,-120.2885,39.4738
0.9125,-119.9218,39.5239
0.967875,-120.4549,38.57567
0.97000015,-120.094,38.62627
0.954375,-120.5208,38.8577
0.9648751,-120.1582,38.90858
0.929875,-119.795,38.9581
0.974625,-120.223,39.19109
0.94225,-119.8581,39.24089
0.969625,-120.2885,39.4738
0.930625,-119.9218,39.5239
0.94875,-120.4549,38.57567
0.96375,-120.094,38.62627
0.9425,-120.5208,38.8577
0.95875,-120.1582,38.90858
0.94,-119.795,38.9581
0.96500003,-120.223,39.19109
0.94000006,-119.8581,39.24089
0.96500003,-120.2885,39.4738
0.92125005,-119.9218,39.5239
0.95500004,-120.4549,38.57567
0.97375005,-120.094,38.62627
0.93375,-120.5208,38.8577
0.96000004,-120.1582,38.90858
0.9425,-119.795,38.9581
0.9625001,-120.223,39.19109
0.94,-119.8581,39.24089
0.96375,-120.2885,39.4738
0.92750007,-119.9218,39.5239
0.90462506,-120.4549,38.57567
0.95449996,-120.094,38.62627
0.87600005,-120.5208,38.8577
0.95262504,-120.1582,38.90858
0.96225,-119.795,38.9581
0.9205,-120.223,39.19109
0.94662505,-119.8581,39.24089
0.95512503,-120.2885,39.4738
0.932375,-119.9218,39.5239
0.87624997,-120.4549,38.57567
0.89374995,-120.094,38.62627
0.82374996,-120.5208,38.8577
0.90375,-120.1582,38.90858
0.93125004,-119.795,38.9581
0.88375,-120.223,39.19109
0.9225001,-119.8581,39.24089
0.91999996,-120.2885,39.4738
0.90374994,-119.9218,39.5239
0.89625007,-120.4549,38.57567
0.95500004,-120.094,38.62627
0.87874997,-120.5208,38.8577
0.95250005,-120.1582,38.90858
0.95374995,-119.795,38.9581
0.93625003,-120.223,39.19109
0.95375,-119.8581,39.24089
0.965,-120.2885,39.4738
0.935,-119.9218,39.5239
0.826375,-120.4549,38.57567
0.89524996,-120.094,38.62627
0.80850005,-120.5208,38.8577
0.91762507,-120.1582,38.90858
0.943625,-119.795,38.9581
0.88487494,-120.223,39.19109
0.928875,-119.8581,39.24089
0.93375,-120.2885,39.4738
0.9175,-119.9218,39.5239
0.861875,-120.4549,38.57567
0.8242501,-120.094,38.62627
0.78900003,-120.5208,38.8577
0.86050004,-120.1582,38.90858
0.92249995,-119.795,38.9581
0.834,-120.223,39.19109
0.89575,-119.8581,39.24089
0.87200004,-120.2885,39.4738
0.883375,-119.9218,39.5239
0.84375,-120.4549,38.57567
0.79625005,-120.094,38.62627
0.77750003,-120.5208,38.8577
0.82337505,-120.1582,38.90858
0.90325,-119.795,38.9581
0.80512506,-120.223,39.19109
0.8836251,-119.8581,39.24089
0.84800005,-120.2885,39.4738
0.884625,-119.9218,39.5239
0.81125003,-120.4549,38.57567
0.78875,-120.094,38.62627
0.75624996,-120.5208,38.8577
0.7950001,-120.1582,38.90858
0.87499994,-119.795,38.9581
0.78874993,-120.223,39.19109
0.865,-119.8581,39.24089
0.8162501,-120.2885,39.4738
0.85125,-119.9218,39.5239
0.73637503,-120.4549,38.57567
0.82100004,-120.094,38.62627
0.725875,-120.5208,38.8577
0.79587495,-120.1582,38.90858
0.83887506,-119.795,38.9581
0.7945,-120.223,39.19109
0.8262501,-119.8581,39.24089
0.8121251,-120.2885,39.4738
0.823375,-119.9218,39.5239
0.73875,-120.4549,38.57567
0.8437501,-120.094,38.62627
0.73125005,-120.5208,38.8577
0.8150001,-120.1582,38.90858
0.83875,-119.795,38.9581
0.80875003,-120.223,39.19109
0.82625,-119.8581,39.24089
0.8287501,-120.2885,39.4738
0.80250007,-119.9218,39.5239
0.88837504,-120.4549,38.57567
0.9136251,-120.094,38.62627
0.893,-120.5208,38.8577
0.87687504,-120.1582,38.90858
0.87262505,-119.795,38.9581
0.90287507,-120.223,39.19109
0.87075,-119.8581,39.24089
0.88675,-120.2885,39.4738
0.837,-119.9218,39.5239
0.90625,-120.4549,38.57567
0.9512501,-120.094,38.62627
0.9175,-120.5208,38.8577
0.9362501,-120.1582,38.90858
0.9250001,-119.795,38.9581
0.94375,-120.223,39.19109
0.93000007,-119.8581,39.24089
0.9425,-120.2885,39.4738
0.91,-119.9218,39.5239
0.88625,-120.4549,38.57567
0.9175,-120.094,38.62627
0.89125,-120.5208,38.8577
0.90875,-120.1582,38.90858
0.91,-119.795,38.9581
0.925,-120.223,39.19109
0.90625006,-119.8581,39.24089
0.9225,-120.2885,39.4738
0.89750004,-119.9218,39.5239
0.96625,-120.4549,38.57567
0.97749996,-120.094,38.62627
0.9725,-120.5208,38.8577
0.97749996,-120.1582,38.90858
0.93375003,-119.795,38.9581
0.98125,-120.223,39.19109
0.9475001,-119.8581,39.24089
0.9825,-120.2885,39.4738
0.9287499,-119.9218,39.5239
0.89175004,-120.4549,38.57567
0.9295,-120.094,38.62627
0.90450007,-120.5208,38.8577
0.93799996,-120.1582,38.90858
0.95387506,-119.795,38.9581
0.933375,-120.223,39.19109
0.94299996,-119.8581,39.24089
0.94600004,-120.2885,39.4738
0.92425,-119.9218,39.5239
0.83250004,-120.4549,38.57567
0.8275,-120.094,38.62627
0.84000003,-120.5208,38.8577
0.81624997,-120.1582,38.90858
0.83500004,-119.795,38.9581
0.86,-120.223,39.19109
0.83500004,-119.8581,39.24089
0.83625007,-120.2885,39.4738
0.815,-119.9218,39.5239
0.91812503,-120.4549,38.57567
0.94687504,-120.094,38.62627
0.934625,-120.5208,38.8577
0.9265001,-120.1582,38.90858
0.87775004,-119.795,38.9581
0.95837504,-120.223,39.19109
0.88600004,-119.8581,39.24089
0.93587506,-120.2885,39.4738
0.84987503,-119.9218,39.5239
0.90987504,-120.4549,38.57567
0.96312505,-120.094,38.62627
0.9150001,-120.5208,38.8577
0.94737506,-120.1582,38.90858
0.893875,-119.795,38.9581
0.96524996,-120.223,39.19109
0.902875,-119.8581,39.24089
0.954375,-120.2885,39.4738
0.862625,-119.9218,39.5239
0.92125,-120.4549,38.57567
0.9575,-120.094,38.62627
0.93125,-120.5208,38.8577
0.94375,-120.1582,38.90858
0.90999997,-119.795,38.9581
0.9549999,-120.223,39.19109
0.92,-119.8581,39.24089
0.955,-120.2885,39.4738
0.8975,-119.9218,39.5239
0.916,-120.4549,38.57567
0.948125,-120.094,38.62627
0.92612505,-120.5208,38.8577
0.946125,-120.1582,38.90858
0.92737496,-119.795,38.9581
0.962875,-120.223,39.19109
0.93237495,-119.8581,39.24089
0.95225,-120.2885,39.4738
0.913125,-119.9218,39.5239
0.88100004,-120.4549,38.57567
0.8805,-120.094,38.62627
0.86887497,-120.5208,38.8577
0.89125,-120.1582,38.90858
0.89274997,-119.795,38.9581
0.885875,-120.223,39.19109
0.8993751,-119.8581,39.24089
0.91237503,-120.2885,39.4738
0.88874996,-119.9218,39.5239
0.764875,-120.4549,38.57567
0.8368751,-120.094,38.62627
0.74775,-120.5208,38.8577
0.84462506,-120.1582,38.90858
0.857,-119.795,38.9581
0.8203751,-120.223,39.19109
0.86450005,-119.8581,39.24089
0.86625,-120.2885,39.4738
0.84162503,-119.9218,39.5239
0.73499995,-120.4549,38.57567
0.81875,-120.094,38.62627
0.73987496,-120.5208,38.8577
0.81275004,-120.1582,38.90858
0.838,-119.795,38.9581
0.81275004,-120.223,39.19109
0.8415,-119.8581,39.24089
0.83825004,-120.2885,39.4738
0.81374997,-119.9218,39.5239
0.97125006,-120.4549,38.57567
0.96750003,-120.094,38.62627
0.9725001,-120.5208,38.8577
0.9575,-120.1582,38.90858
0.915,-119.795,38.9581
0.97875,-120.223,39.19109
0.92499995,-119.8581,39.24089
0.97,-120.2885,39.4738
0.9375,-119.9218,39.5239
0.92675,-120.4549,38.57567
0.9406251,-120.094,38.62627
0.9413751,-120.5208,38.8577
0.94325006,-120.1582,38.90858
0.91025007,-119.795,38.9581
0.954625,-120.223,39.19109
0.92637503,-119.8581,39.24089
0.9561251,-120.2885,39.4738
0.9080001,-119.9218,39.5239
0.9125,-120.4549,38.57567
0.88799995,-120.094,38.62627
0.91400003,-120.5208,38.8577
0.88487506,-120.1582,38.90858
0.84425,-119.795,38.9581
0.91800004,-120.223,39.19109
0.86324996,-119.8581,39.24089
0.90462506,-120.2885,39.4738
0.854625,-119.9218,39.5239
0.91375,-120.4549,38.57567
0.93500006,-120.094,38.62627
0.93499994,-120.5208,38.8577
0.9225,-120.1582,38.90858
0.8775,-119.795,38.9581
0.95000005,-120.223,39.19109
0.89375,-119.8581,39.24089
0.93625003,-120.2885,39.4738
0.86750007,-119.9218,39.5239
0.89462507,-120.4549,38.57567
0.898625,-120.094,38.62627
0.90700006,-120.5208,38.8577
0.90187496,-120.1582,38.90858
0.884,-119.795,38.9581
0.934,-120.223,39.19109
0.899125,-119.8581,39.24089
0.92450005,-120.2885,39.4738
0.88262504,-119.9218,39.5239
0.867,-120.4549,38.57567
0.90987504,-120.094,38.62627
0.896875,-120.5208,38.8577
0.913375,-120.1582,38.90858
0.87337506,-119.795,38.9581
0.93649995,-120.223,39.19109
0.894,-119.8581,39.24089
0.93987507,-120.2885,39.4738
0.87187505,-119.9218,39.5239
0.843625,-120.4549,38.57567
0.869375,-120.094,38.62627
0.870875,-120.5208,38.8577
0.8746251,-120.1582,38.90858
0.838125,-119.795,38.9581
0.91400003,-120.223,39.19109
0.85800004,-119.8581,39.24089
0.9115,-120.2885,39.4738
0.837875,-119.9218,39.5239
0.91524994,-120.4549,38.57567
0.93974996,-120.094,38.62627
0.91487503,-120.5208,38.8577
0.92199993,-120.1582,38.90858
0.87987494,-119.795,38.9581
0.94224995,-120.223,39.19109
0.90050006,-119.8581,39.24089
0.93975,-120.2885,39.4738
0.90400004,-119.9218,39.5239
0.83000004,-120.4549,38.57567
0.91375005,-120.094,38.62627
0.83375007,-120.5208,38.8577
0.91125,-120.1582,38.90858
0.9075,-119.795,38.9581
0.8925,-120.223,39.19109
0.9250001,-119.8581,39.24089
0.93250006,-120.2885,39.4738
0.91125005,-119.9218,39.5239
0.81100005,-120.4549,38.57567
0.88737506,-120.094,38.62627
0.80937505,-120.5208,38.8577
0.87962496,-120.1582,38.90858
0.8853749,-119.795,38.9581
0.8647499,-120.223,39.19109
0.897125,-119.8581,39.24089
0.910875,-120.2885,39.4738
0.88537496,-119.9218,39.5239
0.85975003,-120.4549,38.57567
0.94687504,-120.094,38.62627
0.8615,-120.5208,38.8577
0.93925005,-120.1582,38.90858
0.933,-119.795,38.9581
0.914375,-120.223,39.19109
0.94049996,-119.8581,39.24089
0.9555,-120.2885,39.4738
0.918125,-119.9218,39.5239
0.78875,-120.4549,38.57567
0.84000003,-120.094,38.62627
0.77875006,-120.5208,38.8577
0.84000003,-120.1582,38.90858
0.8725,-119.795,38.9581
0.83375,-120.223,39.19109
0.8625,-119.8581,39.24089
0.8625,-120.2885,39.4738
0.84875,-119.9218,39.5239
0.80625004,-120.4549,38.57567
0.8325,-120.094,38.62627
0.82125,-120.5208,38.8577
0.82250005,-120.1582,38.90858
0.82500005,-119.795,38.9581
0.8487501,-120.223,39.19109
0.8262501,-119.8581,39.24089
0.8525,-120.2885,39.4738
0.8175,-119.9218,39.5239
0.84125006,-120.4549,38.57567
0.865,-120.094,38.62627
0.86375004,-120.5208,38.8577
0.84625006,-120.1582,38.90858
0.8425001,-119.795,38.9581
0.88,-120.223,39.19109
0.84375,-119.8581,39.24089
0.87,-120.2885,39.4738
0.83375007,-119.9218,39.5239
0.97537506,-120.4549,38.57567
0.97362506,-120.094,38.62627
0.970625,-120.5208,38.8577
0.9611251,-120.1582,38.90858
0.93437505,-119.795,38.9581
0.97487503,-120.223,39.19109
0.94350004,-119.8581,39.24089
0.97075003,-120.2885,39.4738
0.9158751,-119.9218,39.5239
0.867,-120.4549,38.57567
0.8253751,-120.094,38.62627
0.831,-120.5208,38.8577
0.814625,-120.1582,38.90858
0.86112505,-119.795,38.9581
0.8185,-120.223,39.19109
0.84275,-119.8581,39.24089
0.83787507,-120.2885,39.4738
0.8286251,-119.9218,39.5239
0.76375,-120.4549,38.57567
0.763,-120.094,38.62627
0.701125,-120.5208,38.8577
0.760375,-120.1582,38.90858
0.79387504,-119.795,38.9581
0.745125,-120.223,39.19109
0.78975004,-119.8581,39.24089
0.7885,-120.2885,39.4738
0.77275,-119.9218,39.5239
0.668375,-120.4549,38.57567
0.749625,-120.094,38.62627
0.668,-120.5208,38.8577
0.71700007,-120.1582,38.90858
0.74899995,-119.795,38.9581
0.7235,-120.223,39.19109
0.73637503,-119.8581,39.24089
0.74325,-120.2885,39.4738
0.713,-119.9218,39.5239
0.80937505,-120.4549,38.57567
0.8385,-120.094,38.62627
0.8135,-120.5208,38.8577
0.81375,-120.1582,38.90858
0.7845,-119.795,38.9581
0.840875,-120.223,39.19109
0.795,-119.8581,39.24089
0.8345,-120.2885,39.4738
0.764125,-119.9218,39.5239
0.89625007,-120.4549,38.57567
0.9312501,-120.094,38.62627
0.89250004,-120.5208,38.8577
0.92875004,-120.1582,38.90858
0.90999997,-119.795,38.9581
0.915,-120.223,39.19109
0.91375005,-119.8581,39.24089
0.94125,-120.2885,39.4738
0.8875,-119.9218,39.5239
