pr_wtr,lon,lat
10.401526,-120.4549,38.57567
6.1046515,-120.094,38.62627
10.401526,-120.5208,38.8577
6.8390265,-120.1582,38.90858
5.9640265,-119.795,38.9581
7.0109015,-120.223,39.19109
6.2609015,-119.8581,39.24089
6.7296515,-120.2885,39.4738
6.9015265,-119.9218,39.5239
12.984259,-120.4549,38.57567
8.390508,-120.094,38.62627
12.781134,-120.5208,38.8577
9.109259,-120.1582,38.90858
9.031134,-119.795,38.9581
9.234259,-120.223,39.19109
9.140509,-119.8581,39.24089
8.781133,-120.2885,39.4738
9.921759,-119.9218,39.5239
15.667806,-120.4549,38.57567
10.261557,-120.094,38.62627
15.558431,-120.5208,38.8577
11.199057,-120.1582,38.90858
10.667807,-119.795,38.9581
11.417807,-120.223,39.19109
10.933432,-119.8581,39.24089
10.870932,-120.2885,39.4738
11.839682,-119.9218,39.5239
18.999363,-120.4549,38.57567
12.124363,-120.094,38.62627
18.093113,-120.5208,38.8577
12.764988,-120.1582,38.90858
12.124363,-119.795,38.9581
12.468113,-120.223,39.19109
11.905613,-119.8581,39.24089
11.452488,-120.2885,39.4738
12.655613,-119.9218,39.5239
12.252344,-120.4549,38.57567
7.736719,-120.094,38.62627
11.939844,-120.5208,38.8577
8.533594,-120.1582,38.90858
8.127344,-119.795,38.9581
8.486719,-120.223,39.19109
8.205469,-119.8581,39.24089
8.064844,-120.2885,39.4738
8.752344,-119.9218,39.5239
11.247707,-120.4549,38.57567
7.091457,-120.094,38.62627
11.122707,-120.5208,38.8577
7.903958,-120.1582,38.90858
7.482083,-119.795,38.9581
8.013332,-120.223,39.19109
7.747708,-119.8581,39.24089
7.747708,-120.2885,39.4738
8.357082,-119.9218,39.5239
13.018059,-120.4549,38.57567
9.096183,-120.094,38.62627
13.408684,-120.5208,38.8577
9.971183,-120.1582,38.90858
9.627433,-119.795,38.9581
10.502433,-120.223,39.19109
10.174308,-119.8581,39.24089
10.502433,-120.2885,39.4738
11.252433,-119.9218,39.5239
16.537216,-120.4549,38.57567
10.880967,-120.094,38.62627
15.959092,-120.5208,38.8577
11.630967,-120.1582,38.90858
11.224717,-119.795,38.9581
11.115342,-120.223,39.19109
11.130967,-119.8581,39.24089
10.005968,-120.2885,39.4738
11.396592,-119.9218,39.5239
12.4886465,-120.4549,38.57567
7.8011456,-120.094,38.62627
11.8480215,-120.5208,38.8577
8.301146,-120.1582,38.90858
8.004271,-119.795,38.9581
8.223021,-120.223,39.19109
8.082396,-119.8581,39.24089
7.7698956,-120.2885,39.4738
8.769896,-119.9218,39.5239
11.051637,-120.4549,38.57567
6.9891367,-120.094,38.62627
10.723512,-120.5208,38.8577
7.6141367,-120.1582,38.90858
7.5985117,-119.795,38.9581
7.4891367,-120.223,39.19109
7.2703867,-119.8581,39.24089
6.9578867,-120.2885,39.4738
7.7391367,-119.9218,39.5239
9.124939,-120.4549,38.57567
5.312439,-120.094,38.62627
8.984314,-120.5208,38.8577
5.765564,-120.1582,38.90858
5.328064,-119.795,38.9581
5.718689,-120.223,39.19109
5.421814,-119.8581,39.24089
5.234314,-120.2885,39.4738
5.765564,-119.9218,39.5239
6.981578,-120.4549,38.57567
4.1534534,-120.094,38.62627
6.747204,-120.5208,38.8577
4.6378284,-120.1582,38.90858
4.4503284,-119.795,38.9581
4.5597034,-120.223,39.19109
4.4190784,-119.8581,39.24089
3.9972034,-120.2885,39.4738
4.809703,-119.9218,39.5239
5.9234724,-120.4549,38.57567
4.0953474,-120.094,38.62627
5.5172224,-120.5208,38.8577
4.1890974,-120.1582,38.90858
4.0797224,-119.795,38.9581
3.8609726,-120.223,39.19109
3.7828476,-119.8581,39.24089
3.3609726,-120.2885,39.4738
3.9390976,-119.9218,39.5239
8.313726,-120.4549,38.57567
7.3449764,-120.094,38.62627
8.235602,-120.5208,38.8577
7.5793514,-120.1582,38.90858
7.8918514,-119.795,38.9581
7.5168514,-120.223,39.19109
7.8137264,-119.8581,39.24089
7.2043514,-120.2885,39.4738
7.9543514,-119.9218,39.5239
10.984948,-120.4549,38.57567
8.234948,-120.094,38.62627
10.828698,-120.5208,38.8577
8.922448,-120.1582,38.90858
8.953698,-119.795,38.9581
8.938073,-120.223,39.19109
9.172448,-119.8581,39.24089
8.547448,-120.2885,39.4738
9.594323,-119.9218,39.5239
11.516149,-120.4549,38.57567
7.0005245,-120.094,38.62627
10.797399,-120.5208,38.8577
7.5005245,-120.1582,38.90858
7.2505245,-119.795,38.9581
7.2036495,-120.223,39.19109
7.0942745,-119.8581,39.24089
6.5786495,-120.2885,39.4738
7.4223995,-119.9218,39.5239
7.999709,-120.4549,38.57567
4.6715846,-120.094,38.62627
7.6247096,-120.5208,38.8577
5.1090846,-120.1582,38.90858
5.2340846,-119.795,38.9581
4.8590846,-120.223,39.19109
5.0309596,-119.8581,39.24089
4.2184596,-120.2885,39.4738
5.4215846,-119.9218,39.5239
5.7250285,-120.4549,38.57567
2.6937778,-120.094,38.62627
5.7094035,-120.5208,38.8577
3.2719028,-120.1582,38.90858
3.146903,-119.795,38.9581
3.600028,-120.223,39.19109
3.506278,-119.8581,39.24089
3.521903,-120.2885,39.4738
4.490653,-119.9218,39.5239
5.26774,-120.4549,38.57567
3.314615,-120.094,38.62627
5.220865,-120.5208,38.8577
3.502115,-120.1582,38.90858
3.36149,-119.795,38.9581
3.564615,-120.223,39.19109
3.408365,-119.8581,39.24089
3.502115,-120.2885,39.4738
3.95524,-119.9218,39.5239
6.737471,-120.4549,38.57567
4.331221,-120.094,38.62627
7.096846,-120.5208,38.8577
4.862471,-120.1582,38.90858
4.456221,-119.795,38.9581
5.284346,-120.223,39.19109
4.846846,-119.8581,39.24089
5.424971,-120.2885,39.4738
5.643721,-119.9218,39.5239
5.0900154,-120.4549,38.57567
3.043141,-120.094,38.62627
5.4962654,-120.5208,38.8577
3.777516,-120.1582,38.90858
4.027516,-119.795,38.9581
4.199391,-120.223,39.19109
4.418141,-119.8581,39.24089
4.261891,-120.2885,39.4738
5.4025154,-119.9218,39.5239
7.2061915,-120.4549,38.57567
4.9874415,-120.094,38.62627
7.5186915,-120.5208,38.8577
5.6436915,-120.1582,38.90858
5.7061915,-119.795,38.9581
6.0030665,-120.223,39.19109
6.1124415,-119.8581,39.24089
5.9874415,-120.2885,39.4738
6.9718165,-119.9218,39.5239
7.206931,-120.4549,38.57567
6.144431,-120.094,38.62627
7.347556,-120.5208,38.8577
6.441306,-120.1582,38.90858
6.363181,-119.795,38.9581
6.519431,-120.223,39.19109
6.425681,-119.8581,39.24089
6.378806,-120.2885,39.4738
6.816306,-119.9218,39.5239
7.4966125,-120.4549,38.57567
5.2309875,-120.094,38.62627
7.5434875,-120.5208,38.8577
5.5747375,-120.1582,38.90858
5.4341125,-119.795,38.9581
5.7466125,-120.223,39.19109
5.5434875,-119.8581,39.24089
5.5434875,-120.2885,39.4738
6.1841125,-119.9218,39.5239
11.136868,-120.4549,38.57567
5.918116,-120.094,38.62627
11.527493,-120.5208,38.8577
6.902491,-120.1582,38.90858
5.824366,-119.795,38.9581
7.371241,-120.223,39.19109
6.402491,-119.8581,39.24089
7.386866,-120.2885,39.4738
7.527491,-119.9218,39.5239
11.279514,-120.4549,38.57567
6.2482634,-120.094,38.62627
11.857639,-120.5208,38.8577
7.1857634,-120.1582,38.90858
6.1545134,-119.795,38.9581
7.7326384,-120.223,39.19109
6.6388884,-119.8581,39.24089
7.6857634,-120.2885,39.4738
7.5763884,-119.9218,39.5239
14.128063,-120.4549,38.57567
8.831189,-120.094,38.62627
13.987438,-120.5208,38.8577
9.799938,-120.1582,38.90858
9.190563,-119.795,38.9581
9.924938,-120.223,39.19109
9.549938,-119.8581,39.24089
9.393688,-120.2885,39.4738
10.315563,-119.9218,39.5239
10.952051,-120.4549,38.57567
7.8114257,-120.094,38.62627
11.014551,-120.5208,38.8577
8.592676,-120.1582,38.90858
8.061426,-119.795,38.9581
8.733301,-120.223,39.19109
8.280176,-119.8581,39.24089
8.467676,-120.2885,39.4738
8.905176,-119.9218,39.5239
10.755262,-120.4549,38.57567
7.2083864,-120.094,38.62627
10.958387,-120.5208,38.8577
8.083386,-120.1582,38.90858
7.8646364,-119.795,38.9581
8.645886,-120.223,39.19109
8.427136,-119.8581,39.24089
8.708386,-120.2885,39.4738
9.536511,-119.9218,39.5239
5.4325614,-120.4549,38.57567
3.1825614,-120.094,38.62627
5.7450614,-120.5208,38.8577
3.5419364,-120.1582,38.90858
3.198186,-119.795,38.9581
3.9169364,-120.223,39.19109
3.5263114,-119.8581,39.24089
4.1513114,-120.2885,39.4738
4.3856864,-119.9218,39.5239
12.455439,-120.4549,38.57567
8.158565,-120.094,38.62627
12.611689,-120.5208,38.8577
9.080439,-120.1582,38.90858
8.51794,-119.795,38.9581
9.346064,-120.223,39.19109
8.955439,-119.8581,39.24089
9.111689,-120.2885,39.4738
9.861689,-119.9218,39.5239
6.5336647,-120.4549,38.57567
4.033664,-120.094,38.62627
6.3930397,-120.5208,38.8577
4.486789,-120.1582,38.90858
4.564914,-119.795,38.9581
4.627414,-120.223,39.19109
4.596164,-119.8581,39.24089
4.486789,-120.2885,39.4738
5.299289,-119.9218,39.5239
9.311128,-120.4549,38.57567
7.326753,-120.094,38.62627
9.326753,-120.5208,38.8577
7.811128,-120.1582,38.90858
7.748628,-119.795,38.9581
8.092378,-120.223,39.19109
8.029878,-119.8581,39.24089
8.170503,-120.2885,39.4738
8.826753,-119.9218,39.5239
14.568,-120.4549,38.57567
9.28675,-120.094,38.62627
14.59925,-120.5208,38.8577
10.41175,-120.1582,38.90858
10.09925,-119.795,38.9581
10.5055,-120.223,39.19109
10.3805,-119.8581,39.24089
9.802375,-120.2885,39.4738
11.052375,-119.9218,39.5239
10.722902,-120.4549,38.57567
6.6994643,-120.094,38.62627
10.566652,-120.5208,38.8577
7.379152,-120.1582,38.90858
7.4182143,-119.795,38.9581
7.4338393,-120.223,39.19109
7.6057143,-119.8581,39.24089
7.1369643,-120.2885,39.4738
8.551026,-119.9218,39.5239
5.246447,-120.4549,38.57567
3.793322,-120.094,38.62627
5.277697,-120.5208,38.8577
4.199572,-120.1582,38.90858
4.371447,-119.795,38.9581
4.262072,-120.223,39.19109
4.512072,-119.8581,39.24089
4.090197,-120.2885,39.4738
4.933947,-119.9218,39.5239
5.0848427,-120.4549,38.57567
3.3192182,-120.094,38.62627
5.1473427,-120.5208,38.8577
3.8504682,-120.1582,38.90858
4.006718,-119.795,38.9581
3.9754682,-120.223,39.19109
4.178593,-119.8581,39.24089
3.7567182,-120.2885,39.4738
4.6473427,-119.9218,39.5239
3.3368313,-120.4549,38.57567
2.2118313,-120.094,38.62627
3.5399563,-120.5208,38.8577
2.6337063,-120.1582,38.90858
2.9462063,-119.795,38.9581
2.8680813,-120.223,39.19109
3.0868313,-119.8581,39.24089
2.8837063,-120.2885,39.4738
3.6180813,-119.9218,39.5239
7.20317,-120.4549,38.57567
5.4219203,-120.094,38.62627
7.562545,-120.5208,38.8577
6.0937953,-120.1582,38.90858
6.0000453,-119.795,38.9581
6.4062953,-120.223,39.19109
6.3594203,-119.8581,39.24089
6.5000453,-120.2885,39.4738
7.04692,-119.9218,39.5239
7.1818886,-120.4549,38.57567
4.7287626,-120.094,38.62627
7.4162636,-120.5208,38.8577
5.4006386,-120.1582,38.90858
5.5568886,-119.795,38.9581
5.6662636,-120.223,39.19109
5.8225136,-119.8581,39.24089
5.6350136,-120.2885,39.4738
6.6818886,-119.9218,39.5239
5.1726837,-120.4549,38.57567
3.4539342,-120.094,38.62627
5.0164337,-120.5208,38.8577
3.6258092,-120.1582,38.90858
3.797684,-119.795,38.9581
3.6258092,-120.223,39.19109
3.750809,-119.8581,39.24089
3.4070592,-120.2885,39.4738
4.1258087,-119.9218,39.5239
2.5611446,-120.4549,38.57567
1.8267694,-120.094,38.62627
2.7173946,-120.5208,38.8577
2.1548946,-120.1582,38.90858
2.3580196,-119.795,38.9581
2.2798946,-120.223,39.19109
2.4673946,-119.8581,39.24089
2.2173944,-120.2885,39.4738
2.8580196,-119.9218,39.5239
6.7011127,-120.4549,38.57567
5.2792377,-120.094,38.62627
6.8729877,-120.5208,38.8577
5.7479877,-120.1582,38.90858
5.7479877,-119.795,38.9581
5.8886127,-120.223,39.19109
5.9354877,-119.8581,39.24089
5.7167377,-120.2885,39.4738
6.2636127,-119.9218,39.5239
7.396121,-120.4549,38.57567
5.3023715,-120.094,38.62627
7.614871,-120.5208,38.8577
5.9586215,-120.1582,38.90858
6.0836215,-119.795,38.9581
6.2086215,-120.223,39.19109
6.364871,-119.8581,39.24089
6.0679965,-120.2885,39.4738
6.927371,-119.9218,39.5239
6.214679,-120.4549,38.57567
4.589679,-120.094,38.62627
6.449054,-120.5208,38.8577
4.964679,-120.1582,38.90858
4.902179,-119.795,38.9581
5.183429,-120.223,39.19109
5.136554,-119.8581,39.24089
5.261554,-120.2885,39.4738
5.792804,-119.9218,39.5239
7.761793,-120.4549,38.57567
5.0117936,-120.094,38.62627
7.871168,-120.5208,38.8577
5.449293,-120.1582,38.90858
5.136793,-119.795,38.9581
5.589918,-120.223,39.19109
5.324293,-119.8581,39.24089
5.355543,-120.2885,39.4738
5.918043,-119.9218,39.5239
9.573166,-120.4549,38.57567
5.8231654,-120.094,38.62627
9.323166,-120.5208,38.8577
6.4169154,-120.1582,38.90858
5.9637904,-119.795,38.9581
6.323165,-120.223,39.19109
6.0731654,-119.8581,39.24089
5.7762904,-120.2885,39.4738
6.416915,-119.9218,39.5239
13.773759,-120.4549,38.57567
8.789384,-120.094,38.62627
13.055009,-120.5208,38.8577
9.539384,-120.1582,38.90858
9.101884,-119.795,38.9581
9.398759,-120.223,39.19109
9.305009,-119.8581,39.24089
8.930009,-120.2885,39.4738
10.117509,-119.9218,39.5239
13.654642,-120.4549,38.57567
9.279642,-120.094,38.62627
13.748392,-120.5208,38.8577
10.154642,-120.1582,38.90858
9.842142,-119.795,38.9581
10.342142,-120.223,39.19109
10.154642,-119.8581,39.24089
9.998392,-120.2885,39.4738
11.123392,-119.9218,39.5239
13.634641,-120.4549,38.57567
8.525265,-120.094,38.62627
13.447141,-120.5208,38.8577
9.47839,-120.1582,38.90858
8.75964,-119.795,38.9581
9.66589,-120.223,39.19109
9.25964,-119.8581,39.24089
8.94714,-120.2885,39.4738
10.009641,-119.9218,39.5239
10.777883,-120.4549,38.57567
6.2466326,-120.094,38.62627
10.606008,-120.5208,38.8577
7.1216326,-120.1582,38.90858
6.8247576,-119.795,38.9581
7.2310076,-120.223,39.19109
7.0435076,-119.8581,39.24089
6.8716326,-120.2885,39.4738
7.8716326,-119.9218,39.5239
6.000143,-120.4549,38.57567
3.2813928,-120.094,38.62627
6.140768,-120.5208,38.8577
3.5470178,-120.1582,38.90858
3.4845178,-119.795,38.9581
3.6876428,-120.223,39.19109
3.6876428,-119.8581,39.24089
3.4532678,-120.2885,39.4738
4.484518,-119.9218,39.5239
8.950604,-120.4549,38.57567
4.9037294,-120.094,38.62627
8.653729,-120.5208,38.8577
5.2631044,-120.1582,38.90858
4.5443544,-119.795,38.9581
5.0599794,-120.223,39.19109
4.4506044,-119.8581,39.24089
4.4662294,-120.2885,39.4738
4.9506044,-119.9218,39.5239
5.7689953,-120.4549,38.57567
2.300245,-120.094,38.62627
5.5658703,-120.5208,38.8577
2.75337,-120.1582,38.90858
2.456495,-119.795,38.9581
2.65962,-120.223,39.19109
2.53462,-119.8581,39.24089
2.268995,-120.2885,39.4738
2.97212,-119.9218,39.5239
6.156021,-120.4549,38.57567
3.702896,-120.094,38.62627
5.890396,-120.5208,38.8577
3.984146,-120.1582,38.90858
4.031021,-119.795,38.9581
3.890396,-120.223,39.19109
4.015396,-119.8581,39.24089
3.4528964,-120.2885,39.4738
4.327896,-119.9218,39.5239
10.1977005,-120.4549,38.57567
6.213326,-120.094,38.62627
9.9320755,-120.5208,38.8577
6.838326,-120.1582,38.90858
6.588326,-119.795,38.9581
6.822701,-120.223,39.19109
6.697701,-119.8581,39.24089
6.478951,-120.2885,39.4738
7.228951,-119.9218,39.5239
13.519473,-120.4549,38.57567
8.644473,-120.094,38.62627
13.488223,-120.5208,38.8577
9.472598,-120.1582,38.90858
9.144473,-119.795,38.9581
9.550723,-120.223,39.19109
9.394473,-119.8581,39.24089
9.128848,-120.2885,39.4738
10.253848,-119.9218,39.5239
13.280839,-120.4549,38.57567
8.562088,-120.094,38.62627
12.796464,-120.5208,38.8577
9.343339,-120.1582,38.90858
9.077714,-119.795,38.9581
9.187089,-120.223,39.19109
9.343339,-119.8581,39.24089
8.483963,-120.2885,39.4738
10.093339,-119.9218,39.5239
12.279357,-120.4549,38.57567
8.294982,-120.094,38.62627
12.044982,-120.5208,38.8577
8.763732,-120.1582,38.90858
8.341857,-119.795,38.9581
8.732482,-120.223,39.19109
8.310607,-119.8581,39.24089
8.169982,-120.2885,39.4738
8.919982,-119.9218,39.5239
14.151968,-120.4549,38.57567
9.401968,-120.094,38.62627
15.151968,-120.5208,38.8577
11.026968,-120.1582,38.90858
10.636343,-119.795,38.9581
11.730093,-120.223,39.19109
11.308218,-119.8581,39.24089
11.448843,-120.2885,39.4738
12.651968,-119.9218,39.5239
11.44177,-120.4549,38.57567
6.238644,-120.094,38.62627
11.723019,-120.5208,38.8577
7.113644,-120.1582,38.90858
6.2386446,-119.795,38.9581
7.613644,-120.223,39.19109
6.816769,-119.8581,39.24089
7.535519,-120.2885,39.4738
8.113644,-119.9218,39.5239
8.80044,-120.4549,38.57567
5.4879403,-120.094,38.62627
8.58169,-120.5208,38.8577
5.9879403,-120.1582,38.90858
6.4254403,-119.795,38.9581
6.0660653,-120.223,39.19109
6.3941903,-119.8581,39.24089
5.7223153,-120.2885,39.4738
7.0816903,-119.9218,39.5239
5.817516,-120.4549,38.57567
3.8956404,-120.094,38.62627
5.848766,-120.5208,38.8577
4.2706404,-120.1582,38.90858
4.1768904,-119.795,38.9581
4.4112654,-120.223,39.19109
4.2862654,-119.8581,39.24089
4.3487654,-120.2885,39.4738
4.8175154,-119.9218,39.5239
10.035201,-120.4549,38.57567
7.566451,-120.094,38.62627
10.285201,-120.5208,38.8577
8.191451,-120.1582,38.90858
8.082076,-119.795,38.9581
8.378951,-120.223,39.19109
8.332076,-119.8581,39.24089
8.441451,-120.2885,39.4738
9.207076,-119.9218,39.5239
4.7125053,-120.4549,38.57567
3.0093803,-120.094,38.62627
4.6656303,-120.5208,38.8577
3.3687553,-120.1582,38.90858
3.8375053,-119.795,38.9581
3.4937553,-120.223,39.19109
3.9781303,-119.8581,39.24089
3.3375053,-120.2885,39.4738
4.79063,-119.9218,39.5239
2.9138432,-120.4549,38.57567
1.6325928,-120.094,38.62627
2.8044677,-120.5208,38.8577
1.8200928,-120.1582,38.90858
2.1794677,-119.795,38.9581
1.9138428,-120.223,39.19109
2.3357177,-119.8581,39.24089
1.9450928,-120.2885,39.4738
3.0857182,-119.9218,39.5239
4.6243653,-120.4549,38.57567
3.4056153,-120.094,38.62627
4.8118653,-120.5208,38.8577
3.8274903,-120.1582,38.90858
4.0618653,-119.795,38.9581
4.1556153,-120.223,39.19109
4.3899903,-119.8581,39.24089
4.3274903,-120.2885,39.4738
5.171241,-119.9218,39.5239
7.8573465,-120.4549,38.57567
5.8729715,-120.094,38.62627
8.107347,-120.5208,38.8577
6.3417215,-120.1582,38.90858
6.4042215,-119.795,38.9581
6.5760965,-120.223,39.19109
6.6698465,-119.8581,39.24089
6.4510965,-120.2885,39.4738
7.4979715,-119.9218,39.5239
9.658634,-120.4549,38.57567
7.3617587,-120.094,38.62627
9.580509,-120.5208,38.8577
7.5805087,-120.1582,38.90858
7.2523837,-119.795,38.9581
7.5805087,-120.223,39.19109
7.3617587,-119.8581,39.24089
7.4711337,-120.2885,39.4738
8.080509,-119.9218,39.5239
10.258567,-120.4549,38.57567
7.914817,-120.094,38.62627
10.508567,-120.5208,38.8577
8.680442,-120.1582,38.90858
9.086692,-119.795,38.9581
9.086692,-120.223,39.19109
9.555442,-119.8581,39.24089
8.992942,-120.2885,39.4738
10.477317,-119.9218,39.5239
11.139939,-120.4549,38.57567
7.2805643,-120.094,38.62627
10.858689,-120.5208,38.8577
7.6868143,-120.1582,38.90858
7.3586893,-119.795,38.9581
7.4368143,-120.223,39.19109
7.2493143,-119.8581,39.24089
6.6711893,-120.2885,39.4738
7.7336903,-119.9218,39.5239
10.612057,-120.4549,38.57567
6.8464317,-120.094,38.62627
10.080807,-120.5208,38.8577
7.1901817,-120.1582,38.90858
6.9870567,-119.795,38.9581
7.0495567,-120.223,39.19109
6.9558067,-119.8581,39.24089
6.5026817,-120.2885,39.4738
7.5964317,-119.9218,39.5239
11.2709055,-120.4549,38.57567
6.458406,-120.094,38.62627
11.2240305,-120.5208,38.8577
7.177156,-120.1582,38.90858
6.630281,-119.795,38.9581
7.286531,-120.223,39.19109
6.927156,-119.8581,39.24089
6.864656,-120.2885,39.4738
7.755281,-119.9218,39.5239
14.527829,-120.4549,38.57567
9.809081,-120.094,38.62627
14.480954,-120.5208,38.8577
10.965331,-120.1582,38.90858
10.965331,-119.795,38.9581
11.184081,-120.223,39.19109
11.355956,-119.8581,39.24089
10.777831,-120.2885,39.4738
12.121581,-119.9218,39.5239
10.531549,-120.4549,38.57567
6.5003,-120.094,38.62627
10.469049,-120.5208,38.8577
7.2503,-120.1582,38.90858
7.0003,-119.795,38.9581
7.34405,-120.223,39.19109
7.1878,-119.8581,39.24089
6.9378,-120.2885,39.4738
7.90655,-119.9218,39.5239
9.145765,-120.4549,38.57567
5.31764,-120.094,38.62627
8.770765,-120.5208,38.8577
5.927015,-120.1582,38.90858
5.520765,-119.795,38.9581
5.833265,-120.223,39.19109
5.677015,-119.8581,39.24089
5.333265,-120.2885,39.4738
6.177015,-119.9218,39.5239
5.4964314,-120.4549,38.57567
3.137057,-120.094,38.62627
5.4026814,-120.5208,38.8577
3.543307,-120.1582,38.90858
3.387057,-119.795,38.9581
3.543307,-120.223,39.19109
3.527682,-119.8581,39.24089
3.199557,-120.2885,39.4738
3.8558068,-119.9218,39.5239
4.992433,-120.4549,38.57567
2.961183,-120.094,38.62627
4.992433,-120.5208,38.8577
3.273683,-120.1582,38.90858
3.117433,-119.795,38.9581
3.320558,-120.223,39.19109
3.101808,-119.8581,39.24089
3.133058,-120.2885,39.4738
3.492433,-119.9218,39.5239
4.970492,-120.4549,38.57567
2.954867,-120.094,38.62627
4.595492,-120.5208,38.8577
3.048617,-120.1582,38.90858
2.767367,-119.795,38.9581
2.876742,-120.223,39.19109
2.579867,-119.8581,39.24089
2.517367,-120.2885,39.4738
2.876742,-119.9218,39.5239
6.3506064,-120.4549,38.57567
3.9912317,-120.094,38.62627
6.0381064,-120.5208,38.8577
4.163107,-120.1582,38.90858
3.9131067,-119.795,38.9581
3.9599817,-120.223,39.19109
3.8037317,-119.8581,39.24089
3.5849817,-120.2885,39.4738
3.9756067,-119.9218,39.5239
7.70456,-120.4549,38.57567
4.4233093,-120.094,38.62627
7.5639343,-120.5208,38.8577
4.9545593,-120.1582,38.90858
4.6420593,-119.795,38.9581
5.0014343,-120.223,39.19109
4.7358093,-119.8581,39.24089
4.6733093,-120.2885,39.4738
5.2045593,-119.9218,39.5239
7.1524234,-120.4549,38.57567
4.1992984,-120.094,38.62627
6.7617984,-120.5208,38.8577
4.464924,-120.1582,38.90858
4.1992984,-119.795,38.9581
4.3555484,-120.223,39.19109
4.2774234,-119.8581,39.24089
4.0117984,-120.2885,39.4738
4.730549,-119.9218,39.5239
5.3272667,-120.4549,38.57567
3.0772672,-120.094,38.62627
5.5303917,-120.5208,38.8577
3.6085172,-120.1582,38.90858
3.3897672,-119.795,38.9581
3.8585172,-120.223,39.19109
3.6241422,-119.8581,39.24089
3.7647672,-120.2885,39.4738
4.092892,-119.9218,39.5239
4.73828,-120.4549,38.57567
2.9726548,-120.094,38.62627
4.847655,-120.5208,38.8577
3.2382798,-120.1582,38.90858
3.1132798,-119.795,38.9581
3.3632796,-120.223,39.19109
3.2070298,-119.8581,39.24089
3.2226548,-120.2885,39.4738
3.6445298,-119.9218,39.5239
13.789217,-120.4549,38.57567
10.211092,-120.094,38.62627
13.726717,-120.5208,38.8577
11.070467,-120.1582,38.90858
10.695467,-119.795,38.9581
11.054842,-120.223,39.19109
10.929842,-119.8581,39.24089
10.679842,-120.2885,39.4738
11.711092,-119.9218,39.5239
16.170881,-120.4549,38.57567
10.233381,-120.094,38.62627
15.874006,-120.5208,38.8577
11.358381,-120.1582,38.90858
10.811506,-119.795,38.9581
11.702131,-120.223,39.19109
11.420881,-119.8581,39.24089
11.436506,-120.2885,39.4738
13.045881,-119.9218,39.5239
7.8051295,-120.4549,38.57567
4.570754,-120.094,38.62627
7.4301295,-120.5208,38.8577
5.023879,-120.1582,38.90858
4.852004,-119.795,38.9581
4.930129,-120.223,39.19109
5.039504,-119.8581,39.24089
4.586379,-120.2885,39.4738
5.4457545,-119.9218,39.5239
7.16939,-120.4549,38.57567
4.26314,-120.094,38.62627
7.16939,-120.5208,38.8577
4.8256407,-120.1582,38.90858
4.466265,-119.795,38.9581
4.6693907,-120.223,39.19109
4.54439,-119.8581,39.24089
4.48189,-120.2885,39.4738
4.9506407,-119.9218,39.5239
5.8571415,-120.4549,38.57567
3.4508913,-120.094,38.62627
5.8883915,-120.5208,38.8577
3.9665163,-120.1582,38.90858
3.8258913,-119.795,38.9581
3.9821413,-120.223,39.19109
3.9508913,-119.8581,39.24089
3.6383913,-120.2885,39.4738
4.2165165,-119.9218,39.5239
4.245511,-120.4549,38.57567
2.7455113,-120.094,38.62627
4.151761,-120.5208,38.8577
3.0580113,-120.1582,38.90858
3.2767613,-119.795,38.9581
2.9798863,-120.223,39.19109
3.2298863,-119.8581,39.24089
2.7455113,-120.2885,39.4738
3.4955113,-119.9218,39.5239
3.0084023,-120.4549,38.57567
1.977152,-120.094,38.62627
3.0552773,-120.5208,38.8577
2.289652,-120.1582,38.90858
2.477152,-119.795,38.9581
2.430277,-120.223,39.19109
2.6177773,-119.8581,39.24089
2.367777,-120.2885,39.4738
3.0396523,-119.9218,39.5239
5.8041105,-120.4549,38.57567
3.8509862,-120.094,38.62627
5.6947355,-120.5208,38.8577
4.1166115,-120.1582,38.90858
4.1009865,-119.795,38.9581
4.1009865,-120.223,39.19109
4.1166115,-119.8581,39.24089
3.8978612,-120.2885,39.4738
4.3666115,-119.9218,39.5239
4.667053,-120.4549,38.57567
2.7920532,-120.094,38.62627
4.729553,-120.5208,38.8577
3.1826782,-120.1582,38.90858
3.1826782,-119.795,38.9581
3.1826782,-120.223,39.19109
3.1983032,-119.8581,39.24089
2.9639282,-120.2885,39.4738
3.6358032,-119.9218,39.5239
2.8442724,-120.4549,38.57567
2.0630224,-120.094,38.62627
2.9536474,-120.5208,38.8577
2.3442724,-120.1582,38.90858
2.4848974,-119.795,38.9581
2.3911474,-120.223,39.19109
2.5473974,-119.8581,39.24089
2.2348974,-120.2885,39.4738
2.8911474,-119.9218,39.5239
4.7757163,-120.4549,38.57567
3.5100915,-120.094,38.62627
4.9007163,-120.5208,38.8577
3.8850915,-120.1582,38.90858
3.8225915,-119.795,38.9581
4.0569663,-120.223,39.19109
3.9632165,-119.8581,39.24089
4.0257163,-120.2885,39.4738
4.3694663,-119.9218,39.5239
7.7671638,-120.4549,38.57567
6.157789,-120.094,38.62627
7.8609138,-120.5208,38.8577
6.4859138,-120.1582,38.90858
6.5484138,-119.795,38.9581
6.5327888,-120.223,39.19109
6.5952888,-119.8581,39.24089
6.407789,-120.2885,39.4738
7.0640388,-119.9218,39.5239
8.060607,-120.4549,38.57567
5.966857,-120.094,38.62627
8.498107,-120.5208,38.8577
6.341857,-120.1582,38.90858
6.232482,-119.795,38.9581
6.638732,-120.223,39.19109
6.404357,-119.8581,39.24089
6.607482,-120.2885,39.4738
7.169982,-119.9218,39.5239
13.6852665,-120.4549,38.57567
8.6071415,-120.094,38.62627
13.9352665,-120.5208,38.8577
9.7946415,-120.1582,38.90858
8.8883915,-119.795,38.9581
9.9508915,-120.223,39.19109
9.3415165,-119.8581,39.24089
9.4977665,-120.2885,39.4738
10.1696415,-119.9218,39.5239
14.098627,-120.4549,38.57567
8.645502,-120.094,38.62627
14.098627,-120.5208,38.8577
9.723627,-120.1582,38.90858
8.817377,-119.795,38.9581
9.801752,-120.223,39.19109
9.239252,-119.8581,39.24089
9.301752,-120.2885,39.4738
10.083002,-119.9218,39.5239
12.103776,-120.4549,38.57567
7.2912745,-120.094,38.62627
11.728776,-120.5208,38.8577
7.9631495,-120.1582,38.90858
7.3068995,-119.795,38.9581
7.9318995,-120.223,39.19109
7.6975245,-119.8581,39.24089
7.4631495,-120.2885,39.4738
8.510025,-119.9218,39.5239
9.835673,-120.4549,38.57567
6.3825483,-120.094,38.62627
9.445048,-120.5208,38.8577
6.7262983,-120.1582,38.90858
6.4450483,-119.795,38.9581
6.5700483,-120.223,39.19109
6.4762983,-119.8581,39.24089
6.0700483,-120.2885,39.4738
6.7731733,-119.9218,39.5239
14.354978,-120.4549,38.57567
9.651853,-120.094,38.62627
13.854978,-120.5208,38.8577
10.183103,-120.1582,38.90858
9.870603,-119.795,38.9581
9.964353,-120.223,39.19109
9.823728,-119.8581,39.24089
9.308103,-120.2885,39.4738
10.370603,-119.9218,39.5239
13.832177,-120.4549,38.57567
9.113427,-120.094,38.62627
13.566552,-120.5208,38.8577
10.207177,-120.1582,38.90858
10.035302,-119.795,38.9581
10.082177,-120.223,39.19109
10.113427,-119.8581,39.24089
9.300927,-120.2885,39.4738
10.832177,-119.9218,39.5239
9.222017,-120.4549,38.57567
5.6595173,-120.094,38.62627
9.097017,-120.5208,38.8577
6.2532673,-120.1582,38.90858
6.1751423,-119.795,38.9581
6.3001423,-120.223,39.19109
6.3313923,-119.8581,39.24089
5.8782673,-120.2885,39.4738
7.0813923,-119.9218,39.5239
9.81083,-120.4549,38.57567
6.6077046,-120.094,38.62627
9.52958,-120.5208,38.8577
6.9358296,-120.1582,38.90858
6.7170796,-119.795,38.9581
6.7327046,-120.223,39.19109
6.5920796,-119.8581,39.24089
6.2952046,-120.2885,39.4738
7.0295796,-119.9218,39.5239
12.938313,-120.4549,38.57567
8.1258135,-120.094,38.62627
12.766438,-120.5208,38.8577
9.203938,-120.1582,38.90858
8.735188,-119.795,38.9581
9.282063,-120.223,39.19109
9.141438,-119.8581,39.24089
8.688313,-120.2885,39.4738
9.875813,-119.9218,39.5239
10.360366,-120.4549,38.57567
6.5009913,-120.094,38.62627
10.266616,-120.5208,38.8577
7.180679,-120.1582,38.90858
6.7197413,-119.795,38.9581
7.321304,-120.223,39.19109
6.993179,-119.8581,39.24089
6.8603663,-120.2885,39.4738
7.7744293,-119.9218,39.5239
8.184546,-120.4549,38.57567
5.106422,-120.094,38.62627
8.028296,-120.5208,38.8577
5.637672,-120.1582,38.90858
5.528297,-119.795,38.9581
5.668922,-120.223,39.19109
5.606422,-119.8581,39.24089
5.356422,-120.2885,39.4738
6.2782965,-119.9218,39.5239
6.400741,-120.4549,38.57567
3.775741,-120.094,38.62627
6.260116,-120.5208,38.8577
4.1976166,-120.1582,38.90858
4.0257416,-119.795,38.9581
4.2601166,-120.223,39.19109
4.1194916,-119.8581,39.24089
4.1351166,-120.2885,39.4738
4.5413666,-119.9218,39.5239
6.9541926,-120.4549,38.57567
4.1260676,-120.094,38.62627
6.6885676,-120.5208,38.8577
4.5166926,-120.1582,38.90858
4.4854426,-119.795,38.9581
4.5479426,-120.223,39.19109
4.5479426,-119.8581,39.24089
4.2979426,-120.2885,39.4738
4.9698176,-119.9218,39.5239
6.0007653,-120.4549,38.57567
3.8601398,-120.094,38.62627
5.8913903,-120.5208,38.8577
4.282015,-120.1582,38.90858
4.594515,-119.795,38.9581
4.32889,-120.223,39.19109
4.64139,-119.8581,39.24089
4.032015,-120.2885,39.4738
5.14139,-119.9218,39.5239
4.87284,-120.4549,38.57567
3.013465,-120.094,38.62627
4.950965,-120.5208,38.8577
3.4822147,-120.1582,38.90858
3.6697147,-119.795,38.9581
3.6384647,-120.223,39.19109
3.7947147,-119.8581,39.24089
3.5603397,-120.2885,39.4738
4.419715,-119.9218,39.5239
4.3845997,-120.4549,38.57567
2.6970997,-120.094,38.62627
4.1970997,-120.5208,38.8577
2.9783497,-120.1582,38.90858
3.2283497,-119.795,38.9581
3.0720997,-120.223,39.19109
3.3377247,-119.8581,39.24089
2.9939747,-120.2885,39.4738
3.7439747,-119.9218,39.5239
2.7241187,-120.4549,38.57567
1.6772436,-120.094,38.62627
2.8334937,-120.5208,38.8577
2.0053685,-120.1582,38.90858
2.1616185,-119.795,38.9581
2.2084935,-120.223,39.19109
2.3022435,-119.8581,39.24089
2.2241185,-120.2885,39.4738
2.6928687,-119.9218,39.5239
3.1430304,-120.4549,38.57567
1.7836552,-120.094,38.62627
3.2524054,-120.5208,38.8577
2.0961554,-120.1582,38.90858
2.1117804,-119.795,38.9581
2.3149054,-120.223,39.19109
2.2367804,-119.8581,39.24089
2.3461554,-120.2885,39.4738
2.6586554,-119.9218,39.5239
3.1267974,-120.4549,38.57567
1.7205472,-120.094,38.62627
3.3299224,-120.5208,38.8577
2.1267972,-120.1582,38.90858
2.2517972,-119.795,38.9581
2.3142972,-120.223,39.19109
2.4236724,-119.8581,39.24089
2.2205472,-120.2885,39.4738
2.8924224,-119.9218,39.5239
3.3969998,-120.4549,38.57567
1.6001248,-120.094,38.62627
3.6157498,-120.5208,38.8577
2.1469998,-120.1582,38.90858
2.2563748,-119.795,38.9581
2.3813748,-120.223,39.19109
2.4751248,-119.8581,39.24089
2.3032498,-120.2885,39.4738
3.1001248,-119.9218,39.5239
5.1372943,-120.4549,38.57567
3.0747938,-120.094,38.62627
5.2779193,-120.5208,38.8577
3.6685438,-120.1582,38.90858
3.7466688,-119.795,38.9581
3.9654188,-120.223,39.19109
4.1060443,-119.8581,39.24089
3.9497938,-120.2885,39.4738
4.9497943,-119.9218,39.5239
8.385256,-120.4549,38.57567
5.166506,-120.094,38.62627
8.104006,-120.5208,38.8577
5.682131,-120.1582,38.90858
5.541506,-119.795,38.9581
5.729006,-120.223,39.19109
5.729006,-119.8581,39.24089
5.494631,-120.2885,39.4738
6.463381,-119.9218,39.5239
10.954821,-120.4549,38.57567
6.6891966,-120.094,38.62627
10.782946,-120.5208,38.8577
7.3298216,-120.1582,38.90858
6.9860716,-119.795,38.9581
7.5173216,-120.223,39.19109
7.3923216,-119.8581,39.24089
7.2048216,-120.2885,39.4738
8.142322,-119.9218,39.5239
8.813281,-120.4549,38.57567
5.860156,-120.094,38.62627
8.953906,-120.5208,38.8577
6.532031,-120.1582,38.90858
6.766406,-119.795,38.9581
6.610156,-120.223,39.19109
6.938281,-119.8581,39.24089
6.328906,-120.2885,39.4738
7.735156,-119.9218,39.5239
8.26273,-120.4549,38.57567
5.1064796,-120.094,38.62627
8.215855,-120.5208,38.8577
5.6064796,-120.1582,38.90858
5.4033546,-119.795,38.9581
5.5752296,-120.223,39.19109
5.4502296,-119.8581,39.24089
5.2627296,-120.2885,39.4738
6.1221046,-119.9218,39.5239
12.668299,-120.4549,38.57567
8.215174,-120.094,38.62627
12.605799,-120.5208,38.8577
9.215174,-120.1582,38.90858
8.887049,-119.795,38.9581
9.308924,-120.223,39.19109
9.308924,-119.8581,39.24089
8.949549,-120.2885,39.4738
10.105799,-119.9218,39.5239
6.2607145,-120.4549,38.57567
4.18259,-120.094,38.62627
6.4638395,-120.5208,38.8577
4.46384,-120.1582,38.90858
4.77634,-119.795,38.9581
4.52634,-120.223,39.19109
4.49509,-119.8581,39.24089
4.291965,-120.2885,39.4738
5.08884,-119.9218,39.5239
6.820447,-120.4549,38.57567
3.9766977,-120.094,38.62627
6.820447,-120.5208,38.8577
4.398573,-120.1582,38.90858
3.9923227,-119.795,38.9581
4.507948,-120.223,39.19109
4.164198,-119.8581,39.24089
4.304823,-120.2885,39.4738
4.6485724,-119.9218,39.5239
12.277526,-120.4549,38.57567
7.1525254,-120.094,38.62627
12.058776,-120.5208,38.8577
8.027525,-120.1582,38.90858
7.2462754,-119.795,38.9581
8.183775,-120.223,39.19109
7.7306504,-119.8581,39.24089
7.7150254,-120.2885,39.4738
8.48065,-119.9218,39.5239
12.712643,-120.4549,38.57567
7.9001427,-120.094,38.62627
12.275143,-120.5208,38.8577
8.775143,-120.1582,38.90858
8.290768,-119.795,38.9581
8.728268,-120.223,39.19109
8.572018,-119.8581,39.24089
8.243893,-120.2885,39.4738
9.290768,-119.9218,39.5239
8.605323,-120.4549,38.57567
5.136573,-120.094,38.62627
8.183448,-120.5208,38.8577
5.527198,-120.1582,38.90858
5.386573,-119.795,38.9581
5.355323,-120.223,39.19109
5.433448,-119.8581,39.24089
4.9490733,-120.2885,39.4738
5.870948,-119.9218,39.5239
7.367363,-120.4549,38.57567
4.2736125,-120.094,38.62627
7.461113,-120.5208,38.8577
4.992363,-120.1582,38.90858
4.6329875,-119.795,38.9581
4.992363,-120.223,39.19109
4.7892375,-119.8581,39.24089
4.5548625,-120.2885,39.4738
5.257988,-119.9218,39.5239
5.662607,-120.4549,38.57567
3.475107,-120.094,38.62627
5.756357,-120.5208,38.8577
4.100107,-120.1582,38.90858
4.412607,-119.795,38.9581
4.350107,-120.223,39.19109
4.709482,-119.8581,39.24089
4.318857,-120.2885,39.4738
5.475107,-119.9218,39.5239
6.152729,-120.4549,38.57567
4.465229,-120.094,38.62627
6.293354,-120.5208,38.8577
4.887104,-120.1582,38.90858
4.918354,-119.795,38.9581
4.949604,-120.223,39.19109
4.996479,-119.8581,39.24089
4.777729,-120.2885,39.4738
5.402729,-119.9218,39.5239
10.154819,-120.4549,38.57567
7.5141935,-120.094,38.62627
10.623569,-120.5208,38.8577
8.295444,-120.1582,38.90858
8.014194,-119.795,38.9581
8.654819,-120.223,39.19109
8.436069,-119.8581,39.24089
8.686069,-120.2885,39.4738
9.389194,-119.9218,39.5239
15.279256,-120.4549,38.57567
10.248006,-120.094,38.62627
15.076131,-120.5208,38.8577
11.248006,-120.1582,38.90858
10.748006,-119.795,38.9581
11.232381,-120.223,39.19109
11.044881,-119.8581,39.24089
10.591756,-120.2885,39.4738
11.919881,-119.9218,39.5239
12.336103,-120.4549,38.57567
7.8204784,-120.094,38.62627
12.586103,-120.5208,38.8577
8.789228,-120.1582,38.90858
8.320478,-119.795,38.9581
8.961103,-120.223,39.19109
8.632978,-119.8581,39.24089
8.664228,-120.2885,39.4738
9.601728,-119.9218,39.5239
11.327677,-120.4549,38.57567
6.296427,-120.094,38.62627
11.155801,-120.5208,38.8577
7.124552,-120.1582,38.90858
6.655802,-119.795,38.9581
7.265177,-120.223,39.19109
6.905802,-119.8581,39.24089
6.905802,-120.2885,39.4738
7.921427,-119.9218,39.5239
11.368246,-120.4549,38.57567
7.102621,-120.094,38.62627
11.118246,-120.5208,38.8577
7.665121,-120.1582,38.90858
7.336996,-119.795,38.9581
7.711996,-120.223,39.19109
7.508871,-119.8581,39.24089
7.274496,-120.2885,39.4738
8.133871,-119.9218,39.5239
9.734181,-120.4549,38.57567
6.0779314,-120.094,38.62627
9.827931,-120.5208,38.8577
6.6404314,-120.1582,38.90858
6.2654314,-119.795,38.9581
6.8904314,-120.223,39.19109
6.5154314,-119.8581,39.24089
6.7498064,-120.2885,39.4738
7.2341814,-119.9218,39.5239
14.884464,-120.4549,38.57567
9.525089,-120.094,38.62627
15.165714,-120.5208,38.8577
10.665714,-120.1582,38.90858
9.993839,-119.795,38.9581
10.978214,-120.223,39.19109
10.446964,-119.8581,39.24089
10.509464,-120.2885,39.4738
11.493839,-119.9218,39.5239
16.680847,-120.4549,38.57567
10.571472,-120.094,38.62627
16.899597,-120.5208,38.8577
11.758972,-120.1582,38.90858
11.040222,-119.795,38.9581
12.008972,-120.223,39.19109
11.462097,-119.8581,39.24089
11.540222,-120.2885,39.4738
12.649596,-119.9218,39.5239
11.96705,-120.4549,38.57567
7.123299,-120.094,38.62627
11.451425,-120.5208,38.8577
8.09205,-120.1582,38.90858
7.826424,-119.795,38.9581
8.295175,-120.223,39.19109
8.170175,-119.8581,39.24089
7.935799,-120.2885,39.4738
9.201425,-119.9218,39.5239
5.3048716,-120.4549,38.57567
3.1486216,-120.094,38.62627
5.3048716,-120.5208,38.8577
3.5704966,-120.1582,38.90858
3.7579966,-119.795,38.9581
3.6798716,-120.223,39.19109
3.8986216,-119.8581,39.24089
3.6642466,-120.2885,39.4738
4.6329966,-119.9218,39.5239
7.722895,-120.4549,38.57567
5.17602,-120.094,38.62627
7.86352,-120.5208,38.8577
5.879145,-120.1582,38.90858
5.83227,-119.795,38.9581
6.1603956,-120.223,39.19109
6.2541456,-119.8581,39.24089
6.1760206,-120.2885,39.4738
7.035395,-119.9218,39.5239
9.22813,-120.4549,38.57567
6.0093803,-120.094,38.62627
9.22813,-120.5208,38.8577
6.7750053,-120.1582,38.90858
6.7906303,-119.795,38.9581
6.9468803,-120.223,39.19109
7.0093803,-119.8581,39.24089
6.7281303,-120.2885,39.4738
7.8375053,-119.9218,39.5239
6.588831,-120.4549,38.57567
3.791956,-120.094,38.62627
6.604456,-120.5208,38.8577
4.432581,-120.1582,38.90858
4.463831,-119.795,38.9581
4.729456,-120.223,39.19109
4.854456,-119.8581,39.24089
4.682581,-120.2885,39.4738
5.713831,-119.9218,39.5239
10.674666,-120.4549,38.57567
6.75279,-120.094,38.62627
11.065291,-120.5208,38.8577
7.7371655,-120.1582,38.90858
7.5496655,-119.795,38.9581
8.143415,-120.223,39.19109
8.03404,-119.8581,39.24089
8.06529,-120.2885,39.4738
9.09654,-119.9218,39.5239
11.337669,-120.4549,38.57567
7.728294,-120.094,38.62627
11.509544,-120.5208,38.8577
8.384544,-120.1582,38.90858
8.118919,-119.795,38.9581
8.572044,-120.223,39.19109
8.368919,-119.8581,39.24089
8.181419,-120.2885,39.4738
8.978294,-119.9218,39.5239
12.670596,-120.4549,38.57567
7.842471,-120.094,38.62627
11.967471,-120.5208,38.8577
8.404971,-120.1582,38.90858
7.998721,-119.795,38.9581
8.045596,-120.223,39.19109
7.983096,-119.8581,39.24089
7.404971,-120.2885,39.4738
8.498721,-119.9218,39.5239
7.7489104,-120.4549,38.57567
4.827036,-120.094,38.62627
7.7489104,-120.5208,38.8577
5.4676604,-120.1582,38.90858
5.5301604,-119.795,38.9581
5.7332854,-120.223,39.19109
5.8739104,-119.8581,39.24089
5.7645354,-120.2885,39.4738
6.686411,-119.9218,39.5239
7.978377,-120.4549,38.57567
4.7596264,-120.094,38.62627
8.040876,-120.5208,38.8577
5.619002,-120.1582,38.90858
5.728377,-119.795,38.9581
6.009627,-120.223,39.19109
6.056502,-119.8581,39.24089
5.994002,-120.2885,39.4738
7.119002,-119.9218,39.5239
9.152297,-120.4549,38.57567
5.996047,-120.094,38.62627
9.433547,-120.5208,38.8577
7.121047,-120.1582,38.90858
7.074172,-119.795,38.9581
7.167922,-120.223,39.19109
7.402297,-119.8581,39.24089
6.730422,-120.2885,39.4738
8.277297,-119.9218,39.5239
13.191483,-120.4549,38.57567
7.7696075,-120.094,38.62627
12.847733,-120.5208,38.8577
8.503983,-120.1582,38.90858
7.9727325,-119.795,38.9581
8.472733,-120.223,39.19109
8.144608,-119.8581,39.24089
7.8633575,-120.2885,39.4738
8.878983,-119.9218,39.5239
9.145914,-120.4549,38.57567
5.161539,-120.094,38.62627
9.364664,-120.5208,38.8577
6.177164,-120.1582,38.90858
6.536539,-119.795,38.9581
6.489664,-120.223,39.19109
6.895914,-119.8581,39.24089
6.270914,-120.2885,39.4738
7.974039,-119.9218,39.5239
