dlwrf,lon,lat
286.6172,-120.4549,38.57567
212.72656,-120.094,38.62627
281.6875,-120.5208,38.8577
225.76562,-120.1582,38.90858
224.19531,-119.795,38.9581
246.36719,-120.223,39.19109
227.60938,-119.8581,39.24089
225.1875,-120.2885,39.4738
242.71094,-119.9218,39.5239
327.22656,-120.4549,38.57567
247.875,-120.094,38.62627
317.77344,-120.5208,38.8577
266.78125,-120.1582,38.90858
290.67188,-119.795,38.9581
287.92188,-120.223,39.19109
281.71875,-119.8581,39.24089
268.1875,-120.2885,39.4738
293.52344,-119.9218,39.5239
339.0547,-120.4549,38.57567
280.98438,-120.094,38.62627
333.78125,-120.5208,38.8577
289.4375,-120.1582,38.90858
284.21875,-119.795,38.9581
310.89062,-120.223,39.19109
290.4297,-119.8581,39.24089
291.5703,-120.2885,39.4738
300.17188,-119.9218,39.5239
350.1172,-120.4549,38.57567
268.25,-120.094,38.62627
343.17188,-120.5208,38.8577
275.39844,-120.1582,38.90858
279.47656,-119.795,38.9581
300.4453,-120.223,39.19109
281.26562,-119.8581,39.24089
272.85156,-120.2885,39.4738
286.375,-119.9218,39.5239
275.35156,-120.4549,38.57567
222.34375,-120.094,38.62627
273.89844,-120.5208,38.8577
234.35156,-120.1582,38.90858
235.15625,-119.795,38.9581
252.74219,-120.223,39.19109
237.73438,-119.8581,39.24089
240.46094,-120.2885,39.4738
254.19531,-119.9218,39.5239
275.09375,-120.4549,38.57567
219.48438,-120.094,38.62627
273.3203,-120.5208,38.8577
230.64062,-120.1582,38.90858
226.11719,-119.795,38.9581
246.65625,-120.223,39.19109
234.51562,-119.8581,39.24089
233.67969,-120.2885,39.4738
244.99219,-119.9218,39.5239
316.53906,-120.4549,38.57567
268.89062,-120.094,38.62627
315.5703,-120.5208,38.8577
279.28906,-120.1582,38.90858
277.20312,-119.795,38.9581
292.73438,-120.223,39.19109
282.21094,-119.8581,39.24089
276.76562,-120.2885,39.4738
295.25,-119.9218,39.5239
343.46875,-120.4549,38.57567
285.46875,-120.094,38.62627
335.1875,-120.5208,38.8577
288.89844,-120.1582,38.90858
289.40625,-119.795,38.9581
307.32812,-120.223,39.19109
301.79688,-119.8581,39.24089
290.59375,-120.2885,39.4738
311.14844,-119.9218,39.5239
318.8047,-120.4549,38.57567
255.30469,-120.094,38.62627
314.32812,-120.5208,38.8577
265.85938,-120.1582,38.90858
277.78125,-119.795,38.9581
279.60156,-120.223,39.19109
274.84375,-119.8581,39.24089
266.8672,-120.2885,39.4738
291.57812,-119.9218,39.5239
309.33594,-120.4549,38.57567
236.39844,-120.094,38.62627
312.14844,-120.5208,38.8577
244.5625,-120.1582,38.90858
261.46094,-119.795,38.9581
269.64844,-120.223,39.19109
253.5625,-119.8581,39.24089
241.11719,-120.2885,39.4738
264.03125,-119.9218,39.5239
289.92188,-120.4549,38.57567
225.53906,-120.094,38.62627
285.95312,-120.5208,38.8577
236.60938,-120.1582,38.90858
232.5,-119.795,38.9581
252.41406,-120.223,39.19109
242.40625,-119.8581,39.24089
248.74219,-120.2885,39.4738
264.01562,-119.9218,39.5239
254.83594,-120.4549,38.57567
211.25,-120.094,38.62627
259.45312,-120.5208,38.8577
208.59375,-120.1582,38.90858
224.15625,-119.795,38.9581
234.8125,-120.223,39.19109
213.03125,-119.8581,39.24089
203.59375,-120.2885,39.4738
241.55469,-119.9218,39.5239
226.96094,-120.4549,38.57567
183.14844,-120.094,38.62627
222.07031,-120.5208,38.8577
183.53906,-120.1582,38.90858
187.86719,-119.795,38.9581
192.125,-120.223,39.19109
183.21094,-119.8581,39.24089
174.34375,-120.2885,39.4738
219.67188,-119.9218,39.5239
300.5547,-120.4549,38.57567
270.72656,-120.094,38.62627
297.15625,-120.5208,38.8577
271.52344,-120.1582,38.90858
266.92188,-119.795,38.9581
278.3047,-120.223,39.19109
263.875,-119.8581,39.24089
266.2422,-120.2885,39.4738
265.64062,-119.9218,39.5239
324.6875,-120.4549,38.57567
274.7422,-120.094,38.62627
321.33594,-120.5208,38.8577
290.64062,-120.1582,38.90858
290.10156,-119.795,38.9581
299.23438,-120.223,39.19109
288.125,-119.8581,39.24089
286.6875,-120.2885,39.4738
292.3203,-119.9218,39.5239
277.8203,-120.4549,38.57567
216.29688,-120.094,38.62627
266.01562,-120.5208,38.8577
208.4375,-120.1582,38.90858
220.79688,-119.795,38.9581
219.19531,-120.223,39.19109
207.70312,-119.8581,39.24089
201.07031,-120.2885,39.4738
214.4375,-119.9218,39.5239
238.80469,-120.4549,38.57567
188.41406,-120.094,38.62627
242.6875,-120.5208,38.8577
195.03906,-120.1582,38.90858
198.25781,-119.795,38.9581
208.08594,-120.223,39.19109
199.57031,-119.8581,39.24089
194.5625,-120.2885,39.4738
209.32812,-119.9218,39.5239
232.67188,-120.4549,38.57567
179.78125,-120.094,38.62627
236.34375,-120.5208,38.8577
190.73438,-120.1582,38.90858
191.22656,-119.795,38.9581
203.08594,-120.223,39.19109
195.24219,-119.8581,39.24089
191.3125,-120.2885,39.4738
207.22656,-119.9218,39.5239
247.21094,-120.4549,38.57567
203.55469,-120.094,38.62627
251.375,-120.5208,38.8577
212.92969,-120.1582,38.90858
207.08594,-119.795,38.9581
221.90625,-120.223,39.19109
211.03125,-119.8581,39.24089
211.50781,-120.2885,39.4738
220.28125,-119.9218,39.5239
247.40625,-120.4549,38.57567
195.875,-120.094,38.62627
255.42969,-120.5208,38.8577
203.60938,-120.1582,38.90858
204.0625,-119.795,38.9581
229.64062,-120.223,39.19109
202.96875,-119.8581,39.24089
203.33594,-120.2885,39.4738
218.16406,-119.9218,39.5239
225.41406,-120.4549,38.57567
176.17188,-120.094,38.62627
227.92188,-120.5208,38.8577
189.63281,-120.1582,38.90858
186.95312,-119.795,38.9581
204.66406,-120.223,39.19109
193.53125,-119.8581,39.24089
193.70312,-120.2885,39.4738
210.25781,-119.9218,39.5239
244.125,-120.4549,38.57567
191.5,-120.094,38.62627
256.04688,-120.5208,38.8577
199.39062,-120.1582,38.90858
205.39844,-119.795,38.9581
220.91406,-120.223,39.19109
205.24219,-119.8581,39.24089
201.71094,-120.2885,39.4738
228.45312,-119.9218,39.5239
252.53906,-120.4549,38.57567
220.86719,-120.094,38.62627
258.3203,-120.5208,38.8577
224.84375,-120.1582,38.90858
218.6875,-119.795,38.9581
237.69531,-120.223,39.19109
219.38281,-119.8581,39.24089
222.03125,-120.2885,39.4738
223.61719,-119.9218,39.5239
264.27344,-120.4549,38.57567
200.64844,-120.094,38.62627
268.07812,-120.5208,38.8577
209.49219,-120.1582,38.90858
207.70312,-119.795,38.9581
234.07031,-120.223,39.19109
212.46094,-119.8581,39.24089
209.08594,-120.2885,39.4738
225.90625,-119.9218,39.5239
282.64062,-120.4549,38.57567
201.10938,-120.094,38.62627
293.6172,-120.5208,38.8577
217.125,-120.1582,38.90858
207.24219,-119.795,38.9581
240.91406,-120.223,39.19109
217.64844,-119.8581,39.24089
217.36719,-120.2885,39.4738
237.125,-119.9218,39.5239
275.89062,-120.4549,38.57567
202.625,-120.094,38.62627
278.51562,-120.5208,38.8577
217.10156,-120.1582,38.90858
208.35156,-119.795,38.9581
242.24219,-120.223,39.19109
222.71875,-119.8581,39.24089
226.67188,-120.2885,39.4738
244.09375,-119.9218,39.5239
327.6953,-120.4549,38.57567
236.08594,-120.094,38.62627
330.15625,-120.5208,38.8577
250.3125,-120.1582,38.90858
252.25781,-119.795,38.9581
288.6953,-120.223,39.19109
262.0,-119.8581,39.24089
255.1875,-120.2885,39.4738
270.97656,-119.9218,39.5239
277.0547,-120.4549,38.57567
228.98438,-120.094,38.62627
283.4453,-120.5208,38.8577
241.04688,-120.1582,38.90858
233.76562,-119.795,38.9581
257.6875,-120.223,39.19109
237.8125,-119.8581,39.24089
241.11719,-120.2885,39.4738
256.46094,-119.9218,39.5239
266.375,-120.4549,38.57567
231.5625,-120.094,38.62627
273.625,-120.5208,38.8577
237.89844,-120.1582,38.90858
236.39844,-119.795,38.9581
248.53125,-120.223,39.19109
239.22656,-119.8581,39.24089
240.20312,-120.2885,39.4738
254.3125,-119.9218,39.5239
243.30469,-120.4549,38.57567
197.21094,-120.094,38.62627
247.85938,-120.5208,38.8577
205.35156,-120.1582,38.90858
205.20312,-119.795,38.9581
218.47656,-120.223,39.19109
211.35938,-119.8581,39.24089
212.21875,-120.2885,39.4738
227.64062,-119.9218,39.5239
316.97656,-120.4549,38.57567
257.89062,-120.094,38.62627
320.64062,-120.5208,38.8577
270.39844,-120.1582,38.90858
261.1328,-119.795,38.9581
288.2422,-120.223,39.19109
266.40625,-119.8581,39.24089
273.65625,-120.2885,39.4738
290.28906,-119.9218,39.5239
238.70312,-120.4549,38.57567
189.10938,-120.094,38.62627
243.85938,-120.5208,38.8577
197.61719,-120.1582,38.90858
200.0625,-119.795,38.9581
215.71875,-120.223,39.19109
202.51562,-119.8581,39.24089
202.03906,-120.2885,39.4738
218.88281,-119.9218,39.5239
284.875,-120.4549,38.57567
246.59375,-120.094,38.62627
291.04688,-120.5208,38.8577
259.3828,-120.1582,38.90858
256.625,-119.795,38.9581
273.14062,-120.223,39.19109
265.28125,-119.8581,39.24089
261.60156,-120.2885,39.4738
278.53906,-119.9218,39.5239
329.6328,-120.4549,38.57567
258.28906,-120.094,38.62627
329.71875,-120.5208,38.8577
277.125,-120.1582,38.90858
269.07812,-119.795,38.9581
298.35938,-120.223,39.19109
278.33594,-119.8581,39.24089
269.72656,-120.2885,39.4738
290.89062,-119.9218,39.5239
286.6172,-120.4549,38.57567
229.89062,-120.094,38.62627
279.71094,-120.5208,38.8577
244.88281,-120.1582,38.90858
262.96094,-119.795,38.9581
252.91406,-120.223,39.19109
269.7422,-119.8581,39.24089
247.17188,-120.2885,39.4738
290.6875,-119.9218,39.5239
222.35938,-120.4549,38.57567
178.79688,-120.094,38.62627
224.95312,-120.5208,38.8577
184.28906,-120.1582,38.90858
186.47656,-119.795,38.9581
195.69531,-120.223,39.19109
187.09375,-119.8581,39.24089
185.34375,-120.2885,39.4738
201.59375,-119.9218,39.5239
216.77344,-120.4549,38.57567
166.75,-120.094,38.62627
216.67188,-120.5208,38.8577
174.23438,-120.1582,38.90858
180.79688,-119.795,38.9581
186.875,-120.223,39.19109
179.98438,-119.8581,39.24089
174.5625,-120.2885,39.4738
205.85156,-119.9218,39.5239
202.25781,-120.4549,38.57567
151.6875,-120.094,38.62627
202.22656,-120.5208,38.8577
159.99219,-120.1582,38.90858
172.48438,-119.795,38.9581
174.46875,-120.223,39.19109
166.46875,-119.8581,39.24089
162.47656,-120.2885,39.4738
207.625,-119.9218,39.5239
229.28906,-120.4549,38.57567
191.01562,-120.094,38.62627
234.64062,-120.5208,38.8577
196.85938,-120.1582,38.90858
191.73438,-119.795,38.9581
210.48438,-120.223,39.19109
195.61719,-119.8581,39.24089
200.39844,-120.2885,39.4738
207.6875,-119.9218,39.5239
241.60938,-120.4549,38.57567
197.46875,-120.094,38.62627
246.96875,-120.5208,38.8577
208.13281,-120.1582,38.90858
212.07031,-119.795,38.9581
220.84375,-120.223,39.19109
215.69531,-119.8581,39.24089
211.59375,-120.2885,39.4738
235.96094,-119.9218,39.5239
213.96875,-120.4549,38.57567
161.01562,-120.094,38.62627
210.86719,-120.5208,38.8577
166.75781,-120.1582,38.90858
197.14844,-119.795,38.9581
179.50781,-120.223,39.19109
179.35156,-119.8581,39.24089
165.50781,-120.2885,39.4738
219.375,-119.9218,39.5239
195.82812,-120.4549,38.57567
152.57031,-120.094,38.62627
196.29688,-120.5208,38.8577
157.55469,-120.1582,38.90858
158.69531,-119.795,38.9581
170.92188,-120.223,39.19109
161.60156,-119.8581,39.24089
160.61719,-120.2885,39.4738
175.67188,-119.9218,39.5239
220.42969,-120.4549,38.57567
192.35156,-120.094,38.62627
228.52344,-120.5208,38.8577
195.36719,-120.1582,38.90858
190.53906,-119.795,38.9581
208.33594,-120.223,39.19109
193.70312,-119.8581,39.24089
197.33594,-120.2885,39.4738
198.75781,-119.9218,39.5239
226.53125,-120.4549,38.57567
198.65625,-120.094,38.62627
231.53906,-120.5208,38.8577
205.86719,-120.1582,38.90858
203.8125,-119.795,38.9581
216.34375,-120.223,39.19109
206.39062,-119.8581,39.24089
210.0,-120.2885,39.4738
215.64062,-119.9218,39.5239
236.375,-120.4549,38.57567
203.75,-120.094,38.62627
242.10156,-120.5208,38.8577
213.89844,-120.1582,38.90858
211.42188,-119.795,38.9581
226.39062,-120.223,39.19109
219.09375,-119.8581,39.24089
221.59375,-120.2885,39.4738
233.82812,-119.9218,39.5239
276.75,-120.4549,38.57567
214.11719,-120.094,38.62627
270.89062,-120.5208,38.8577
220.88281,-120.1582,38.90858
220.23438,-119.795,38.9581
238.72656,-120.223,39.19109
220.79688,-119.8581,39.24089
216.28125,-120.2885,39.4738
230.08594,-119.9218,39.5239
310.83594,-120.4549,38.57567
234.9375,-120.094,38.62627
307.8203,-120.5208,38.8577
245.08594,-120.1582,38.90858
238.71875,-119.795,38.9581
272.3828,-120.223,39.19109
238.04688,-119.8581,39.24089
243.00781,-120.2885,39.4738
253.15625,-119.9218,39.5239
319.3047,-120.4549,38.57567
253.49219,-120.094,38.62627
318.8828,-120.5208,38.8577
262.83594,-120.1582,38.90858
263.7422,-119.795,38.9581
275.82812,-120.223,39.19109
271.35938,-119.8581,39.24089
265.91406,-120.2885,39.4738
283.70312,-119.9218,39.5239
305.1875,-120.4549,38.57567
260.15625,-120.094,38.62627
310.3203,-120.5208,38.8577
270.5078,-120.1582,38.90858
266.75,-119.795,38.9581
282.21875,-120.223,39.19109
272.2422,-119.8581,39.24089
274.0078,-120.2885,39.4738
289.39844,-119.9218,39.5239
329.0625,-120.4549,38.57567
250.375,-120.094,38.62627
326.73438,-120.5208,38.8577
260.27344,-120.1582,38.90858
239.80469,-119.795,38.9581
294.46875,-120.223,39.19109
246.66406,-119.8581,39.24089
250.8125,-120.2885,39.4738
256.4297,-119.9218,39.5239
296.14844,-120.4549,38.57567
206.10938,-120.094,38.62627
292.33594,-120.5208,38.8577
231.42188,-120.1582,38.90858
223.58594,-119.795,38.9581
252.86719,-120.223,39.19109
234.34375,-119.8581,39.24089
225.25781,-120.2885,39.4738
256.9297,-119.9218,39.5239
241.8125,-120.4549,38.57567
192.21094,-120.094,38.62627
245.23438,-120.5208,38.8577
195.20312,-120.1582,38.90858
199.41406,-119.795,38.9581
208.30469,-120.223,39.19109
206.45312,-119.8581,39.24089
198.89844,-120.2885,39.4738
223.72656,-119.9218,39.5239
253.8125,-120.4549,38.57567
195.0,-120.094,38.62627
255.00781,-120.5208,38.8577
197.64062,-120.1582,38.90858
202.34375,-119.795,38.9581
212.95312,-120.223,39.19109
202.20312,-119.8581,39.24089
195.33594,-120.2885,39.4738
213.82031,-119.9218,39.5239
233.09375,-120.4549,38.57567
164.96094,-120.094,38.62627
233.26562,-120.5208,38.8577
172.32812,-120.1582,38.90858
177.05469,-119.795,38.9581
191.1875,-120.223,39.19109
180.39844,-119.8581,39.24089
172.60938,-120.2885,39.4738
194.67969,-119.9218,39.5239
250.6875,-120.4549,38.57567
184.49219,-120.094,38.62627
245.35938,-120.5208,38.8577
184.65625,-120.1582,38.90858
187.53125,-119.795,38.9581
200.57031,-120.223,39.19109
187.73438,-119.8581,39.24089
180.17188,-120.2885,39.4738
199.76562,-119.9218,39.5239
304.90625,-120.4549,38.57567
228.71094,-120.094,38.62627
304.6797,-120.5208,38.8577
240.04688,-120.1582,38.90858
242.86719,-119.795,38.9581
265.60156,-120.223,39.19109
248.36719,-119.8581,39.24089
238.53125,-120.2885,39.4738
259.07812,-119.9218,39.5239
332.02344,-120.4549,38.57567
260.10938,-120.094,38.62627
330.9453,-120.5208,38.8577
271.9375,-120.1582,38.90858
275.875,-119.795,38.9581
296.70312,-120.223,39.19109
286.01562,-119.8581,39.24089
279.17188,-120.2885,39.4738
304.48438,-119.9218,39.5239
323.53906,-120.4549,38.57567
268.82812,-120.094,38.62627
319.91406,-120.5208,38.8577
275.95312,-120.1582,38.90858
276.41406,-119.795,38.9581
284.8203,-120.223,39.19109
276.73438,-119.8581,39.24089
258.0,-120.2885,39.4738
281.6953,-119.9218,39.5239
317.96875,-120.4549,38.57567
274.3672,-120.094,38.62627
320.21875,-120.5208,38.8577
278.625,-120.1582,38.90858
275.16406,-119.795,38.9581
293.40625,-120.223,39.19109
279.02344,-119.8581,39.24089
279.26562,-120.2885,39.4738
289.6953,-119.9218,39.5239
290.70312,-120.4549,38.57567
240.4375,-120.094,38.62627
319.07812,-120.5208,38.8577
259.57812,-120.1582,38.90858
255.63281,-119.795,38.9581
278.64844,-120.223,39.19109
269.3828,-119.8581,39.24089
268.34375,-120.2885,39.4738
289.9453,-119.9218,39.5239
295.0,-120.4549,38.57567
235.75781,-120.094,38.62627
300.26562,-120.5208,38.8577
240.0625,-120.1582,38.90858
237.15625,-119.795,38.9581
266.0703,-120.223,39.19109
252.24219,-119.8581,39.24089
251.27344,-120.2885,39.4738
271.10938,-119.9218,39.5239
299.53906,-120.4549,38.57567
247.89844,-120.094,38.62627
299.78906,-120.5208,38.8577
255.4375,-120.1582,38.90858
259.96875,-119.795,38.9581
264.60156,-120.223,39.19109
252.21094,-119.8581,39.24089
244.63281,-120.2885,39.4738
264.34375,-119.9218,39.5239
224.375,-120.4549,38.57567
186.28906,-120.094,38.62627
222.89844,-120.5208,38.8577
182.07812,-120.1582,38.90858
206.34375,-119.795,38.9581
195.20312,-120.223,39.19109
193.74219,-119.8581,39.24089
182.13281,-120.2885,39.4738
215.47656,-119.9218,39.5239
240.3125,-120.4549,38.57567
221.52344,-120.094,38.62627
251.625,-120.5208,38.8577
225.92969,-120.1582,38.90858
234.00781,-119.795,38.9581
233.19531,-120.223,39.19109
230.38281,-119.8581,39.24089
225.52344,-120.2885,39.4738
238.52344,-119.9218,39.5239
232.52344,-120.4549,38.57567
179.6875,-120.094,38.62627
232.28125,-120.5208,38.8577
184.75781,-120.1582,38.90858
189.57031,-119.795,38.9581
199.4375,-120.223,39.19109
192.72656,-119.8581,39.24089
185.72656,-120.2885,39.4738
209.0625,-119.9218,39.5239
227.03906,-120.4549,38.57567
170.8125,-120.094,38.62627
224.14062,-120.5208,38.8577
177.42188,-120.1582,38.90858
179.54688,-119.795,38.9581
192.63281,-120.223,39.19109
184.45312,-119.8581,39.24089
180.14062,-120.2885,39.4738
201.76562,-119.9218,39.5239
245.25,-120.4549,38.57567
194.48438,-120.094,38.62627
243.34375,-120.5208,38.8577
198.63281,-120.1582,38.90858
196.00781,-119.795,38.9581
215.48438,-120.223,39.19109
201.78906,-119.8581,39.24089
202.33594,-120.2885,39.4738
213.32812,-119.9218,39.5239
279.125,-120.4549,38.57567
233.8125,-120.094,38.62627
275.53125,-120.5208,38.8577
239.96094,-120.1582,38.90858
236.33594,-119.795,38.9581
255.83594,-120.223,39.19109
242.70312,-119.8581,39.24089
242.89062,-120.2885,39.4738
248.53125,-119.9218,39.5239
300.1875,-120.4549,38.57567
251.60938,-120.094,38.62627
297.83594,-120.5208,38.8577
249.96875,-120.1582,38.90858
248.65625,-119.795,38.9581
266.0547,-120.223,39.19109
246.08594,-119.8581,39.24089
251.17969,-120.2885,39.4738
256.23438,-119.9218,39.5239
309.78125,-120.4549,38.57567
272.08594,-120.094,38.62627
308.60938,-120.5208,38.8577
282.1875,-120.1582,38.90858
277.8125,-119.795,38.9581
290.97656,-120.223,39.19109
281.1328,-119.8581,39.24089
279.6172,-120.2885,39.4738
284.35156,-119.9218,39.5239
268.96875,-120.4549,38.57567
209.50781,-120.094,38.62627
269.96094,-120.5208,38.8577
217.21094,-120.1582,38.90858
215.29688,-119.795,38.9581
235.57031,-120.223,39.19109
216.9375,-119.8581,39.24089
214.21094,-120.2885,39.4738
228.54688,-119.9218,39.5239
270.53906,-120.4549,38.57567
208.08594,-120.094,38.62627
257.27344,-120.5208,38.8577
211.01562,-120.1582,38.90858
210.0625,-119.795,38.9581
224.51562,-120.223,39.19109
214.78125,-119.8581,39.24089
210.63281,-120.2885,39.4738
229.53906,-119.9218,39.5239
262.76562,-120.4549,38.57567
210.82812,-120.094,38.62627
268.8828,-120.5208,38.8577
223.92188,-120.1582,38.90858
223.47656,-119.795,38.9581
239.53125,-120.223,39.19109
227.48438,-119.8581,39.24089
224.92969,-120.2885,39.4738
245.15625,-119.9218,39.5239
328.3672,-120.4549,38.57567
271.26562,-120.094,38.62627
325.22656,-120.5208,38.8577
278.9297,-120.1582,38.90858
279.96094,-119.795,38.9581
296.03125,-120.223,39.19109
282.98438,-119.8581,39.24089
283.6172,-120.2885,39.4738
307.14062,-119.9218,39.5239
317.14062,-120.4549,38.57567
238.95312,-120.094,38.62627
318.39062,-120.5208,38.8577
259.1328,-120.1582,38.90858
264.6953,-119.795,38.9581
284.53125,-120.223,39.19109
279.1953,-119.8581,39.24089
261.78125,-120.2885,39.4738
287.4922,-119.9218,39.5239
310.14062,-120.4549,38.57567
253.17188,-120.094,38.62627
308.71875,-120.5208,38.8577
250.47656,-120.1582,38.90858
247.22656,-119.795,38.9581
265.5,-120.223,39.19109
247.60938,-119.8581,39.24089
245.625,-120.2885,39.4738
249.19531,-119.9218,39.5239
265.53906,-120.4549,38.57567
222.45312,-120.094,38.62627
277.20312,-120.5208,38.8577
225.50781,-120.1582,38.90858
226.34375,-119.795,38.9581
238.39844,-120.223,39.19109
226.625,-119.8581,39.24089
230.32812,-120.2885,39.4738
226.55469,-119.9218,39.5239
239.59375,-120.4549,38.57567
172.89062,-120.094,38.62627
252.32031,-120.5208,38.8577
194.71875,-120.1582,38.90858
205.49219,-119.795,38.9581
210.35156,-120.223,39.19109
202.89062,-119.8581,39.24089
195.24219,-120.2885,39.4738
229.00781,-119.9218,39.5239
204.85938,-120.4549,38.57567
167.55469,-120.094,38.62627
208.41406,-120.5208,38.8577
173.35938,-120.1582,38.90858
174.9375,-119.795,38.9581
186.01562,-120.223,39.19109
172.02344,-119.8581,39.24089
170.75,-120.2885,39.4738
182.59375,-119.9218,39.5239
266.02344,-120.4549,38.57567
207.17188,-120.094,38.62627
268.76562,-120.5208,38.8577
214.6875,-120.1582,38.90858
217.03906,-119.795,38.9581
239.125,-120.223,39.19109
221.49219,-119.8581,39.24089
204.11719,-120.2885,39.4738
230.97656,-119.9218,39.5239
291.32812,-120.4549,38.57567
219.11719,-120.094,38.62627
290.84375,-120.5208,38.8577
242.42188,-120.1582,38.90858
227.00781,-119.795,38.9581
258.39844,-120.223,39.19109
242.08594,-119.8581,39.24089
237.14062,-120.2885,39.4738
248.86719,-119.9218,39.5239
295.14844,-120.4549,38.57567
241.36719,-120.094,38.62627
288.6797,-120.5208,38.8577
248.35938,-120.1582,38.90858
238.65625,-119.795,38.9581
249.40625,-120.223,39.19109
240.42188,-119.8581,39.24089
229.72656,-120.2885,39.4738
247.25,-119.9218,39.5239
231.69531,-120.4549,38.57567
160.41406,-120.094,38.62627
246.79688,-120.5208,38.8577
169.10156,-120.1582,38.90858
174.8125,-119.795,38.9581
186.48438,-120.223,39.19109
175.96094,-119.8581,39.24089
172.01562,-120.2885,39.4738
186.03906,-119.9218,39.5239
235.79688,-120.4549,38.57567
184.82031,-120.094,38.62627
234.70312,-120.5208,38.8577
192.03906,-120.1582,38.90858
193.46094,-119.795,38.9581
200.9375,-120.223,39.19109
193.44531,-119.8581,39.24089
186.70312,-120.2885,39.4738
206.73438,-119.9218,39.5239
319.875,-120.4549,38.57567
273.35156,-120.094,38.62627
320.3672,-120.5208,38.8577
276.8672,-120.1582,38.90858
267.76562,-119.795,38.9581
298.89062,-120.223,39.19109
280.8125,-119.8581,39.24089
281.0,-120.2885,39.4738
290.28125,-119.9218,39.5239
329.09375,-120.4549,38.57567
264.35938,-120.094,38.62627
330.20312,-120.5208,38.8577
274.48438,-120.1582,38.90858
281.625,-119.795,38.9581
285.6328,-120.223,39.19109
283.3047,-119.8581,39.24089
281.26562,-120.2885,39.4738
304.72656,-119.9218,39.5239
301.92188,-120.4549,38.57567
251.375,-120.094,38.62627
293.73438,-120.5208,38.8577
253.54688,-120.1582,38.90858
242.89062,-119.795,38.9581
270.83594,-120.223,39.19109
255.11719,-119.8581,39.24089
250.40625,-120.2885,39.4738
251.26562,-119.9218,39.5239
294.82812,-120.4549,38.57567
226.26562,-120.094,38.62627
285.70312,-120.5208,38.8577
240.02344,-120.1582,38.90858
240.67188,-119.795,38.9581
249.84375,-120.223,39.19109
253.08594,-119.8581,39.24089
240.35938,-120.2885,39.4738
253.27344,-119.9218,39.5239
281.3125,-120.4549,38.57567
233.96094,-120.094,38.62627
291.0547,-120.5208,38.8577
245.60156,-120.1582,38.90858
249.32812,-119.795,38.9581
259.3203,-120.223,39.19109
254.60938,-119.8581,39.24089
245.70312,-120.2885,39.4738
250.34375,-119.9218,39.5239
215.39062,-120.4549,38.57567
180.03125,-120.094,38.62627
210.85156,-120.5208,38.8577
195.39844,-120.1582,38.90858
221.9375,-119.795,38.9581
195.91406,-120.223,39.19109
205.10938,-119.8581,39.24089
187.41406,-120.2885,39.4738
217.58594,-119.9218,39.5239
194.55469,-120.4549,38.57567
156.49219,-120.094,38.62627
194.24219,-120.5208,38.8577
160.9375,-120.1582,38.90858
164.13281,-119.795,38.9581
173.07812,-120.223,39.19109
165.19531,-119.8581,39.24089
161.0625,-120.2885,39.4738
178.42969,-119.9218,39.5239
257.32812,-120.4549,38.57567
229.6875,-120.094,38.62627
263.1172,-120.5208,38.8577
242.03906,-120.1582,38.90858
229.79688,-119.795,38.9581
244.14844,-120.223,39.19109
235.28906,-119.8581,39.24089
232.1875,-120.2885,39.4738
242.0,-119.9218,39.5239
235.92969,-120.4549,38.57567
204.3125,-120.094,38.62627
245.59375,-120.5208,38.8577
217.17188,-120.1582,38.90858
229.04688,-119.795,38.9581
224.66406,-120.223,39.19109
225.80469,-119.8581,39.24089
212.95312,-120.2885,39.4738
235.33594,-119.9218,39.5239
190.75781,-120.4549,38.57567
148.58594,-120.094,38.62627
195.10156,-120.5208,38.8577
157.39062,-120.1582,38.90858
176.15625,-119.795,38.9581
171.51562,-120.223,39.19109
163.08594,-119.8581,39.24089
159.75,-120.2885,39.4738
200.02344,-119.9218,39.5239
220.71094,-120.4549,38.57567
183.45312,-120.094,38.62627
231.57031,-120.5208,38.8577
195.85156,-120.1582,38.90858
191.97656,-119.795,38.9581
212.88281,-120.223,39.19109
198.08594,-119.8581,39.24089
200.26562,-120.2885,39.4738
210.40625,-119.9218,39.5239
297.66406,-120.4549,38.57567
245.29688,-120.094,38.62627
299.95312,-120.5208,38.8577
252.84375,-120.1582,38.90858
247.5,-119.795,38.9581
275.45312,-120.223,39.19109
247.66406,-119.8581,39.24089
241.28125,-120.2885,39.4738
254.125,-119.9218,39.5239
297.51562,-120.4549,38.57567
245.57812,-120.094,38.62627
302.46875,-120.5208,38.8577
248.40625,-120.1582,38.90858
226.21875,-119.795,38.9581
278.78906,-120.223,39.19109
235.49219,-119.8581,39.24089
234.10938,-120.2885,39.4738
243.60938,-119.9218,39.5239
326.40625,-120.4549,38.57567
249.83594,-120.094,38.62627
326.92188,-120.5208,38.8577
268.39062,-120.1582,38.90858
244.33594,-119.795,38.9581
304.40625,-120.223,39.19109
257.78906,-119.8581,39.24089
270.875,-120.2885,39.4738
270.15625,-119.9218,39.5239
330.8828,-120.4549,38.57567
257.21875,-120.094,38.62627
329.3047,-120.5208,38.8577
273.625,-120.1582,38.90858
264.125,-119.795,38.9581
301.5,-120.223,39.19109
257.92188,-119.8581,39.24089
274.67188,-120.2885,39.4738
280.01562,-119.9218,39.5239
319.70312,-120.4549,38.57567
242.17188,-120.094,38.62627
323.83594,-120.5208,38.8577
261.9375,-120.1582,38.90858
237.92188,-119.795,38.9581
290.4297,-120.223,39.19109
257.83594,-119.8581,39.24089
257.8828,-120.2885,39.4738
267.35156,-119.9218,39.5239
284.375,-120.4549,38.57567
238.17969,-120.094,38.62627
282.15625,-120.5208,38.8577
232.9375,-120.1582,38.90858
233.91406,-119.795,38.9581
245.64844,-120.223,39.19109
236.26562,-119.8581,39.24089
231.05469,-120.2885,39.4738
253.1875,-119.9218,39.5239
321.3203,-120.4549,38.57567
273.8828,-120.094,38.62627
321.28906,-120.5208,38.8577
280.3672,-120.1582,38.90858
286.78906,-119.795,38.9581
290.5,-120.223,39.19109
287.78906,-119.8581,39.24089
280.34375,-120.2885,39.4738
297.65625,-119.9218,39.5239
314.5703,-120.4549,38.57567
276.58594,-120.094,38.62627
314.85938,-120.5208,38.8577
297.82812,-120.1582,38.90858
304.64062,-119.795,38.9581
300.14062,-120.223,39.19109
299.8203,-119.8581,39.24089
284.3828,-120.2885,39.4738
308.82812,-119.9218,39.5239
276.9375,-120.4549,38.57567
206.10156,-120.094,38.62627
287.21094,-120.5208,38.8577
226.5,-120.1582,38.90858
230.65625,-119.795,38.9581
245.89062,-120.223,39.19109
235.23438,-119.8581,39.24089
225.5625,-120.2885,39.4738
260.65625,-119.9218,39.5239
295.29688,-120.4549,38.57567
253.28906,-120.094,38.62627
297.0547,-120.5208,38.8577
264.14844,-120.1582,38.90858
267.42188,-119.795,38.9581
273.03125,-120.223,39.19109
262.26562,-119.8581,39.24089
257.0,-120.2885,39.4738
270.16406,-119.9218,39.5239
324.4922,-120.4549,38.57567
253.88281,-120.094,38.62627
323.1875,-120.5208,38.8577
279.97656,-120.1582,38.90858
270.41406,-119.795,38.9581
296.875,-120.223,39.19109
279.78906,-119.8581,39.24089
256.5078,-120.2885,39.4738
275.3828,-119.9218,39.5239
312.3828,-120.4549,38.57567
234.32031,-120.094,38.62627
316.07812,-120.5208,38.8577
255.54688,-120.1582,38.90858
240.42188,-119.795,38.9581
287.85938,-120.223,39.19109
256.53125,-119.8581,39.24089
257.10938,-120.2885,39.4738
279.04688,-119.9218,39.5239
283.0625,-120.4549,38.57567
219.89062,-120.094,38.62627
292.32812,-120.5208,38.8577
232.05469,-120.1582,38.90858
241.14844,-119.795,38.9581
258.58594,-120.223,39.19109
245.41406,-119.8581,39.24089
242.89844,-120.2885,39.4738
264.4922,-119.9218,39.5239
269.2422,-120.4549,38.57567
195.04688,-120.094,38.62627
269.85938,-120.5208,38.8577
198.5,-120.1582,38.90858
199.125,-119.795,38.9581
223.14062,-120.223,39.19109
207.6875,-119.8581,39.24089
204.97656,-120.2885,39.4738
224.05469,-119.9218,39.5239
273.66406,-120.4549,38.57567
210.71875,-120.094,38.62627
269.6172,-120.5208,38.8577
211.64844,-120.1582,38.90858
240.10156,-119.795,38.9581
236.95312,-120.223,39.19109
250.5625,-119.8581,39.24089
216.27344,-120.2885,39.4738
266.32812,-119.9218,39.5239
223.77344,-120.4549,38.57567
182.02344,-120.094,38.62627
230.74219,-120.5208,38.8577
188.67188,-120.1582,38.90858
213.0625,-119.795,38.9581
201.46094,-120.223,39.19109
219.55469,-119.8581,39.24089
191.6875,-120.2885,39.4738
236.50781,-119.9218,39.5239
226.35156,-120.4549,38.57567
174.30469,-120.094,38.62627
242.96094,-120.5208,38.8577
183.6875,-120.1582,38.90858
187.89062,-119.795,38.9581
218.125,-120.223,39.19109
209.17188,-119.8581,39.24089
191.39062,-120.2885,39.4738
231.0625,-119.9218,39.5239
218.71094,-120.4549,38.57567
164.1875,-120.094,38.62627
213.48438,-120.5208,38.8577
176.28906,-120.1582,38.90858
192.28906,-119.795,38.9581
183.39844,-120.223,39.19109
180.30469,-119.8581,39.24089
169.50781,-120.2885,39.4738
194.07031,-119.9218,39.5239
203.6875,-120.4549,38.57567
156.625,-120.094,38.62627
208.05469,-120.5208,38.8577
163.33594,-120.1582,38.90858
166.65625,-119.795,38.9581
179.40625,-120.223,39.19109
171.86719,-119.8581,39.24089
165.35938,-120.2885,39.4738
187.3125,-119.9218,39.5239
209.57812,-120.4549,38.57567
163.1875,-120.094,38.62627
219.57812,-120.5208,38.8577
174.28125,-120.1582,38.90858
172.50781,-119.795,38.9581
191.05469,-120.223,39.19109
180.65625,-119.8581,39.24089
176.73438,-120.2885,39.4738
194.38281,-119.9218,39.5239
212.77344,-120.4549,38.57567
168.13281,-120.094,38.62627
224.64062,-120.5208,38.8577
182.88281,-120.1582,38.90858
179.03125,-119.795,38.9581
195.46094,-120.223,39.19109
188.38281,-119.8581,39.24089
181.86719,-120.2885,39.4738
200.57812,-119.9218,39.5239
236.03906,-120.4549,38.57567
169.0625,-120.094,38.62627
235.89062,-120.5208,38.8577
188.71094,-120.1582,38.90858
186.57812,-119.795,38.9581
205.03125,-120.223,39.19109
196.03125,-119.8581,39.24089
191.71875,-120.2885,39.4738
215.61719,-119.9218,39.5239
254.19531,-120.4549,38.57567
188.17969,-120.094,38.62627
251.66406,-120.5208,38.8577
202.01562,-120.1582,38.90858
204.29688,-119.795,38.9581
220.14844,-120.223,39.19109
218.58594,-119.8581,39.24089
210.125,-120.2885,39.4738
235.84375,-119.9218,39.5239
275.23438,-120.4549,38.57567
209.5,-120.094,38.62627
268.9297,-120.5208,38.8577
222.34375,-120.1582,38.90858
221.125,-119.795,38.9581
236.24219,-120.223,39.19109
229.17188,-119.8581,39.24089
220.32812,-120.2885,39.4738
241.33594,-119.9218,39.5239
312.5703,-120.4549,38.57567
243.75,-120.094,38.62627
308.7578,-120.5208,38.8577
248.60938,-120.1582,38.90858
249.50781,-119.795,38.9581
271.6953,-120.223,39.19109
257.6172,-119.8581,39.24089
253.10938,-120.2885,39.4738
274.96875,-119.9218,39.5239
275.4375,-120.4549,38.57567
227.64062,-120.094,38.62627
279.0547,-120.5208,38.8577
251.07031,-120.1582,38.90858
265.0703,-119.795,38.9581
260.17188,-120.223,39.19109
269.70312,-119.8581,39.24089
244.0,-120.2885,39.4738
288.03125,-119.9218,39.5239
264.72656,-120.4549,38.57567
202.6875,-120.094,38.62627
260.70312,-120.5208,38.8577
213.94531,-120.1582,38.90858
215.39844,-119.795,38.9581
224.67188,-120.223,39.19109
217.42188,-119.8581,39.24089
209.34375,-120.2885,39.4738
230.78125,-119.9218,39.5239
315.08594,-120.4549,38.57567
271.91406,-120.094,38.62627
320.9297,-120.5208,38.8577
284.98438,-120.1582,38.90858
291.02344,-119.795,38.9581
292.53906,-120.223,39.19109
296.28906,-119.8581,39.24089
282.9922,-120.2885,39.4738
309.5547,-119.9218,39.5239
242.625,-120.4549,38.57567
192.00781,-120.094,38.62627
245.97656,-120.5208,38.8577
189.79688,-120.1582,38.90858
206.35156,-119.795,38.9581
207.97656,-120.223,39.19109
196.64062,-119.8581,39.24089
191.28125,-120.2885,39.4738
222.58594,-119.9218,39.5239
279.4375,-120.4549,38.57567
201.19531,-120.094,38.62627
275.5078,-120.5208,38.8577
211.88281,-120.1582,38.90858
200.21094,-119.795,38.9581
235.1875,-120.223,39.19109
207.14844,-119.8581,39.24089
206.0625,-120.2885,39.4738
222.95312,-119.9218,39.5239
313.2578,-120.4549,38.57567
215.13281,-120.094,38.62627
309.3672,-120.5208,38.8577
235.28125,-120.1582,38.90858
221.60156,-119.795,38.9581
268.83594,-120.223,39.19109
228.60156,-119.8581,39.24089
232.60938,-120.2885,39.4738
247.03906,-119.9218,39.5239
325.35938,-120.4549,38.57567
243.98438,-120.094,38.62627
323.39062,-120.5208,38.8577
263.96875,-120.1582,38.90858
244.44531,-119.795,38.9581
290.78125,-120.223,39.19109
268.0547,-119.8581,39.24089
253.15625,-120.2885,39.4738
283.51562,-119.9218,39.5239
292.92188,-120.4549,38.57567
218.85156,-120.094,38.62627
284.1172,-120.5208,38.8577
229.85938,-120.1582,38.90858
235.94531,-119.795,38.9581
249.57031,-120.223,39.19109
237.82031,-119.8581,39.24089
222.44531,-120.2885,39.4738
248.13281,-119.9218,39.5239
269.75,-120.4549,38.57567
208.82812,-120.094,38.62627
272.92188,-120.5208,38.8577
226.25781,-120.1582,38.90858
230.08594,-119.795,38.9581
236.13281,-120.223,39.19109
236.42188,-119.8581,39.24089
226.10938,-120.2885,39.4738
244.49219,-119.9218,39.5239
237.03125,-120.4549,38.57567
185.21875,-120.094,38.62627
234.375,-120.5208,38.8577
191.77344,-120.1582,38.90858
203.74219,-119.795,38.9581
203.33594,-120.223,39.19109
221.75,-119.8581,39.24089
196.58594,-120.2885,39.4738
251.01562,-119.9218,39.5239
245.53906,-120.4549,38.57567
197.71094,-120.094,38.62627
242.48438,-120.5208,38.8577
202.63281,-120.1582,38.90858
212.80469,-119.795,38.9581
213.64062,-120.223,39.19109
208.625,-119.8581,39.24089
201.41406,-120.2885,39.4738
222.09375,-119.9218,39.5239
304.9453,-120.4549,38.57567
253.91406,-120.094,38.62627
306.28125,-120.5208,38.8577
268.8828,-120.1582,38.90858
265.73438,-119.795,38.9581
282.58594,-120.223,39.19109
273.9297,-119.8581,39.24089
272.0,-120.2885,39.4738
292.02344,-119.9218,39.5239
337.7578,-120.4549,38.57567
282.75,-120.094,38.62627
330.6797,-120.5208,38.8577
291.76562,-120.1582,38.90858
297.97656,-119.795,38.9581
313.57812,-120.223,39.19109
299.1875,-119.8581,39.24089
297.29688,-120.2885,39.4738
310.64062,-119.9218,39.5239
296.96875,-120.4549,38.57567
227.82031,-120.094,38.62627
304.625,-120.5208,38.8577
237.77344,-120.1582,38.90858
249.50781,-119.795,38.9581
261.16406,-120.223,39.19109
242.39062,-119.8581,39.24089
248.45312,-120.2885,39.4738
270.35156,-119.9218,39.5239
307.09375,-120.4549,38.57567
245.97656,-120.094,38.62627
305.4297,-120.5208,38.8577
260.8828,-120.1582,38.90858
259.625,-119.795,38.9581
279.4375,-120.223,39.19109
262.95312,-119.8581,39.24089
261.77344,-120.2885,39.4738
281.16406,-119.9218,39.5239
307.29688,-120.4549,38.57567
228.11719,-120.094,38.62627
301.8203,-120.5208,38.8577
235.10156,-120.1582,38.90858
247.73438,-119.795,38.9581
247.85156,-120.223,39.19109
247.38281,-119.8581,39.24089
236.05469,-120.2885,39.4738
259.77344,-119.9218,39.5239
282.8125,-120.4549,38.57567
213.61719,-120.094,38.62627
278.90625,-120.5208,38.8577
227.03906,-120.1582,38.90858
233.78906,-119.795,38.9581
249.89062,-120.223,39.19109
238.67969,-119.8581,39.24089
231.66406,-120.2885,39.4738
255.875,-119.9218,39.5239
314.03125,-120.4549,38.57567
241.34375,-120.094,38.62627
319.57812,-120.5208,38.8577
246.29688,-120.1582,38.90858
250.54688,-119.795,38.9581
277.78125,-120.223,39.19109
250.85938,-119.8581,39.24089
242.625,-120.2885,39.4738
264.52344,-119.9218,39.5239
307.78125,-120.4549,38.57567
243.74219,-120.094,38.62627
309.28906,-120.5208,38.8577
256.23438,-120.1582,38.90858
262.0625,-119.795,38.9581
273.78125,-120.223,39.19109
265.2578,-119.8581,39.24089
257.5703,-120.2885,39.4738
281.91406,-119.9218,39.5239
307.15625,-120.4549,38.57567
237.88281,-120.094,38.62627
298.9375,-120.5208,38.8577
250.63281,-120.1582,38.90858
261.89844,-119.795,38.9581
273.0703,-120.223,39.19109
273.59375,-119.8581,39.24089
259.9297,-120.2885,39.4738
279.6328,-119.9218,39.5239
238.65625,-120.4549,38.57567
180.59375,-120.094,38.62627
232.45312,-120.5208,38.8577
184.89062,-120.1582,38.90858
197.19531,-119.795,38.9581
201.45312,-120.223,39.19109
196.65625,-119.8581,39.24089
188.57031,-120.2885,39.4738
212.84375,-119.9218,39.5239
268.79688,-120.4549,38.57567
211.64844,-120.094,38.62627
270.40625,-120.5208,38.8577
229.25781,-120.1582,38.90858
231.07031,-119.795,38.9581
244.89062,-120.223,39.19109
235.04688,-119.8581,39.24089
236.1875,-120.2885,39.4738
255.16406,-119.9218,39.5239
264.91406,-120.4549,38.57567
201.14844,-120.094,38.62627
261.95312,-120.5208,38.8577
214.4375,-120.1582,38.90858
229.8125,-119.795,38.9581
229.35156,-120.223,39.19109
232.54688,-119.8581,39.24089
211.86719,-120.2885,39.4738
277.66406,-119.9218,39.5239
260.52344,-120.4549,38.57567
194.1875,-120.094,38.62627
254.78906,-120.5208,38.8577
209.26562,-120.1582,38.90858
208.96094,-119.795,38.9581
222.77344,-120.223,39.19109
219.07812,-119.8581,39.24089
210.91406,-120.2885,39.4738
234.64844,-119.9218,39.5239
275.57812,-120.4549,38.57567
213.74219,-120.094,38.62627
277.17188,-120.5208,38.8577
229.70312,-120.1582,38.90858
231.32812,-119.795,38.9581
247.57031,-120.223,39.19109
240.82031,-119.8581,39.24089
238.14062,-120.2885,39.4738
266.46875,-119.9218,39.5239
294.04688,-120.4549,38.57567
237.00781,-120.094,38.62627
296.82812,-120.5208,38.8577
258.57812,-120.1582,38.90858
247.97656,-119.795,38.9581
274.2422,-120.223,39.19109
265.3672,-119.8581,39.24089
257.9922,-120.2885,39.4738
274.54688,-119.9218,39.5239
326.5703,-120.4549,38.57567
260.95312,-120.094,38.62627
315.39062,-120.5208,38.8577
275.76562,-120.1582,38.90858
286.08594,-119.795,38.9581
285.89844,-120.223,39.19109
291.65625,-119.8581,39.24089
262.77344,-120.2885,39.4738
293.71094,-119.9218,39.5239
259.8828,-120.4549,38.57567
199.48438,-120.094,38.62627
257.3828,-120.5208,38.8577
216.8125,-120.1582,38.90858
210.74219,-119.795,38.9581
227.57812,-120.223,39.19109
225.00781,-119.8581,39.24089
220.46875,-120.2885,39.4738
239.25,-119.9218,39.5239
279.58594,-120.4549,38.57567
215.39062,-120.094,38.62627
274.85156,-120.5208,38.8577
228.125,-120.1582,38.90858
235.88281,-119.795,38.9581
243.92188,-120.223,39.19109
238.46094,-119.8581,39.24089
230.00781,-120.2885,39.4738
254.85156,-119.9218,39.5239
288.01562,-120.4549,38.57567
229.71094,-120.094,38.62627
282.03125,-120.5208,38.8577
243.80469,-120.1582,38.90858
248.13281,-119.795,38.9581
254.74219,-120.223,39.19109
252.47656,-119.8581,39.24089
241.35156,-120.2885,39.4738
268.8203,-119.9218,39.5239
298.3672,-120.4549,38.57567
229.46094,-120.094,38.62627
293.0547,-120.5208,38.8577
243.46875,-120.1582,38.90858
248.625,-119.795,38.9581
260.85938,-120.223,39.19109
252.41406,-119.8581,39.24089
246.28906,-120.2885,39.4738
275.1172,-119.9218,39.5239
268.3828,-120.4549,38.57567
197.08594,-120.094,38.62627
265.25,-120.5208,38.8577
211.64844,-120.1582,38.90858
228.07031,-119.795,38.9581
229.10156,-120.223,39.19109
237.28906,-119.8581,39.24089
217.19531,-120.2885,39.4738
262.46875,-119.9218,39.5239
