wcvflx,lon,lat
43118.984,-120.4549,38.57567
26318.984,-120.094,38.62627
47466.484,-120.5208,38.8577
28086.484,-120.1582,38.90858
16163.984,-119.795,38.9581
31123.984,-120.223,39.19109
17236.484,-119.8581,39.24089
31791.484,-120.2885,39.4738
19213.984,-119.9218,39.5239
89352.06,-120.4549,38.57567
80419.56,-120.094,38.62627
89447.06,-120.5208,38.8577
74992.06,-120.1582,38.90858
62994.56,-119.795,38.9581
74434.56,-120.223,39.19109
56889.555,-119.8581,39.24089
72264.56,-120.2885,39.4738
57062.055,-119.9218,39.5239
16554.31,-120.4549,38.57567
12976.811,-120.094,38.62627
28633.06,-120.5208,38.8577
14576.811,-120.1582,38.90858
-1528.1895,-119.795,38.9581
23256.81,-120.223,39.19109
1734.3105,-119.8581,39.24089
29979.31,-120.2885,39.4738
5198.0605,-119.9218,39.5239
-12489.496,-120.4549,38.57567
-17046.996,-120.094,38.62627
-5921.996,-120.5208,38.8577
-17286.996,-120.1582,38.90858
-24566.996,-119.795,38.9581
-11721.996,-120.223,39.19109
-22334.496,-119.8581,39.24089
-10964.496,-120.2885,39.4738
-17379.496,-119.9218,39.5239
-7299.4414,-120.4549,38.57567
-4466.9414,-120.094,38.62627
-5739.4414,-120.5208,38.8577
-4901.9414,-120.1582,38.90858
-4611.9414,-119.795,38.9581
-5894.4414,-120.223,39.19109
-5161.9414,-119.8581,39.24089
-6861.9414,-120.2885,39.4738
-6499.4414,-119.9218,39.5239
-8941.596,-120.4549,38.57567
-7889.0957,-120.094,38.62627
-9174.096,-120.5208,38.8577
-8286.596,-120.1582,38.90858
-7809.0957,-119.795,38.9581
-8549.096,-120.223,39.19109
-8186.5957,-119.8581,39.24089
-8976.596,-120.2885,39.4738
-8819.096,-119.9218,39.5239
6813.2188,-120.4549,38.57567
3333.2188,-120.094,38.62627
12290.719,-120.5208,38.8577
7823.2188,-120.1582,38.90858
2663.2188,-119.795,38.9581
11933.219,-120.223,39.19109
6278.2188,-119.8581,39.24089
14113.219,-120.2885,39.4738
7833.2188,-119.9218,39.5239
51654.785,-120.4549,38.57567
46952.285,-120.094,38.62627
50797.285,-120.5208,38.8577
44509.785,-120.1582,38.90858
35009.78,-119.795,38.9581
49194.785,-120.223,39.19109
38247.28,-119.8581,39.24089
51839.785,-120.2885,39.4738
37614.78,-119.9218,39.5239
113976.41,-120.4549,38.57567
101116.41,-120.094,38.62627
101163.91,-120.5208,38.8577
87981.41,-120.1582,38.90858
66858.914,-119.795,38.9581
76271.41,-120.223,39.19109
58728.914,-119.8581,39.24089
74478.91,-120.2885,39.4738
60481.414,-119.9218,39.5239
-21107.682,-120.4549,38.57567
-24445.182,-120.094,38.62627
-19302.682,-120.5208,38.8577
-21492.682,-120.1582,38.90858
-19625.182,-119.795,38.9581
-16585.182,-120.223,39.19109
-13810.182,-119.8581,39.24089
-12482.682,-120.2885,39.4738
-10285.182,-119.9218,39.5239
1039.7051,-120.4549,38.57567
3353.455,-120.094,38.62627
4162.205,-120.5208,38.8577
2402.205,-120.1582,38.90858
-470.29492,-119.795,38.9581
2955.955,-120.223,39.19109
-1256.5449,-119.8581,39.24089
2315.955,-120.2885,39.4738
-1244.0449,-119.9218,39.5239
-20222.062,-120.4549,38.57567
-24417.062,-120.094,38.62627
-21912.062,-120.5208,38.8577
-23999.562,-120.1582,38.90858
-21517.062,-119.795,38.9581
-21302.062,-120.223,39.19109
-19874.562,-119.8581,39.24089
-19539.562,-120.2885,39.4738
-18739.562,-119.9218,39.5239
-13380.748,-120.4549,38.57567
-15018.248,-120.094,38.62627
-15008.248,-120.5208,38.8577
-15113.248,-120.1582,38.90858
-13438.248,-119.795,38.9581
-13573.248,-120.223,39.19109
-9963.248,-119.8581,39.24089
-11930.748,-120.2885,39.4738
-9785.748,-119.9218,39.5239
29936.053,-120.4549,38.57567
25228.553,-120.094,38.62627
27518.553,-120.5208,38.8577
23951.053,-120.1582,38.90858
21061.053,-119.795,38.9581
22493.553,-120.223,39.19109
20206.053,-119.8581,39.24089
21023.553,-120.2885,39.4738
18988.553,-119.9218,39.5239
53119.58,-120.4549,38.57567
46842.08,-120.094,38.62627
48177.08,-120.5208,38.8577
45087.08,-120.1582,38.90858
41729.58,-119.795,38.9581
41667.08,-120.223,39.19109
40809.58,-119.8581,39.24089
36769.58,-120.2885,39.4738
36689.58,-119.9218,39.5239
8320.75,-120.4549,38.57567
5893.25,-120.094,38.62627
5390.75,-120.5208,38.8577
4660.75,-120.1582,38.90858
4643.25,-119.795,38.9581
1995.75,-120.223,39.19109
1858.25,-119.8581,39.24089
-1.75,-120.2885,39.4738
433.25,-119.9218,39.5239
-3399.3848,-120.4549,38.57567
-3611.8848,-120.094,38.62627
-3724.3848,-120.5208,38.8577
-3699.3848,-120.1582,38.90858
-3099.3848,-119.795,38.9581
-3286.8848,-120.223,39.19109
-2774.3848,-119.8581,39.24089
-3099.3848,-120.2885,39.4738
-3536.8848,-119.9218,39.5239
-1472.1328,-120.4549,38.57567
-1722.1328,-120.094,38.62627
-1184.6328,-120.5208,38.8577
-1722.1328,-120.1582,38.90858
-2497.1328,-119.795,38.9581
-1997.1328,-120.223,39.19109
-2684.6328,-119.8581,39.24089
-2259.6328,-120.2885,39.4738
-2822.1328,-119.9218,39.5239
9510.969,-120.4549,38.57567
7563.4688,-120.094,38.62627
9770.969,-120.5208,38.8577
8310.969,-120.1582,38.90858
6418.4688,-119.795,38.9581
8325.969,-120.223,39.19109
6960.9688,-119.8581,39.24089
8748.469,-120.2885,39.4738
7080.9688,-119.9218,39.5239
11549.703,-120.4549,38.57567
10827.203,-120.094,38.62627
11374.703,-120.5208,38.8577
10319.703,-120.1582,38.90858
9827.203,-119.795,38.9581
9824.703,-120.223,39.19109
8632.203,-119.8581,39.24089
10172.203,-120.2885,39.4738
8807.203,-119.9218,39.5239
-4304.4277,-120.4549,38.57567
-3616.9277,-120.094,38.62627
-5364.4277,-120.5208,38.8577
-4504.4277,-120.1582,38.90858
-4074.4277,-119.795,38.9581
-5574.4277,-120.223,39.19109
-4976.9277,-119.8581,39.24089
-6844.4277,-120.2885,39.4738
-6171.9277,-119.9218,39.5239
-14793.521,-120.4549,38.57567
-13352.271,-120.094,38.62627
-14703.521,-120.5208,38.8577
-12894.771,-120.1582,38.90858
-11499.771,-119.795,38.9581
-13386.021,-120.223,39.19109
-12214.771,-119.8581,39.24089
-14462.271,-120.2885,39.4738
-12848.521,-119.9218,39.5239
-19668.13,-120.4549,38.57567
-18733.133,-120.094,38.62627
-21335.63,-120.5208,38.8577
-20068.13,-120.1582,38.90858
-19128.133,-119.795,38.9581
-20873.13,-120.223,39.19109
-20398.13,-119.8581,39.24089
-21470.63,-120.2885,39.4738
-22278.13,-119.9218,39.5239
37293.008,-120.4549,38.57567
24990.508,-120.094,38.62627
38353.008,-120.5208,38.8577
25633.008,-120.1582,38.90858
13943.008,-119.795,38.9581
26768.008,-120.223,39.19109
14618.008,-119.8581,39.24089
25300.508,-120.2885,39.4738
16623.008,-119.9218,39.5239
10466.975,-120.4549,38.57567
2999.4746,-120.094,38.62627
21506.975,-120.5208,38.8577
6241.9746,-120.1582,38.90858
-1520.5254,-119.795,38.9581
9541.975,-120.223,39.19109
-2788.0254,-119.8581,39.24089
9721.975,-120.2885,39.4738
531.9746,-119.9218,39.5239
24080.2,-120.4549,38.57567
13840.199,-120.094,38.62627
28400.2,-120.5208,38.8577
15487.699,-120.1582,38.90858
5947.699,-119.795,38.9581
19430.2,-120.223,39.19109
7950.199,-119.8581,39.24089
20770.2,-120.2885,39.4738
11565.199,-119.9218,39.5239
83094.3,-120.4549,38.57567
52376.793,-120.094,38.62627
86814.3,-120.5208,38.8577
54139.293,-120.1582,38.90858
29729.293,-119.795,38.9581
56069.293,-120.223,39.19109
34056.793,-119.8581,39.24089
56904.297,-120.2885,39.4738
36336.793,-119.9218,39.5239
-32590.12,-120.4549,38.57567
-30225.12,-120.094,38.62627
-27747.62,-120.5208,38.8577
-29015.12,-120.1582,38.90858
-28422.62,-119.795,38.9581
-27222.62,-120.223,39.19109
-26975.12,-119.8581,39.24089
-23795.12,-120.2885,39.4738
-26640.12,-119.9218,39.5239
-10945.127,-120.4549,38.57567
-11541.377,-120.094,38.62627
-11232.627,-120.5208,38.8577
-12547.627,-120.1582,38.90858
-14235.127,-119.795,38.9581
-13585.127,-120.223,39.19109
-15058.877,-119.8581,39.24089
-15898.877,-120.2885,39.4738
-17001.377,-119.9218,39.5239
10280.734,-120.4549,38.57567
8053.2344,-120.094,38.62627
10990.734,-120.5208,38.8577
8645.734,-120.1582,38.90858
6715.7344,-119.795,38.9581
8763.234,-120.223,39.19109
7168.2344,-119.8581,39.24089
8238.234,-120.2885,39.4738
7080.7344,-119.9218,39.5239
42872.742,-120.4549,38.57567
34227.742,-120.094,38.62627
44897.742,-120.5208,38.8577
37725.242,-120.1582,38.90858
26207.74,-119.795,38.9581
36227.742,-120.223,39.19109
24962.74,-119.8581,39.24089
36965.242,-120.2885,39.4738
26382.74,-119.9218,39.5239
-7303.9297,-120.4549,38.57567
-7748.9297,-120.094,38.62627
-8376.43,-120.5208,38.8577
-8133.9297,-120.1582,38.90858
-6616.4297,-119.795,38.9581
-10513.93,-120.223,39.19109
-7876.4297,-119.8581,39.24089
-10753.93,-120.2885,39.4738
-8028.9297,-119.9218,39.5239
-11094.83,-120.4549,38.57567
-11152.33,-120.094,38.62627
-11074.83,-120.5208,38.8577
-10899.83,-120.1582,38.90858
-11214.83,-119.795,38.9581
-11047.33,-120.223,39.19109
-10504.83,-119.8581,39.24089
-11354.83,-120.2885,39.4738
-10512.33,-119.9218,39.5239
2159.1543,-120.4549,38.57567
-2663.3457,-120.094,38.62627
12694.154,-120.5208,38.8577
2811.6543,-120.1582,38.90858
-6388.3457,-119.795,38.9581
11119.154,-120.223,39.19109
-735.8457,-119.8581,39.24089
13559.154,-120.2885,39.4738
3236.6543,-119.9218,39.5239
-8058.4453,-120.4549,38.57567
-11200.945,-120.094,38.62627
-2370.9453,-120.5208,38.8577
-13550.945,-120.1582,38.90858
-17378.445,-119.795,38.9581
-15930.945,-120.223,39.19109
-23068.445,-119.8581,39.24089
-24600.945,-120.2885,39.4738
-28888.445,-119.9218,39.5239
-11416.229,-120.4549,38.57567
-10818.729,-120.094,38.62627
-11899.979,-120.5208,38.8577
-12324.979,-120.1582,38.90858
-11773.729,-119.795,38.9581
-13119.979,-120.223,39.19109
-12506.229,-119.8581,39.24089
-14339.979,-120.2885,39.4738
-12378.729,-119.9218,39.5239
-10965.619,-120.4549,38.57567
-10405.619,-120.094,38.62627
-10138.119,-120.5208,38.8577
-10518.119,-120.1582,38.90858
-9670.619,-119.795,38.9581
-10158.119,-120.223,39.19109
-11290.619,-119.8581,39.24089
-8788.119,-120.2885,39.4738
-8523.119,-119.9218,39.5239
-7995.711,-120.4549,38.57567
-8015.711,-120.094,38.62627
-7020.711,-120.5208,38.8577
-7963.211,-120.1582,38.90858
-7988.211,-119.795,38.9581
-6550.711,-120.223,39.19109
-6280.711,-119.8581,39.24089
-6753.211,-120.2885,39.4738
-6203.211,-119.9218,39.5239
-6301.8184,-120.4549,38.57567
-6424.3184,-120.094,38.62627
-6386.8184,-120.5208,38.8577
-6799.3184,-120.1582,38.90858
-7116.8184,-119.795,38.9581
-7099.3184,-120.223,39.19109
-7966.8184,-119.8581,39.24089
-7769.3184,-120.2885,39.4738
-8806.818,-119.9218,39.5239
-5195.045,-120.4549,38.57567
-5692.545,-120.094,38.62627
-5862.545,-120.5208,38.8577
-6555.045,-120.1582,38.90858
-7367.545,-119.795,38.9581
-7327.545,-120.223,39.19109
-8285.045,-119.8581,39.24089
-8642.545,-120.2885,39.4738
-9467.545,-119.9218,39.5239
-8484.628,-120.4549,38.57567
-12500.878,-120.094,38.62627
-6620.878,-120.5208,38.8577
-8672.128,-120.1582,38.90858
-10082.128,-119.795,38.9581
-5570.878,-120.223,39.19109
-5945.878,-119.8581,39.24089
-5730.878,-120.2885,39.4738
-5899.628,-119.9218,39.5239
-3482.7305,-120.4549,38.57567
-3411.4805,-120.094,38.62627
-3261.4805,-120.5208,38.8577
-3141.4805,-120.1582,38.90858
-3017.7305,-119.795,38.9581
-2988.9805,-120.223,39.19109
-2885.2305,-119.8581,39.24089
-3130.2305,-120.2885,39.4738
-3087.7305,-119.9218,39.5239
-3869.3809,-120.4549,38.57567
-4059.3809,-120.094,38.62627
-3879.3809,-120.5208,38.8577
-4094.3809,-120.1582,38.90858
-4329.381,-119.795,38.9581
-4124.381,-120.223,39.19109
-4301.881,-119.8581,39.24089
-4221.881,-120.2885,39.4738
-4326.881,-119.9218,39.5239
-1742.4912,-120.4549,38.57567
-1753.7412,-120.094,38.62627
-1713.7412,-120.5208,38.8577
-1793.7412,-120.1582,38.90858
-1943.7412,-119.795,38.9581
-1882.4912,-120.223,39.19109
-2176.2412,-119.8581,39.24089
-1724.9912,-120.2885,39.4738
-1699.9912,-119.9218,39.5239
10918.37,-120.4549,38.57567
9828.37,-120.094,38.62627
12613.37,-120.5208,38.8577
11113.37,-120.1582,38.90858
9998.37,-119.795,38.9581
13190.87,-120.223,39.19109
11643.37,-119.8581,39.24089
15628.37,-120.2885,39.4738
14068.37,-119.9218,39.5239
92464.01,-120.4549,38.57567
71982.76,-120.094,38.62627
87439.01,-120.5208,38.8577
67049.01,-120.1582,38.90858
45540.258,-119.795,38.9581
63542.758,-120.223,39.19109
42809.008,-119.8581,39.24089
59381.508,-120.2885,39.4738
42887.758,-119.9218,39.5239
83801.555,-120.4549,38.57567
80354.055,-120.094,38.62627
84699.055,-120.5208,38.8577
75201.555,-120.1582,38.90858
56494.055,-119.795,38.9581
76214.055,-120.223,39.19109
55424.055,-119.8581,39.24089
78321.555,-120.2885,39.4738
56324.055,-119.9218,39.5239
72100.22,-120.4549,38.57567
53655.22,-120.094,38.62627
71197.72,-120.5208,38.8577
49872.72,-120.1582,38.90858
23467.719,-119.795,38.9581
45400.22,-120.223,39.19109
17447.719,-119.8581,39.24089
44097.72,-120.2885,39.4738
20762.719,-119.9218,39.5239
61616.367,-120.4549,38.57567
47636.367,-120.094,38.62627
60836.367,-120.5208,38.8577
48641.367,-120.1582,38.90858
41766.367,-119.795,38.9581
50393.867,-120.223,39.19109
43838.867,-119.8581,39.24089
53581.367,-120.2885,39.4738
45386.367,-119.9218,39.5239
151856.16,-120.4549,38.57567
119968.66,-120.094,38.62627
151853.66,-120.5208,38.8577
116603.66,-120.1582,38.90858
74981.16,-119.795,38.9581
116306.16,-120.223,39.19109
77221.16,-119.8581,39.24089
114461.16,-120.2885,39.4738
84171.16,-119.9218,39.5239
14844.736,-120.4549,38.57567
10434.736,-120.094,38.62627
13682.236,-120.5208,38.8577
10472.236,-120.1582,38.90858
7797.2363,-119.795,38.9581
11682.236,-120.223,39.19109
8414.736,-119.8581,39.24089
12619.736,-120.2885,39.4738
8302.236,-119.9218,39.5239
12290.787,-120.4549,38.57567
9873.287,-120.094,38.62627
13648.287,-120.5208,38.8577
10185.787,-120.1582,38.90858
7958.287,-119.795,38.9581
10493.287,-120.223,39.19109
8033.287,-119.8581,39.24089
10048.287,-120.2885,39.4738
8138.287,-119.9218,39.5239
16735.006,-120.4549,38.57567
13052.506,-120.094,38.62627
19975.006,-120.5208,38.8577
14055.006,-120.1582,38.90858
11557.506,-119.795,38.9581
13255.006,-120.223,39.19109
11965.006,-119.8581,39.24089
12680.006,-120.2885,39.4738
12217.506,-119.9218,39.5239
-142.53906,-120.4549,38.57567
-210.03906,-120.094,38.62627
-0.0390625,-120.5208,38.8577
-120.03906,-120.1582,38.90858
-227.53906,-119.795,38.9581
-137.53906,-120.223,39.19109
-42.539062,-119.8581,39.24089
-87.53906,-120.2885,39.4738
-185.03906,-119.9218,39.5239
25393.605,-120.4549,38.57567
15221.105,-120.094,38.62627
23811.105,-120.5208,38.8577
14553.605,-120.1582,38.90858
8852.355,-119.795,38.9581
10607.355,-120.223,39.19109
6817.3555,-119.8581,39.24089
7057.3555,-120.2885,39.4738
5902.3555,-119.9218,39.5239
74218.09,-120.4549,38.57567
57094.344,-120.094,38.62627
71534.34,-120.5208,38.8577
53184.34,-120.1582,38.90858
43226.844,-119.795,38.9581
52928.09,-120.223,39.19109
40400.594,-119.8581,39.24089
52014.34,-120.2885,39.4738
39911.844,-119.9218,39.5239
110773.484,-120.4549,38.57567
91273.47,-120.094,38.62627
120385.984,-120.5208,38.8577
92103.484,-120.1582,38.90858
66248.47,-119.795,38.9581
103570.984,-120.223,39.19109
69575.97,-119.8581,39.24089
110925.984,-120.2885,39.4738
80985.97,-119.9218,39.5239
182270.5,-120.4549,38.57567
175959.25,-120.094,38.62627
187744.25,-120.5208,38.8577
177670.5,-120.1582,38.90858
129393.02,-119.795,38.9581
171015.53,-120.223,39.19109
134235.53,-119.8581,39.24089
165053.0,-120.2885,39.4738
130150.52,-119.9218,39.5239
-37900.95,-120.4549,38.57567
-34903.453,-120.094,38.62627
-33748.453,-120.5208,38.8577
-35093.453,-120.1582,38.90858
-38280.95,-119.795,38.9581
-33877.203,-120.223,39.19109
-36947.2,-119.8581,39.24089
-32598.451,-120.2885,39.4738
-36193.45,-119.9218,39.5239
-8335.896,-120.4549,38.57567
-14860.896,-120.094,38.62627
-1300.8965,-120.5208,38.8577
-10470.896,-120.1582,38.90858
-14343.396,-119.795,38.9581
-2235.8965,-120.223,39.19109
-11167.146,-119.8581,39.24089
6184.1035,-120.2885,39.4738
-6014.6465,-119.9218,39.5239
68950.44,-120.4549,38.57567
60542.938,-120.094,38.62627
77712.94,-120.5208,38.8577
67730.44,-120.1582,38.90858
52635.438,-119.795,38.9581
78530.44,-120.223,39.19109
60572.938,-119.8581,39.24089
83167.94,-120.2885,39.4738
67670.44,-119.9218,39.5239
14559.842,-120.4549,38.57567
26509.844,-120.094,38.62627
7259.842,-120.5208,38.8577
11309.842,-120.1582,38.90858
11784.842,-119.795,38.9581
3959.8418,-120.223,39.19109
-2015.1582,-119.8581,39.24089
1434.8418,-120.2885,39.4738
-4790.158,-119.9218,39.5239
-34460.562,-120.4549,38.57567
-38115.562,-120.094,38.62627
-31335.564,-120.5208,38.8577
-32923.062,-120.1582,38.90858
-31870.564,-119.795,38.9581
-30883.064,-120.223,39.19109
-27620.564,-119.8581,39.24089
-31585.564,-120.2885,39.4738
-25225.564,-119.9218,39.5239
-26383.732,-120.4549,38.57567
-29538.732,-120.094,38.62627
-30948.732,-120.5208,38.8577
-29218.732,-120.1582,38.90858
-30253.732,-119.795,38.9581
-25316.232,-120.223,39.19109
-28131.232,-119.8581,39.24089
-27433.732,-120.2885,39.4738
-28291.232,-119.9218,39.5239
-4662.6777,-120.4549,38.57567
-3212.6777,-120.094,38.62627
-7325.1777,-120.5208,38.8577
-6425.1777,-120.1582,38.90858
-5100.1777,-119.795,38.9581
-7062.6777,-120.223,39.19109
-5925.1777,-119.8581,39.24089
-6537.6777,-120.2885,39.4738
-4100.1777,-119.9218,39.5239
-3866.0898,-120.4549,38.57567
-2961.0898,-120.094,38.62627
-5053.59,-120.5208,38.8577
-3468.5898,-120.1582,38.90858
-3138.5898,-119.795,38.9581
-3006.0898,-120.223,39.19109
-3068.5898,-119.8581,39.24089
-3263.5898,-120.2885,39.4738
-3461.0898,-119.9218,39.5239
-3329.8965,-120.4549,38.57567
-2929.8965,-120.094,38.62627
-4034.8965,-120.5208,38.8577
-2769.8965,-120.1582,38.90858
-2467.3965,-119.795,38.9581
-2544.8965,-120.223,39.19109
-2347.3965,-119.8581,39.24089
-2744.8965,-120.2885,39.4738
-2727.3965,-119.9218,39.5239
-21242.031,-120.4549,38.57567
-20798.281,-120.094,38.62627
-20123.281,-120.5208,38.8577
-20380.781,-120.1582,38.90858
-19650.781,-119.795,38.9581
-19095.781,-120.223,39.19109
-18445.781,-119.8581,39.24089
-17787.031,-120.2885,39.4738
-18035.781,-119.9218,39.5239
-14346.867,-120.4549,38.57567
-15149.367,-120.094,38.62627
-15271.867,-120.5208,38.8577
-15174.367,-120.1582,38.90858
-15536.867,-119.795,38.9581
-14916.867,-120.223,39.19109
-16086.867,-119.8581,39.24089
-17194.367,-120.2885,39.4738
-18696.867,-119.9218,39.5239
-6802.537,-120.4549,38.57567
-6777.537,-120.094,38.62627
-7152.537,-120.5208,38.8577
-7192.537,-120.1582,38.90858
-7932.537,-119.795,38.9581
-7465.037,-120.223,39.19109
-8200.037,-119.8581,39.24089
-7865.037,-120.2885,39.4738
-8957.537,-119.9218,39.5239
-1224.4941,-120.4549,38.57567
-1004.49414,-120.094,38.62627
-419.49414,-120.5208,38.8577
-456.99414,-120.1582,38.90858
-574.49414,-119.795,38.9581
-24.49414,-120.223,39.19109
-191.99414,-119.8581,39.24089
278.00586,-120.2885,39.4738
-444.49414,-119.9218,39.5239
2086.5312,-120.4549,38.57567
1166.5312,-120.094,38.62627
961.53125,-120.5208,38.8577
431.53125,-120.1582,38.90858
299.03125,-119.795,38.9581
229.03125,-120.223,39.19109
181.53125,-119.8581,39.24089
199.03125,-120.2885,39.4738
216.53125,-119.9218,39.5239
12985.379,-120.4549,38.57567
9415.379,-120.094,38.62627
13379.129,-120.5208,38.8577
10816.629,-120.1582,38.90858
9741.629,-119.795,38.9581
12711.629,-120.223,39.19109
12674.129,-119.8581,39.24089
13459.129,-120.2885,39.4738
11619.129,-119.9218,39.5239
224088.86,-120.4549,38.57567
188128.86,-120.094,38.62627
217018.86,-120.5208,38.8577
172811.36,-120.1582,38.90858
136788.84,-119.795,38.9581
175191.36,-120.223,39.19109
130178.84,-119.8581,39.24089
172953.86,-120.2885,39.4738
140286.34,-119.9218,39.5239
104308.59,-120.4549,38.57567
87743.59,-120.094,38.62627
98689.84,-120.5208,38.8577
83924.84,-120.1582,38.90858
63582.344,-119.795,38.9581
77596.09,-120.223,39.19109
59931.094,-119.8581,39.24089
71203.59,-120.2885,39.4738
56489.844,-119.9218,39.5239
119760.37,-120.4549,38.57567
113242.87,-120.094,38.62627
116630.37,-120.5208,38.8577
107500.37,-120.1582,38.90858
76867.87,-119.795,38.9581
98975.37,-120.223,39.19109
77687.87,-119.8581,39.24089
92805.37,-120.2885,39.4738
70390.36,-119.9218,39.5239
39954.07,-120.4549,38.57567
44216.57,-120.094,38.62627
38959.07,-120.5208,38.8577
40922.82,-120.1582,38.90858
33404.07,-119.795,38.9581
36984.07,-120.223,39.19109
34827.82,-119.8581,39.24089
29507.82,-120.2885,39.4738
30320.324,-119.9218,39.5239
-37297.93,-120.4549,38.57567
-33669.18,-120.094,38.62627
-38829.18,-120.5208,38.8577
-34802.93,-120.1582,38.90858
-31436.682,-119.795,38.9581
-36186.68,-120.223,39.19109
-30125.432,-119.8581,39.24089
-37939.18,-120.2885,39.4738
-30652.932,-119.9218,39.5239
-2213.6357,-120.4549,38.57567
-2958.6357,-120.094,38.62627
-2823.6357,-120.5208,38.8577
-4588.6357,-120.1582,38.90858
-4376.1357,-119.795,38.9581
-4876.1357,-120.223,39.19109
-3941.1357,-119.8581,39.24089
-5341.1357,-120.2885,39.4738
-3378.6357,-119.9218,39.5239
14222.1455,-120.4549,38.57567
13454.6455,-120.094,38.62627
13099.6455,-120.5208,38.8577
12062.1455,-120.1582,38.90858
10717.1455,-119.795,38.9581
11277.1455,-120.223,39.19109
9764.6455,-119.8581,39.24089
11092.1455,-120.2885,39.4738
9912.1455,-119.9218,39.5239
36248.797,-120.4549,38.57567
29523.799,-120.094,38.62627
36686.297,-120.5208,38.8577
29476.299,-120.1582,38.90858
20468.799,-119.795,38.9581
31291.299,-120.223,39.19109
23281.299,-119.8581,39.24089
32406.299,-120.2885,39.4738
22656.299,-119.9218,39.5239
64389.617,-120.4549,38.57567
69569.62,-120.094,38.62627
65014.617,-120.5208,38.8577
66077.12,-120.1582,38.90858
48704.617,-119.795,38.9581
63177.117,-120.223,39.19109
48479.617,-119.8581,39.24089
55367.117,-120.2885,39.4738
45987.117,-119.9218,39.5239
-6492.6523,-120.4549,38.57567
-6297.6523,-120.094,38.62627
-5105.1523,-120.5208,38.8577
-6907.6523,-120.1582,38.90858
-6277.6523,-119.795,38.9581
-5785.1523,-120.223,39.19109
-7307.6523,-119.8581,39.24089
-6897.6523,-120.2885,39.4738
-7000.1523,-119.9218,39.5239
21183.418,-120.4549,38.57567
18030.918,-120.094,38.62627
21910.918,-120.5208,38.8577
17630.918,-120.1582,38.90858
12628.419,-119.795,38.9581
17320.918,-120.223,39.19109
13353.419,-119.8581,39.24089
15065.919,-120.2885,39.4738
11425.919,-119.9218,39.5239
184139.03,-120.4549,38.57567
157196.53,-120.094,38.62627
193076.53,-120.5208,38.8577
161179.03,-120.1582,38.90858
114674.04,-119.795,38.9581
160094.03,-120.223,39.19109
114276.54,-119.8581,39.24089
150219.05,-120.2885,39.4738
112841.54,-119.9218,39.5239
227484.12,-120.4549,38.57567
215869.12,-120.094,38.62627
230741.62,-120.5208,38.8577
200489.12,-120.1582,38.90858
155014.12,-119.795,38.9581
207594.12,-120.223,39.19109
149839.12,-119.8581,39.24089
210769.12,-120.2885,39.4738
159596.62,-119.9218,39.5239
69198.97,-120.4549,38.57567
73731.47,-120.094,38.62627
71841.47,-120.5208,38.8577
74218.97,-120.1582,38.90858
51763.973,-119.795,38.9581
68568.97,-120.223,39.19109
55646.473,-119.8581,39.24089
67406.47,-120.2885,39.4738
51591.473,-119.9218,39.5239
7105.76,-120.4549,38.57567
8130.76,-120.094,38.62627
10710.76,-120.5208,38.8577
7165.76,-120.1582,38.90858
2278.2598,-119.795,38.9581
7640.76,-120.223,39.19109
2793.2598,-119.8581,39.24089
6615.76,-120.2885,39.4738
1803.2598,-119.9218,39.5239
-3145.0,-120.4549,38.57567
-2977.5,-120.094,38.62627
-5890.0,-120.5208,38.8577
-6562.5,-120.1582,38.90858
-8052.5,-119.795,38.9581
-7527.5,-120.223,39.19109
-8055.0,-119.8581,39.24089
-7895.0,-120.2885,39.4738
-6795.0,-119.9218,39.5239
-11953.088,-120.4549,38.57567
-16385.588,-120.094,38.62627
-13908.088,-120.5208,38.8577
-15853.088,-120.1582,38.90858
-17085.588,-119.795,38.9581
-15545.588,-120.223,39.19109
-14685.588,-119.8581,39.24089
-16025.588,-120.2885,39.4738
-14883.088,-119.9218,39.5239
-7160.2217,-120.4549,38.57567
-9238.972,-120.094,38.62627
-8518.972,-120.5208,38.8577
-9256.472,-120.1582,38.90858
-9042.722,-119.795,38.9581
-10256.472,-120.223,39.19109
-7625.2217,-119.8581,39.24089
-9806.472,-120.2885,39.4738
-8696.472,-119.9218,39.5239
-28564.086,-120.4549,38.57567
-29106.586,-120.094,38.62627
-29091.586,-120.5208,38.8577
-28114.086,-120.1582,38.90858
-27331.586,-119.795,38.9581
-28909.086,-120.223,39.19109
-28046.586,-119.8581,39.24089
-30584.086,-120.2885,39.4738
-26706.586,-119.9218,39.5239
-10088.895,-120.4549,38.57567
-11736.395,-120.094,38.62627
-10801.395,-120.5208,38.8577
-12748.895,-120.1582,38.90858
-13631.395,-119.795,38.9581
-13918.895,-120.223,39.19109
-14523.895,-119.8581,39.24089
-15063.895,-120.2885,39.4738
-14721.395,-119.9218,39.5239
-9887.818,-120.4549,38.57567
-12655.318,-120.094,38.62627
-10802.818,-120.5208,38.8577
-13067.818,-120.1582,38.90858
-12965.318,-119.795,38.9581
-13245.318,-120.223,39.19109
-13077.818,-119.8581,39.24089
-13257.818,-120.2885,39.4738
-13470.318,-119.9218,39.5239
-15393.723,-120.4549,38.57567
-14378.723,-120.094,38.62627
-16383.723,-120.5208,38.8577
-15288.723,-120.1582,38.90858
-13963.723,-119.795,38.9581
-14848.723,-120.223,39.19109
-13508.723,-119.8581,39.24089
-14083.723,-120.2885,39.4738
-12291.223,-119.9218,39.5239
-8911.811,-120.4549,38.57567
-8666.811,-120.094,38.62627
-7559.3105,-120.5208,38.8577
-7759.3105,-120.1582,38.90858
-8129.3105,-119.795,38.9581
-6889.3105,-120.223,39.19109
-7776.8105,-119.8581,39.24089
-6836.8105,-120.2885,39.4738
-9299.311,-119.9218,39.5239
26288.357,-120.4549,38.57567
20375.857,-120.094,38.62627
31678.357,-120.5208,38.8577
22685.857,-120.1582,38.90858
12180.857,-119.795,38.9581
26020.857,-120.223,39.19109
12260.857,-119.8581,39.24089
28985.857,-120.2885,39.4738
13220.857,-119.9218,39.5239
95733.55,-120.4549,38.57567
75871.05,-120.094,38.62627
128868.55,-120.5208,38.8577
90733.55,-120.1582,38.90858
55376.047,-119.795,38.9581
120668.55,-120.223,39.19109
71553.55,-119.8581,39.24089
137976.05,-120.2885,39.4738
79138.55,-119.9218,39.5239
160542.98,-120.4549,38.57567
132040.5,-120.094,38.62627
176887.98,-120.5208,38.8577
134840.5,-120.1582,38.90858
83992.99,-119.795,38.9581
150370.48,-120.223,39.19109
90005.49,-119.8581,39.24089
161827.98,-120.2885,39.4738
101535.49,-119.9218,39.5239
65266.426,-120.4549,38.57567
54638.926,-120.094,38.62627
75196.42,-120.5208,38.8577
60878.926,-120.1582,38.90858
34643.926,-119.795,38.9581
71531.42,-120.223,39.19109
45081.426,-119.8581,39.24089
76633.92,-120.2885,39.4738
52096.426,-119.9218,39.5239
20514.201,-120.4549,38.57567
17204.201,-120.094,38.62627
19249.201,-120.5208,38.8577
16010.451,-120.1582,38.90858
12131.701,-119.795,38.9581
13431.701,-120.223,39.19109
11811.701,-119.8581,39.24089
12387.951,-120.2885,39.4738
10747.951,-119.9218,39.5239
67878.28,-120.4549,38.57567
56288.277,-120.094,38.62627
60313.277,-120.5208,38.8577
51265.777,-120.1582,38.90858
42105.777,-119.795,38.9581
45733.277,-120.223,39.19109
37963.277,-119.8581,39.24089
39685.777,-120.2885,39.4738
31398.277,-119.9218,39.5239
57214.2,-120.4549,38.57567
41194.195,-120.094,38.62627
48959.2,-120.5208,38.8577
29554.195,-120.1582,38.90858
18504.195,-119.795,38.9581
26491.695,-120.223,39.19109
18181.695,-119.8581,39.24089
21246.695,-120.2885,39.4738
14999.195,-119.9218,39.5239
24108.326,-120.4549,38.57567
17824.576,-120.094,38.62627
23639.576,-120.5208,38.8577
14519.576,-120.1582,38.90858
8245.826,-119.795,38.9581
14353.326,-120.223,39.19109
8559.576,-119.8581,39.24089
11604.576,-120.2885,39.4738
7033.326,-119.9218,39.5239
65275.887,-120.4549,38.57567
56965.887,-120.094,38.62627
64403.387,-120.5208,38.8577
54335.887,-120.1582,38.90858
47530.89,-119.795,38.9581
56635.887,-120.223,39.19109
46573.39,-119.8581,39.24089
52355.887,-120.2885,39.4738
45138.39,-119.9218,39.5239
150891.28,-120.4549,38.57567
143028.78,-120.094,38.62627
147848.78,-120.5208,38.8577
131076.28,-120.1582,38.90858
102766.28,-119.795,38.9581
127611.28,-120.223,39.19109
100488.78,-119.8581,39.24089
122506.28,-120.2885,39.4738
93716.29,-119.9218,39.5239
56896.895,-120.4549,38.57567
49846.895,-120.094,38.62627
62674.395,-120.5208,38.8577
56609.395,-120.1582,38.90858
38236.89,-119.795,38.9581
54631.895,-120.223,39.19109
39426.89,-119.8581,39.24089
51366.895,-120.2885,39.4738
37964.39,-119.9218,39.5239
22620.443,-120.4549,38.57567
18559.193,-120.094,38.62627
19771.693,-120.5208,38.8577
18351.695,-120.1582,38.90858
13434.194,-119.795,38.9581
17371.695,-120.223,39.19109
12905.444,-119.8581,39.24089
16272.945,-120.2885,39.4738
13404.194,-119.9218,39.5239
14807.16,-120.4549,38.57567
14057.16,-120.094,38.62627
13145.91,-120.5208,38.8577
12452.16,-120.1582,38.90858
10795.91,-119.795,38.9581
9829.66,-120.223,39.19109
8099.66,-119.8581,39.24089
9352.16,-120.2885,39.4738
7763.41,-119.9218,39.5239
18267.914,-120.4549,38.57567
18080.414,-120.094,38.62627
15567.914,-120.5208,38.8577
15882.914,-120.1582,38.90858
16815.414,-119.795,38.9581
13777.914,-120.223,39.19109
15067.914,-119.8581,39.24089
11850.414,-120.2885,39.4738
12335.414,-119.9218,39.5239
-172.08008,-120.4549,38.57567
-57.08008,-120.094,38.62627
-367.08008,-120.5208,38.8577
-277.08008,-120.1582,38.90858
562.9199,-119.795,38.9581
-784.5801,-120.223,39.19109
-632.0801,-119.8581,39.24089
-1114.5801,-120.2885,39.4738
-759.5801,-119.9218,39.5239
-3919.5078,-120.4549,38.57567
-5177.008,-120.094,38.62627
-3954.5078,-120.5208,38.8577
-4659.508,-120.1582,38.90858
-4437.008,-119.795,38.9581
-4899.508,-120.223,39.19109
-5032.008,-119.8581,39.24089
-4252.008,-120.2885,39.4738
-3372.0078,-119.9218,39.5239
-8465.934,-120.4549,38.57567
-5950.9336,-120.094,38.62627
-4908.4336,-120.5208,38.8577
-5740.9336,-120.1582,38.90858
-5748.4336,-119.795,38.9581
-4523.4336,-120.223,39.19109
-4253.4336,-119.8581,39.24089
-3465.9336,-120.2885,39.4738
-3745.9336,-119.9218,39.5239
-3363.3398,-120.4549,38.57567
-1280.8398,-120.094,38.62627
-1088.3398,-120.5208,38.8577
-1550.8398,-120.1582,38.90858
-1875.8398,-119.795,38.9581
-1395.8398,-120.223,39.19109
-2035.8398,-119.8581,39.24089
-1340.8398,-120.2885,39.4738
-1545.8398,-119.9218,39.5239
-1163.668,-120.4549,38.57567
-878.66797,-120.094,38.62627
-1278.668,-120.5208,38.8577
-981.16797,-120.1582,38.90858
-719.91797,-119.795,38.9581
-999.91797,-120.223,39.19109
-753.66797,-119.8581,39.24089
-958.66797,-120.2885,39.4738
-848.66797,-119.9218,39.5239
-872.66797,-120.4549,38.57567
-901.41797,-120.094,38.62627
-950.16797,-120.5208,38.8577
-1021.41797,-120.1582,38.90858
-993.91797,-119.795,38.9581
-1047.668,-120.223,39.19109
-1150.168,-119.8581,39.24089
-1107.668,-120.2885,39.4738
-1128.918,-119.9218,39.5239
165.55273,-120.4549,38.57567
33.052734,-120.094,38.62627
605.55273,-120.5208,38.8577
325.55273,-120.1582,38.90858
170.55273,-119.795,38.9581
860.55273,-120.223,39.19109
493.05273,-119.8581,39.24089
1345.5527,-120.2885,39.4738
995.55273,-119.9218,39.5239
2394.623,-120.4549,38.57567
2254.623,-120.094,38.62627
2674.623,-120.5208,38.8577
2734.623,-120.1582,38.90858
2584.623,-119.795,38.9581
2864.623,-120.223,39.19109
2972.123,-119.8581,39.24089
2724.623,-120.2885,39.4738
2994.623,-119.9218,39.5239
9397.004,-120.4549,38.57567
7694.504,-120.094,38.62627
8794.504,-120.5208,38.8577
7439.504,-120.1582,38.90858
6289.504,-119.795,38.9581
6764.504,-120.223,39.19109
5657.004,-119.8581,39.24089
5764.504,-120.2885,39.4738
4807.004,-119.9218,39.5239
60323.13,-120.4549,38.57567
53208.13,-120.094,38.62627
59803.13,-120.5208,38.8577
51398.13,-120.1582,38.90858
43900.625,-119.795,38.9581
50909.38,-120.223,39.19109
43699.375,-119.8581,39.24089
50939.38,-120.2885,39.4738
47469.38,-119.9218,39.5239
10989.918,-120.4549,38.57567
11181.168,-120.094,38.62627
12458.668,-120.5208,38.8577
12328.668,-120.1582,38.90858
12746.168,-119.795,38.9581
13323.668,-120.223,39.19109
13997.418,-119.8581,39.24089
13511.168,-120.2885,39.4738
13192.418,-119.9218,39.5239
-2918.207,-120.4549,38.57567
-6068.207,-120.094,38.62627
-1200.707,-120.5208,38.8577
-3876.957,-120.1582,38.90858
-5483.207,-119.795,38.9581
-2558.207,-120.223,39.19109
-3253.207,-119.8581,39.24089
-1243.207,-120.2885,39.4738
-2563.207,-119.9218,39.5239
48740.336,-120.4549,38.57567
44950.336,-120.094,38.62627
56837.832,-120.5208,38.8577
46795.336,-120.1582,38.90858
37825.332,-119.795,38.9581
50242.836,-120.223,39.19109
39745.336,-119.8581,39.24089
52182.832,-120.2885,39.4738
44282.836,-119.9218,39.5239
3126.0361,-120.4549,38.57567
3126.0361,-120.094,38.62627
3416.0361,-120.5208,38.8577
3728.5361,-120.1582,38.90858
5283.536,-119.795,38.9581
1938.5361,-120.223,39.19109
1956.0361,-119.8581,39.24089
1593.5361,-120.2885,39.4738
1066.0361,-119.9218,39.5239
29262.164,-120.4549,38.57567
20160.914,-120.094,38.62627
35754.664,-120.5208,38.8577
23198.414,-120.1582,38.90858
14067.164,-119.795,38.9581
26999.664,-120.223,39.19109
15757.164,-119.8581,39.24089
28628.414,-120.2885,39.4738
15604.664,-119.9218,39.5239
62604.0,-120.4549,38.57567
43430.25,-120.094,38.62627
69327.75,-120.5208,38.8577
51235.25,-120.1582,38.90858
26120.25,-119.795,38.9581
54917.75,-120.223,39.19109
30639.0,-119.8581,39.24089
57626.5,-120.2885,39.4738
34049.0,-119.9218,39.5239
91288.29,-120.4549,38.57567
83392.04,-120.094,38.62627
93077.04,-120.5208,38.8577
87110.79,-120.1582,38.90858
65658.29,-119.795,38.9581
87485.79,-120.223,39.19109
69413.29,-119.8581,39.24089
85625.79,-120.2885,39.4738
68742.04,-119.9218,39.5239
16153.361,-120.4549,38.57567
30175.861,-120.094,38.62627
18494.611,-120.5208,38.8577
25049.611,-120.1582,38.90858
27574.611,-119.795,38.9581
22628.361,-120.223,39.19109
23089.611,-119.8581,39.24089
22308.361,-120.2885,39.4738
19277.111,-119.9218,39.5239
3554.4336,-120.4549,38.57567
2964.4336,-120.094,38.62627
4796.9336,-120.5208,38.8577
5326.9336,-120.1582,38.90858
3650.6836,-119.795,38.9581
5429.4336,-120.223,39.19109
5116.9336,-119.8581,39.24089
6964.4336,-120.2885,39.4738
5153.1836,-119.9218,39.5239
-4151.5293,-120.4549,38.57567
-3915.2793,-120.094,38.62627
-4337.7793,-120.5208,38.8577
-4034.0293,-120.1582,38.90858
-3609.0293,-119.795,38.9581
-3779.0293,-120.223,39.19109
-3479.0293,-119.8581,39.24089
-3487.7793,-120.2885,39.4738
-2640.2793,-119.9218,39.5239
-6560.708,-120.4549,38.57567
-6244.458,-120.094,38.62627
-6551.958,-120.5208,38.8577
-6258.208,-120.1582,38.90858
-5915.708,-119.795,38.9581
-6240.708,-120.223,39.19109
-5879.458,-119.8581,39.24089
-6164.458,-120.2885,39.4738
-5693.208,-119.9218,39.5239
12041.046,-120.4549,38.57567
9314.796,-120.094,38.62627
12143.546,-120.5208,38.8577
8914.796,-120.1582,38.90858
5941.046,-119.795,38.9581
8743.546,-120.223,39.19109
5553.546,-119.8581,39.24089
8073.546,-120.2885,39.4738
5268.546,-119.9218,39.5239
63070.664,-120.4549,38.57567
59768.164,-120.094,38.62627
65150.664,-120.5208,38.8577
61573.164,-120.1582,38.90858
51000.664,-119.795,38.9581
60918.164,-120.223,39.19109
51140.664,-119.8581,39.24089
59205.664,-120.2885,39.4738
50920.664,-119.9218,39.5239
-3407.2207,-120.4549,38.57567
-4679.7207,-120.094,38.62627
-3412.2207,-120.5208,38.8577
-4699.7207,-120.1582,38.90858
-4307.2207,-119.795,38.9581
-4887.2207,-120.223,39.19109
-6102.2207,-119.8581,39.24089
-6734.7207,-120.2885,39.4738
-6259.7207,-119.9218,39.5239
29355.244,-120.4549,38.57567
25825.244,-120.094,38.62627
30257.744,-120.5208,38.8577
26265.244,-120.1582,38.90858
23345.244,-119.795,38.9581
26452.744,-120.223,39.19109
23342.744,-119.8581,39.24089
25370.244,-120.2885,39.4738
23327.744,-119.9218,39.5239
18859.1,-120.4549,38.57567
17854.1,-120.094,38.62627
20656.6,-120.5208,38.8577
18849.1,-120.1582,38.90858
17980.35,-119.795,38.9581
21277.85,-120.223,39.19109
17777.85,-119.8581,39.24089
23625.35,-120.2885,39.4738
19230.35,-119.9218,39.5239
-8532.477,-120.4549,38.57567
-10322.477,-120.094,38.62627
-5007.4766,-120.5208,38.8577
-8279.977,-120.1582,38.90858
-10202.477,-119.795,38.9581
-6714.9766,-120.223,39.19109
-9962.477,-119.8581,39.24089
-7089.9766,-120.2885,39.4738
-9254.977,-119.9218,39.5239
-2992.7266,-120.4549,38.57567
-7681.4766,-120.094,38.62627
-363.97656,-120.5208,38.8577
-4797.7266,-120.1582,38.90858
-8008.9766,-119.795,38.9581
-2543.9766,-120.223,39.19109
-8513.977,-119.8581,39.24089
419.77344,-120.2885,39.4738
-7116.4766,-119.9218,39.5239
12187.535,-120.4549,38.57567
11287.535,-120.094,38.62627
14047.535,-120.5208,38.8577
11462.535,-120.1582,38.90858
9878.785,-119.795,38.9581
13015.035,-120.223,39.19109
10847.535,-119.8581,39.24089
15306.285,-120.2885,39.4738
10955.035,-119.9218,39.5239
26014.56,-120.4549,38.57567
28482.06,-120.094,38.62627
27095.81,-120.5208,38.8577
33627.06,-120.1582,38.90858
26874.56,-119.795,38.9581
31142.059,-120.223,39.19109
28768.31,-119.8581,39.24089
35269.56,-120.2885,39.4738
33493.31,-119.9218,39.5239
-8773.504,-120.4549,38.57567
-4691.004,-120.094,38.62627
-7816.004,-120.5208,38.8577
-5281.004,-120.1582,38.90858
-4503.504,-119.795,38.9581
-5548.504,-120.223,39.19109
-5031.004,-119.8581,39.24089
-5951.004,-120.2885,39.4738
-5306.004,-119.9218,39.5239
-27799.324,-120.4549,38.57567
-26591.824,-120.094,38.62627
-30319.324,-120.5208,38.8577
-28964.324,-120.1582,38.90858
-27621.824,-119.795,38.9581
-30294.324,-120.223,39.19109
-29064.324,-119.8581,39.24089
-30986.824,-120.2885,39.4738
-31781.824,-119.9218,39.5239
-21617.664,-120.4549,38.57567
-19070.164,-120.094,38.62627
-19642.664,-120.5208,38.8577
-17000.164,-120.1582,38.90858
-14730.164,-119.795,38.9581
-17007.664,-120.223,39.19109
-15327.664,-119.8581,39.24089
-17577.664,-120.2885,39.4738
-18225.164,-119.9218,39.5239
-4935.3555,-120.4549,38.57567
-4385.3555,-120.094,38.62627
-4210.3555,-120.5208,38.8577
-4632.8555,-120.1582,38.90858
-5155.3555,-119.795,38.9581
-5127.8555,-120.223,39.19109
-5390.3555,-119.8581,39.24089
-5272.8555,-120.2885,39.4738
-5505.3555,-119.9218,39.5239
-2134.963,-120.4549,38.57567
-1187.4629,-120.094,38.62627
-2282.463,-120.5208,38.8577
-2679.963,-120.1582,38.90858
-2764.963,-119.795,38.9581
-3452.463,-120.223,39.19109
-3279.963,-119.8581,39.24089
-3557.463,-120.2885,39.4738
-4144.963,-119.9218,39.5239
15902.91,-120.4549,38.57567
14035.41,-120.094,38.62627
18687.91,-120.5208,38.8577
16822.91,-120.1582,38.90858
12850.41,-119.795,38.9581
19045.41,-120.223,39.19109
15975.41,-119.8581,39.24089
21550.41,-120.2885,39.4738
18422.91,-119.9218,39.5239
26197.008,-120.4549,38.57567
22828.256,-120.094,38.62627
28282.008,-120.5208,38.8577
29309.508,-120.1582,38.90858
20405.756,-119.795,38.9581
23288.256,-120.223,39.19109
21838.256,-119.8581,39.24089
17328.256,-120.2885,39.4738
13953.256,-119.9218,39.5239
-7334.4785,-120.4549,38.57567
-6766.9785,-120.094,38.62627
-7945.7285,-120.5208,38.8577
-6729.4785,-120.1582,38.90858
-5894.4785,-119.795,38.9581
-7695.7285,-120.223,39.19109
-5978.2285,-119.8581,39.24089
-7045.7285,-120.2885,39.4738
-6444.4785,-119.9218,39.5239
-944.68066,-120.4549,38.57567
-519.68066,-120.094,38.62627
-362.18066,-120.5208,38.8577
-534.68066,-120.1582,38.90858
-697.18066,-119.795,38.9581
-662.18066,-120.223,39.19109
-729.68066,-119.8581,39.24089
-1599.6807,-120.2885,39.4738
-972.18066,-119.9218,39.5239
8091.922,-120.4549,38.57567
7914.422,-120.094,38.62627
8079.422,-120.5208,38.8577
8191.922,-120.1582,38.90858
6714.422,-119.795,38.9581
6236.922,-120.223,39.19109
5826.922,-119.8581,39.24089
5064.422,-120.2885,39.4738
4949.422,-119.9218,39.5239
8051.912,-120.4549,38.57567
6911.912,-120.094,38.62627
8224.412,-120.5208,38.8577
7726.912,-120.1582,38.90858
6621.912,-119.795,38.9581
8074.412,-120.223,39.19109
7601.912,-119.8581,39.24089
8734.412,-120.2885,39.4738
8631.912,-119.9218,39.5239
-578.709,-120.4549,38.57567
-1173.709,-120.094,38.62627
-453.70898,-120.5208,38.8577
-806.209,-120.1582,38.90858
-3028.709,-119.795,38.9581
-1698.709,-120.223,39.19109
-2541.209,-119.8581,39.24089
-1886.209,-120.2885,39.4738
-3381.209,-119.9218,39.5239
