pottmp,lon,lat
292.81793,-120.4549,38.57567
299.59137,-120.094,38.62627
293.02887,-120.5208,38.8577
299.08356,-120.1582,38.90858
299.94293,-119.795,38.9581
296.28668,-120.223,39.19109
299.40387,-119.8581,39.24089
298.81012,-120.2885,39.4738
295.56793,-119.9218,39.5239
288.50836,-120.4549,38.57567
295.49274,-120.094,38.62627
288.75836,-120.5208,38.8577
294.50055,-120.1582,38.90858
295.99274,-119.795,38.9581
292.06305,-120.223,39.19109
295.3443,-119.8581,39.24089
294.50055,-120.2885,39.4738
294.37555,-119.9218,39.5239
288.24115,-120.4549,38.57567
295.22552,-120.094,38.62627
288.7099,-120.5208,38.8577
294.4599,-120.1582,38.90858
294.67865,-119.795,38.9581
292.5302,-120.223,39.19109
294.48334,-119.8581,39.24089
294.62396,-120.2885,39.4738
294.10052,-119.9218,39.5239
291.1921,-120.4549,38.57567
299.4968,-120.094,38.62627
291.8093,-120.5208,38.8577
298.0593,-120.1582,38.90858
297.1218,-119.795,38.9581
295.4421,-120.223,39.19109
297.41086,-119.8581,39.24089
298.09836,-120.2885,39.4738
296.1921,-119.9218,39.5239
290.63028,-120.4549,38.57567
299.54434,-120.094,38.62627
292.04434,-120.5208,38.8577
297.62247,-120.1582,38.90858
295.09122,-119.795,38.9581
296.41934,-120.223,39.19109
294.93497,-119.8581,39.24089
297.43497,-120.2885,39.4738
292.54434,-119.9218,39.5239
291.82758,-120.4549,38.57567
299.55414,-120.094,38.62627
292.9135,-120.5208,38.8577
297.75726,-120.1582,38.90858
294.18695,-119.795,38.9581
296.36664,-120.223,39.19109
294.92133,-119.8581,39.24089
297.5932,-120.2885,39.4738
292.23383,-119.9218,39.5239
293.47223,-120.4549,38.57567
301.43317,-120.094,38.62627
293.58942,-120.5208,38.8577
300.35504,-120.1582,38.90858
300.58942,-119.795,38.9581
296.78473,-120.223,39.19109
300.5738,-119.8581,39.24089
299.56598,-120.2885,39.4738
297.80035,-119.9218,39.5239
290.6959,-120.4549,38.57567
298.0709,-120.094,38.62627
290.6959,-120.5208,38.8577
296.62558,-120.1582,38.90858
296.8287,-119.795,38.9581
293.91464,-120.223,39.19109
296.29745,-119.8581,39.24089
296.47714,-120.2885,39.4738
295.39902,-119.9218,39.5239
289.97998,-120.4549,38.57567
296.35498,-120.094,38.62627
290.33936,-120.5208,38.8577
295.4956,-120.1582,38.90858
296.69092,-119.795,38.9581
293.37842,-120.223,39.19109
296.31592,-119.8581,39.24089
295.4253,-120.2885,39.4738
294.69873,-119.9218,39.5239
286.7738,-120.4549,38.57567
293.8129,-120.094,38.62627
287.5238,-120.5208,38.8577
292.64883,-120.1582,38.90858
293.26602,-119.795,38.9581
290.72693,-120.223,39.19109
292.8207,-119.8581,39.24089
292.38318,-120.2885,39.4738
292.36755,-119.9218,39.5239
285.532,-120.4549,38.57567
290.94608,-120.094,38.62627
285.91483,-120.5208,38.8577
290.1492,-120.1582,38.90858
289.1414,-119.795,38.9581
288.5867,-120.223,39.19109
289.3992,-119.8581,39.24089
289.87576,-120.2885,39.4738
289.50858,-119.9218,39.5239
283.68512,-120.4549,38.57567
288.47418,-120.094,38.62627
284.46637,-120.5208,38.8577
287.74762,-120.1582,38.90858
287.02887,-119.795,38.9581
286.15387,-120.223,39.19109
286.88043,-119.8581,39.24089
287.32574,-120.2885,39.4738
286.09918,-119.9218,39.5239
283.12326,-120.4549,38.57567
288.8889,-120.094,38.62627
283.94357,-120.5208,38.8577
287.04514,-120.1582,38.90858
285.12326,-119.795,38.9581
286.0139,-120.223,39.19109
285.25607,-119.8581,39.24089
286.6467,-120.2885,39.4738
285.67014,-119.9218,39.5239
287.52728,-120.4549,38.57567
294.67572,-120.094,38.62627
288.80072,-120.5208,38.8577
292.21478,-120.1582,38.90858
287.74603,-119.795,38.9581
291.87103,-120.223,39.19109
287.43353,-119.8581,39.24089
291.51166,-120.2885,39.4738
285.90228,-119.9218,39.5239
288.29633,-120.4549,38.57567
293.67133,-120.094,38.62627
289.18695,-120.5208,38.8577
291.04633,-120.1582,38.90858
288.51508,-119.795,38.9581
290.93695,-120.223,39.19109
288.2807,-119.8581,39.24089
290.5385,-120.2885,39.4738
286.38226,-119.9218,39.5239
287.75916,-120.4549,38.57567
294.6654,-120.094,38.62627
289.00134,-120.5208,38.8577
291.82947,-120.1582,38.90858
287.7201,-119.795,38.9581
291.88416,-120.223,39.19109
287.8529,-119.8581,39.24089
291.6576,-120.2885,39.4738
285.86853,-119.9218,39.5239
287.2697,-120.4549,38.57567
295.80878,-120.094,38.62627
289.4572,-120.5208,38.8577
293.6916,-120.1582,38.90858
289.62128,-119.795,38.9581
292.21503,-120.223,39.19109
290.1916,-119.8581,39.24089
293.6291,-120.2885,39.4738
287.17596,-119.9218,39.5239
287.17505,-120.4549,38.57567
297.37817,-120.094,38.62627
289.386,-120.5208,38.8577
295.6516,-120.1582,38.90858
291.4641,-119.795,38.9581
292.29224,-120.223,39.19109
292.17505,-119.8581,39.24089
295.0813,-120.2885,39.4738
288.99536,-119.9218,39.5239
287.73532,-120.4549,38.57567
299.89938,-120.094,38.62627
289.94626,-120.5208,38.8577
297.82907,-120.1582,38.90858
292.11032,-119.795,38.9581
293.93063,-120.223,39.19109
292.81345,-119.8581,39.24089
296.98532,-120.2885,39.4738
288.29,-119.9218,39.5239
287.73148,-120.4549,38.57567
297.73148,-120.094,38.62627
288.46585,-120.5208,38.8577
296.47366,-120.1582,38.90858
294.1299,-119.795,38.9581
292.41116,-120.223,39.19109
294.27054,-119.8581,39.24089
295.5674,-120.2885,39.4738
289.6299,-119.9218,39.5239
287.12854,-120.4549,38.57567
296.9176,-120.094,38.62627
288.82385,-120.5208,38.8577
294.26917,-120.1582,38.90858
289.6129,-119.795,38.9581
293.12073,-120.223,39.19109
290.2223,-119.8581,39.24089
293.90198,-120.2885,39.4738
288.2379,-119.9218,39.5239
288.1219,-120.4549,38.57567
297.54376,-120.094,38.62627
290.075,-120.5208,38.8577
295.4344,-120.1582,38.90858
293.16876,-119.795,38.9581
293.3719,-120.223,39.19109
292.96564,-119.8581,39.24089
294.11407,-120.2885,39.4738
290.27814,-119.9218,39.5239
289.8123,-120.4549,38.57567
298.81232,-120.094,38.62627
292.42947,-120.5208,38.8577
296.65607,-120.1582,38.90858
290.59354,-119.795,38.9581
295.28107,-120.223,39.19109
291.17947,-119.8581,39.24089
296.19513,-120.2885,39.4738
288.16385,-119.9218,39.5239
291.72906,-120.4549,38.57567
300.46344,-120.094,38.62627
293.315,-120.5208,38.8577
299.8775,-120.1582,38.90858
296.47906,-119.795,38.9581
296.61188,-120.223,39.19109
297.04938,-119.8581,39.24089
299.33063,-120.2885,39.4738
293.29156,-119.9218,39.5239
289.58365,-120.4549,38.57567
296.52115,-120.094,38.62627
290.59927,-120.5208,38.8577
295.6149,-120.1582,38.90858
295.4352,-119.795,38.9581
293.14615,-120.223,39.19109
295.6071,-119.8581,39.24089
295.26334,-120.2885,39.4738
294.70865,-119.9218,39.5239
290.7606,-120.4549,38.57567
298.82312,-120.094,38.62627
291.74496,-120.5208,38.8577
297.82312,-120.1582,38.90858
297.6825,-119.795,38.9581
294.54187,-120.223,39.19109
298.04187,-119.8581,39.24089
297.34656,-120.2885,39.4738
295.98718,-119.9218,39.5239
287.3461,-120.4549,38.57567
294.8539,-120.094,38.62627
288.61172,-120.5208,38.8577
294.01797,-120.1582,38.90858
294.63516,-119.795,38.9581
291.87735,-120.223,39.19109
294.42422,-119.8581,39.24089
293.9164,-120.2885,39.4738
294.38516,-119.9218,39.5239
286.2471,-120.4549,38.57567
295.77054,-120.094,38.62627
287.41898,-120.5208,38.8577
293.88773,-120.1582,38.90858
292.91116,-119.795,38.9581
289.73148,-120.223,39.19109
293.46585,-119.8581,39.24089
292.9268,-120.2885,39.4738
291.47366,-119.9218,39.5239
287.81183,-120.4549,38.57567
300.56183,-120.094,38.62627
289.70245,-120.5208,38.8577
297.68683,-120.1582,38.90858
295.03058,-119.795,38.9581
293.64777,-120.223,39.19109
295.21027,-119.8581,39.24089
296.58527,-120.2885,39.4738
292.86652,-119.9218,39.5239
289.60577,-120.4549,38.57567
303.44952,-120.094,38.62627
292.3011,-120.5208,38.8577
301.8011,-120.1582,38.90858
297.54327,-119.795,38.9581
297.46515,-120.223,39.19109
298.33234,-119.8581,39.24089
300.8167,-120.2885,39.4738
295.0042,-119.9218,39.5239
287.89355,-120.4549,38.57567
298.07324,-120.094,38.62627
289.09668,-120.5208,38.8577
296.77637,-120.1582,38.90858
296.15137,-119.795,38.9581
293.2373,-120.223,39.19109
296.3545,-119.8581,39.24089
296.14355,-120.2885,39.4738
294.06543,-119.9218,39.5239
288.59064,-120.4549,38.57567
298.0047,-120.094,38.62627
290.45,-120.5208,38.8577
295.84845,-120.1582,38.90858
292.575,-119.795,38.9581
294.27032,-120.223,39.19109
292.52032,-119.8581,39.24089
295.42657,-120.2885,39.4738
290.45,-119.9218,39.5239
288.9516,-120.4549,38.57567
297.10004,-120.094,38.62627
289.68597,-120.5208,38.8577
296.1938,-120.1582,38.90858
293.59222,-119.795,38.9581
293.3344,-120.223,39.19109
293.99847,-119.8581,39.24089
295.4516,-120.2885,39.4738
291.31097,-119.9218,39.5239
288.22546,-120.4549,38.57567
296.06137,-120.094,38.62627
287.9364,-120.5208,38.8577
294.952,-120.1582,38.90858
293.81918,-119.795,38.9581
292.4442,-120.223,39.19109
293.63168,-119.8581,39.24089
294.55356,-120.2885,39.4738
291.92078,-119.9218,39.5239
285.74466,-120.4549,38.57567
292.63528,-120.094,38.62627
286.84622,-120.5208,38.8577
291.9634,-120.1582,38.90858
291.76028,-119.795,38.9581
290.51028,-120.223,39.19109
291.72122,-119.8581,39.24089
291.9009,-120.2885,39.4738
290.97903,-119.9218,39.5239
286.83636,-120.4549,38.57567
293.72696,-120.094,38.62627
288.9926,-120.5208,38.8577
291.9848,-120.1582,38.90858
288.26605,-119.795,38.9581
290.83636,-120.223,39.19109
288.69574,-119.8581,39.24089
291.57074,-120.2885,39.4738
287.8598,-119.9218,39.5239
284.9946,-120.4549,38.57567
290.8071,-120.094,38.62627
286.82272,-120.5208,38.8577
289.5571,-120.1582,38.90858
287.26804,-119.795,38.9581
288.26804,-120.223,39.19109
287.28366,-119.8581,39.24089
288.6821,-120.2885,39.4738
285.4243,-119.9218,39.5239
283.24948,-120.4549,38.57567
285.1323,-120.094,38.62627
284.24167,-120.5208,38.8577
284.0776,-120.1582,38.90858
282.7651,-119.795,38.9581
284.3276,-120.223,39.19109
283.03073,-119.8581,39.24089
284.03854,-120.2885,39.4738
282.91354,-119.9218,39.5239
286.01224,-120.4549,38.57567
292.56693,-120.094,38.62627
288.16068,-120.5208,38.8577
290.31693,-120.1582,38.90858
284.09036,-119.795,38.9581
290.16068,-120.223,39.19109
285.38724,-119.8581,39.24089
290.27005,-120.2885,39.4738
284.41068,-119.9218,39.5239
289.18427,-120.4549,38.57567
298.66864,-120.094,38.62627
292.1374,-120.5208,38.8577
297.6452,-120.1582,38.90858
293.7702,-119.795,38.9581
295.6452,-120.223,39.19109
294.79364,-119.8581,39.24089
296.92645,-120.2885,39.4738
292.2077,-119.9218,39.5239
285.90338,-120.4549,38.57567
290.12213,-120.094,38.62627
287.00494,-120.5208,38.8577
288.55963,-120.1582,38.90858
287.86432,-119.795,38.9581
287.83307,-120.223,39.19109
287.30182,-119.8581,39.24089
287.33307,-120.2885,39.4738
286.15338,-119.9218,39.5239
283.88684,-120.4549,38.57567
285.66028,-120.094,38.62627
284.4806,-120.5208,38.8577
283.21497,-120.1582,38.90858
280.08997,-119.795,38.9581
284.07434,-120.223,39.19109
281.77747,-119.8581,39.24089
283.09778,-120.2885,39.4738
281.41028,-119.9218,39.5239
284.39722,-120.4549,38.57567
293.78003,-120.094,38.62627
287.71753,-120.5208,38.8577
290.3269,-120.1582,38.90858
283.6316,-119.795,38.9581
290.87378,-120.223,39.19109
284.81128,-119.8581,39.24089
290.10815,-120.2885,39.4738
282.34253,-119.9218,39.5239
285.25214,-120.4549,38.57567
299.7053,-120.094,38.62627
287.8615,-120.5208,38.8577
297.00217,-120.1582,38.90858
290.58807,-119.795,38.9581
295.1428,-120.223,39.19109
291.75214,-119.8581,39.24089
297.22092,-120.2885,39.4738
287.3537,-119.9218,39.5239
288.50052,-120.4549,38.57567
300.2349,-120.094,38.62627
290.41458,-120.5208,38.8577
299.25833,-120.1582,38.90858
295.32083,-119.795,38.9581
295.35208,-120.223,39.19109
296.21146,-119.8581,39.24089
298.89896,-120.2885,39.4738
292.1724,-119.9218,39.5239
289.3407,-120.4549,38.57567
297.60632,-120.094,38.62627
289.95007,-120.5208,38.8577
297.00476,-120.1582,38.90858
295.85632,-119.795,38.9581
293.5829,-120.223,39.19109
296.3954,-119.8581,39.24089
296.62976,-120.2885,39.4738
293.6532,-119.9218,39.5239
285.95117,-120.4549,38.57567
291.39648,-120.094,38.62627
286.2793,-120.5208,38.8577
290.77148,-120.1582,38.90858
291.1543,-119.795,38.9581
288.69336,-120.223,39.19109
291.1543,-119.8581,39.24089
290.58398,-120.2885,39.4738
290.81836,-119.9218,39.5239
286.1235,-120.4549,38.57567
294.29538,-120.094,38.62627
286.82663,-120.5208,38.8577
293.03757,-120.1582,38.90858
293.10788,-119.795,38.9581
290.39694,-120.223,39.19109
292.811,-119.8581,39.24089
293.02975,-120.2885,39.4738
291.20163,-119.9218,39.5239
288.86987,-120.4549,38.57567
299.0652,-120.094,38.62627
289.73706,-120.5208,38.8577
297.28394,-120.1582,38.90858
296.0027,-119.795,38.9581
293.41675,-120.223,39.19109
295.99487,-119.8581,39.24089
296.573,-120.2885,39.4738
293.33862,-119.9218,39.5239
288.3073,-120.4549,38.57567
296.45575,-120.094,38.62627
289.112,-120.5208,38.8577
295.58075,-120.1582,38.90858
296.9948,-119.795,38.9581
292.6198,-120.223,39.19109
296.47137,-119.8581,39.24089
295.4323,-120.2885,39.4738
295.90887,-119.9218,39.5239
287.13956,-120.4549,38.57567
294.17865,-120.094,38.62627
287.6708,-120.5208,38.8577
293.29584,-120.1582,38.90858
293.6396,-119.795,38.9581
290.71768,-120.223,39.19109
293.7646,-119.8581,39.24089
293.00677,-120.2885,39.4738
292.8583,-119.9218,39.5239
289.32272,-120.4549,38.57567
298.3852,-120.094,38.62627
290.6743,-120.5208,38.8577
297.2602,-120.1582,38.90858
294.91644,-119.795,38.9581
293.30707,-120.223,39.19109
295.53363,-119.8581,39.24089
296.93988,-120.2885,39.4738
293.86957,-119.9218,39.5239
289.5628,-120.4549,38.57567
295.98468,-120.094,38.62627
291.47687,-120.5208,38.8577
294.60968,-120.1582,38.90858
292.25812,-119.795,38.9581
292.95343,-120.223,39.19109
292.70343,-119.8581,39.24089
294.59406,-120.2885,39.4738
291.26593,-119.9218,39.5239
287.6593,-120.4549,38.57567
295.33896,-120.094,38.62627
289.7921,-120.5208,38.8577
293.03427,-120.1582,38.90858
290.44055,-119.795,38.9581
291.61243,-120.223,39.19109
291.1515,-119.8581,39.24089
293.01865,-120.2885,39.4738
289.12024,-119.9218,39.5239
288.79346,-120.4549,38.57567
292.52002,-120.094,38.62627
290.34814,-120.5208,38.8577
290.78564,-120.1582,38.90858
288.30908,-119.795,38.9581
290.8169,-120.223,39.19109
288.89502,-119.8581,39.24089
290.30908,-120.2885,39.4738
287.04346,-119.9218,39.5239
287.21014,-120.4549,38.57567
292.21796,-120.094,38.62627
288.66327,-120.5208,38.8577
291.22577,-120.1582,38.90858
290.02264,-119.795,38.9581
290.38202,-120.223,39.19109
290.4289,-119.8581,39.24089
291.03827,-120.2885,39.4738
289.1867,-119.9218,39.5239
288.08328,-120.4549,38.57567
295.11453,-120.094,38.62627
289.06766,-120.5208,38.8577
293.7786,-120.1582,38.90858
293.54422,-119.795,38.9581
292.06766,-120.223,39.19109
293.0911,-119.8581,39.24089
293.9036,-120.2885,39.4738
291.99734,-119.9218,39.5239
288.86288,-120.4549,38.57567
296.0348,-120.094,38.62627
289.67538,-120.5208,38.8577
294.99573,-120.1582,38.90858
296.07385,-119.795,38.9581
292.23788,-120.223,39.19109
295.24573,-119.8581,39.24089
294.7223,-120.2885,39.4738
294.37854,-119.9218,39.5239
286.44955,-120.4549,38.57567
292.76987,-120.094,38.62627
287.2855,-120.5208,38.8577
291.08237,-120.1582,38.90858
290.80112,-119.795,38.9581
288.87924,-120.223,39.19109
290.7933,-119.8581,39.24089
290.848,-120.2885,39.4738
289.86362,-119.9218,39.5239
287.98117,-120.4549,38.57567
297.41867,-120.094,38.62627
289.41086,-120.5208,38.8577
295.8796,-120.1582,38.90858
294.02023,-119.795,38.9581
292.84055,-120.223,39.19109
294.33273,-119.8581,39.24089
295.23117,-120.2885,39.4738
293.21555,-119.9218,39.5239
289.27557,-120.4549,38.57567
298.25995,-120.094,38.62627
290.1584,-120.5208,38.8577
297.13495,-120.1582,38.90858
296.62714,-119.795,38.9581
294.0412,-120.223,39.19109
297.00214,-119.8581,39.24089
296.61932,-120.2885,39.4738
295.93964,-119.9218,39.5239
283.9286,-120.4549,38.57567
290.6161,-120.094,38.62627
284.39734,-120.5208,38.8577
289.7489,-120.1582,38.90858
290.8036,-119.795,38.9581
287.76453,-120.223,39.19109
290.45984,-119.8581,39.24089
289.8661,-120.2885,39.4738
289.47546,-119.9218,39.5239
284.21738,-120.4549,38.57567
289.9205,-120.094,38.62627
285.64706,-120.5208,38.8577
287.88144,-120.1582,38.90858
286.70175,-119.795,38.9581
287.52206,-120.223,39.19109
287.0533,-119.8581,39.24089
287.25644,-120.2885,39.4738
284.9908,-119.9218,39.5239
285.32104,-120.4549,38.57567
298.8601,-120.094,38.62627
288.00073,-120.5208,38.8577
296.2351,-120.1582,38.90858
291.80542,-119.795,38.9581
293.90698,-120.223,39.19109
292.49292,-119.8581,39.24089
295.2898,-120.2885,39.4738
288.3601,-119.9218,39.5239
289.6423,-120.4549,38.57567
297.30637,-120.094,38.62627
291.55637,-120.5208,38.8577
294.21262,-120.1582,38.90858
290.67355,-119.795,38.9581
293.9548,-120.223,39.19109
291.30637,-119.8581,39.24089
293.24387,-120.2885,39.4738
289.02512,-119.9218,39.5239
291.76547,-120.4549,38.57567
299.8358,-120.094,38.62627
293.99203,-120.5208,38.8577
296.73422,-120.1582,38.90858
290.1639,-119.795,38.9581
296.75766,-120.223,39.19109
291.62485,-119.8581,39.24089
296.3358,-120.2885,39.4738
288.9608,-119.9218,39.5239
295.27963,-120.4549,38.57567
300.31088,-120.094,38.62627
296.42807,-120.5208,38.8577
297.52182,-120.1582,38.90858
292.05307,-119.795,38.9581
297.93588,-120.223,39.19109
293.39682,-119.8581,39.24089
296.97495,-120.2885,39.4738
290.49838,-119.9218,39.5239
294.61917,-120.4549,38.57567
304.1426,-120.094,38.62627
296.18948,-120.5208,38.8577
301.22855,-120.1582,38.90858
294.90042,-119.795,38.9581
299.48636,-120.223,39.19109
296.16605,-119.8581,39.24089
300.68167,-120.2885,39.4738
291.27545,-119.9218,39.5239
296.96448,-120.4549,38.57567
303.57385,-120.094,38.62627
298.44104,-120.5208,38.8577
301.4176,-120.1582,38.90858
296.93323,-119.795,38.9581
300.7301,-120.223,39.19109
297.06604,-119.8581,39.24089
300.87854,-120.2885,39.4738
293.62073,-119.9218,39.5239
294.3097,-120.4549,38.57567
301.60657,-120.094,38.62627
295.88,-120.5208,38.8577
300.1222,-120.1582,38.90858
296.36438,-119.795,38.9581
299.46594,-120.223,39.19109
296.23938,-119.8581,39.24089
299.6847,-120.2885,39.4738
292.77063,-119.9218,39.5239
291.49808,-120.4549,38.57567
298.28714,-120.094,38.62627
292.81058,-120.5208,38.8577
297.7559,-120.1582,38.90858
294.1934,-119.795,38.9581
296.47464,-120.223,39.19109
295.15433,-119.8581,39.24089
297.79495,-120.2885,39.4738
293.1387,-119.9218,39.5239
291.67178,-120.4549,38.57567
298.79678,-120.094,38.62627
293.1796,-120.5208,38.8577
298.10147,-120.1582,38.90858
295.44522,-119.795,38.9581
297.15616,-120.223,39.19109
296.23428,-119.8581,39.24089
298.28897,-120.2885,39.4738
294.4296,-119.9218,39.5239
289.8733,-120.4549,38.57567
298.60767,-120.094,38.62627
291.45142,-120.5208,38.8577
298.08423,-120.1582,38.90858
296.8811,-119.795,38.9581
295.34204,-120.223,39.19109
297.2561,-119.8581,39.24089
297.77173,-120.2885,39.4738
295.9358,-119.9218,39.5239
289.328,-120.4549,38.57567
297.2889,-120.094,38.62627
290.46863,-120.5208,38.8577
296.24985,-120.1582,38.90858
296.9764,-119.795,38.9581
293.95297,-120.223,39.19109
296.69516,-119.8581,39.24089
296.4139,-120.2885,39.4738
296.42172,-119.9218,39.5239
287.17816,-120.4549,38.57567
293.8891,-120.094,38.62627
288.4438,-120.5208,38.8577
293.02972,-120.1582,38.90858
293.54535,-119.795,38.9581
291.23285,-120.223,39.19109
293.8969,-119.8581,39.24089
293.11566,-120.2885,39.4738
293.81097,-119.9218,39.5239
285.72256,-120.4549,38.57567
291.8788,-120.094,38.62627
286.72256,-120.5208,38.8577
291.04288,-120.1582,38.90858
291.7382,-119.795,38.9581
289.0663,-120.223,39.19109
291.44913,-119.8581,39.24089
291.01944,-120.2885,39.4738
291.33194,-119.9218,39.5239
281.00745,-120.4549,38.57567
286.28088,-120.094,38.62627
281.03088,-120.5208,38.8577
285.44495,-120.1582,38.90858
286.46057,-119.795,38.9581
283.17932,-120.223,39.19109
285.90588,-119.8581,39.24089
285.08557,-120.2885,39.4738
284.81213,-119.9218,39.5239
279.21796,-120.4549,38.57567
284.03827,-120.094,38.62627
280.15546,-120.5208,38.8577
283.60077,-120.1582,38.90858
283.03046,-119.795,38.9581
282.15546,-120.223,39.19109
283.35858,-119.8581,39.24089
283.53046,-120.2885,39.4738
282.48358,-119.9218,39.5239
280.35327,-120.4549,38.57567
288.6814,-120.094,38.62627
281.90796,-120.5208,38.8577
286.83765,-120.1582,38.90858
283.39233,-119.795,38.9581
285.5642,-120.223,39.19109
283.76733,-119.8581,39.24089
286.02515,-120.2885,39.4738
282.86108,-119.9218,39.5239
282.4451,-120.4549,38.57567
289.24197,-120.094,38.62627
283.46854,-120.5208,38.8577
288.5154,-120.1582,38.90858
286.67166,-119.795,38.9581
286.55447,-120.223,39.19109
286.92947,-119.8581,39.24089
287.92947,-120.2885,39.4738
284.74197,-119.9218,39.5239
283.2373,-120.4549,38.57567
289.15137,-120.094,38.62627
284.02637,-120.5208,38.8577
288.7295,-120.1582,38.90858
287.82324,-119.795,38.9581
286.81543,-120.223,39.19109
288.03418,-119.8581,39.24089
288.47168,-120.2885,39.4738
287.33105,-119.9218,39.5239
282.6565,-120.4549,38.57567
288.4143,-120.094,38.62627
283.0315,-120.5208,38.8577
287.4768,-120.1582,38.90858
288.06274,-119.795,38.9581
285.52368,-120.223,39.19109
287.594,-119.8581,39.24089
287.2815,-120.2885,39.4738
286.25024,-119.9218,39.5239
280.5038,-120.4549,38.57567
286.45694,-120.094,38.62627
281.3163,-120.5208,38.8577
285.0663,-120.1582,38.90858
283.27725,-119.795,38.9581
282.2538,-120.223,39.19109
283.40225,-119.8581,39.24089
284.26163,-120.2885,39.4738
281.76944,-119.9218,39.5239
283.51828,-120.4549,38.57567
292.64328,-120.094,38.62627
284.43234,-120.5208,38.8577
291.4714,-120.1582,38.90858
289.82297,-119.795,38.9581
286.92453,-120.223,39.19109
289.9714,-119.8581,39.24089
290.29172,-120.2885,39.4738
287.25266,-119.9218,39.5239
287.64594,-120.4549,38.57567
296.41937,-120.094,38.62627
288.81,-120.5208,38.8577
295.70062,-120.1582,38.90858
295.52875,-119.795,38.9581
292.95844,-120.223,39.19109
294.96625,-119.8581,39.24089
295.38812,-120.2885,39.4738
292.63812,-119.9218,39.5239
290.19897,-120.4549,38.57567
298.98804,-120.094,38.62627
291.38647,-120.5208,38.8577
298.0818,-120.1582,38.90858
298.4724,-119.795,38.9581
295.44116,-120.223,39.19109
298.23022,-119.8581,39.24089
298.3318,-120.2885,39.4738
294.86304,-119.9218,39.5239
284.63528,-120.4549,38.57567
290.35403,-120.094,38.62627
285.07278,-120.5208,38.8577
289.3306,-120.1582,38.90858
290.72903,-119.795,38.9581
287.1431,-120.223,39.19109
290.11185,-119.8581,39.24089
289.0181,-120.2885,39.4738
289.40872,-119.9218,39.5239
282.48727,-120.4549,38.57567
287.6357,-120.094,38.62627
282.66696,-120.5208,38.8577
286.9482,-120.1582,38.90858
286.45602,-119.795,38.9581
284.89352,-120.223,39.19109
286.4326,-119.8581,39.24089
286.84665,-120.2885,39.4738
285.17477,-119.9218,39.5239
281.53702,-120.4549,38.57567
286.69327,-120.094,38.62627
281.74014,-120.5208,38.8577
285.87296,-120.1582,38.90858
285.38858,-119.795,38.9581
284.42764,-120.223,39.19109
285.06827,-119.8581,39.24089
285.57608,-120.2885,39.4738
283.7792,-119.9218,39.5239
281.15384,-120.4549,38.57567
284.48978,-120.094,38.62627
281.46634,-120.5208,38.8577
283.77884,-120.1582,38.90858
283.45853,-119.795,38.9581
283.16946,-120.223,39.19109
283.02884,-119.8581,39.24089
283.42728,-120.2885,39.4738
281.8726,-119.9218,39.5239
281.21405,-120.4549,38.57567
286.08905,-120.094,38.62627
282.2531,-120.5208,38.8577
284.01093,-120.1582,38.90858
281.15936,-119.795,38.9581
283.83905,-120.223,39.19109
281.4406,-119.8581,39.24089
283.34686,-120.2885,39.4738
281.08905,-119.9218,39.5239
283.2865,-120.4549,38.57567
290.14587,-120.094,38.62627
284.62244,-120.5208,38.8577
289.1615,-120.1582,38.90858
287.99744,-119.795,38.9581
287.63806,-120.223,39.19109
288.07556,-119.8581,39.24089
288.77087,-120.2885,39.4738
285.93494,-119.9218,39.5239
283.55515,-120.4549,38.57567
286.18796,-120.094,38.62627
284.25827,-120.5208,38.8577
285.5239,-120.1582,38.90858
285.19577,-119.795,38.9581
285.16452,-120.223,39.19109
284.89108,-119.8581,39.24089
285.1567,-120.2885,39.4738
284.10983,-119.9218,39.5239
282.02744,-120.4549,38.57567
285.1368,-120.094,38.62627
282.96494,-120.5208,38.8577
283.78525,-120.1582,38.90858
281.6915,-119.795,38.9581
283.5665,-120.223,39.19109
281.8712,-119.8581,39.24089
283.4415,-120.2885,39.4738
281.70712,-119.9218,39.5239
282.03647,-120.4549,38.57567
289.91928,-120.094,38.62627
283.83334,-120.5208,38.8577
288.5521,-120.1582,38.90858
285.47397,-119.795,38.9581
286.76303,-120.223,39.19109
285.94272,-119.8581,39.24089
288.44272,-120.2885,39.4738
284.32553,-119.9218,39.5239
284.83383,-120.4549,38.57567
291.45883,-120.094,38.62627
285.60727,-120.5208,38.8577
290.27133,-120.1582,38.90858
289.77133,-119.795,38.9581
287.9979,-120.223,39.19109
289.77914,-119.8581,39.24089
289.5682,-120.2885,39.4738
288.49008,-119.9218,39.5239
286.24246,-120.4549,38.57567
293.85965,-120.094,38.62627
287.34402,-120.5208,38.8577
292.56277,-120.1582,38.90858
292.55496,-119.795,38.9581
289.72684,-120.223,39.19109
292.31277,-119.8581,39.24089
291.60965,-120.2885,39.4738
291.66434,-119.9218,39.5239
287.56894,-120.4549,38.57567
294.38144,-120.094,38.62627
288.01425,-120.5208,38.8577
293.90488,-120.1582,38.90858
294.09238,-119.795,38.9581
292.09238,-120.223,39.19109
294.1627,-119.8581,39.24089
293.8658,-120.2885,39.4738
294.3502,-119.9218,39.5239
288.16803,-120.4549,38.57567
295.7071,-120.094,38.62627
289.22272,-120.5208,38.8577
294.8321,-120.1582,38.90858
295.0821,-119.795,38.9581
292.7149,-120.223,39.19109
294.93365,-119.8581,39.24089
294.7071,-120.2885,39.4738
294.66022,-119.9218,39.5239
286.42908,-120.4549,38.57567
294.8119,-120.094,38.62627
287.73376,-120.5208,38.8577
293.96814,-120.1582,38.90858
295.0775,-119.795,38.9581
291.22595,-120.223,39.19109
294.71814,-119.8581,39.24089
293.97595,-120.2885,39.4738
294.0072,-119.9218,39.5239
285.86066,-120.4549,38.57567
294.3294,-120.094,38.62627
287.08722,-120.5208,38.8577
292.74347,-120.1582,38.90858
292.97784,-119.795,38.9581
289.97784,-120.223,39.19109
293.12628,-119.8581,39.24089
292.22003,-120.2885,39.4738
291.58722,-119.9218,39.5239
287.73257,-120.4549,38.57567
295.71695,-120.094,38.62627
289.27164,-120.5208,38.8577
293.881,-120.1582,38.90858
293.51382,-119.795,38.9581
292.3185,-120.223,39.19109
293.4357,-119.8581,39.24089
293.4982,-120.2885,39.4738
292.3732,-119.9218,39.5239
286.0386,-120.4549,38.57567
295.39798,-120.094,38.62627
287.1636,-120.5208,38.8577
294.0386,-120.1582,38.90858
294.11673,-119.795,38.9581
291.62454,-120.223,39.19109
294.1011,-119.8581,39.24089
294.01517,-120.2885,39.4738
292.39017,-119.9218,39.5239
285.0289,-120.4549,38.57567
294.0211,-120.094,38.62627
286.4117,-120.5208,38.8577
292.6617,-120.1582,38.90858
293.3492,-119.795,38.9581
290.2789,-120.223,39.19109
293.23984,-119.8581,39.24089
292.6617,-120.2885,39.4738
292.5836,-119.9218,39.5239
286.9922,-120.4549,38.57567
295.7422,-120.094,38.62627
288.4922,-120.5208,38.8577
294.2422,-120.1582,38.90858
293.85938,-119.795,38.9581
291.58594,-120.223,39.19109
294.0,-119.8581,39.24089
293.8203,-120.2885,39.4738
292.82812,-119.9218,39.5239
288.0063,-120.4549,38.57567
296.1938,-120.094,38.62627
288.7719,-120.5208,38.8577
295.1313,-120.1582,38.90858
295.73285,-119.795,38.9581
292.84222,-120.223,39.19109
295.5063,-119.8581,39.24089
294.8969,-120.2885,39.4738
294.5688,-119.9218,39.5239
285.9108,-120.4549,38.57567
293.2936,-120.094,38.62627
286.4811,-120.5208,38.8577
292.57486,-120.1582,38.90858
293.12173,-119.795,38.9581
290.37955,-120.223,39.19109
293.30142,-119.8581,39.24089
292.68423,-120.2885,39.4738
293.2936,-119.9218,39.5239
283.67773,-120.4549,38.57567
290.73242,-120.094,38.62627
284.70898,-120.5208,38.8577
289.99805,-120.1582,38.90858
291.64648,-119.795,38.9581
287.77148,-120.223,39.19109
291.14648,-119.8581,39.24089
290.05273,-120.2885,39.4738
290.2246,-119.9218,39.5239
283.6209,-120.4549,38.57567
287.8709,-120.094,38.62627
284.22247,-120.5208,38.8577
287.20685,-120.1582,38.90858
286.94122,-119.795,38.9581
285.83185,-120.223,39.19109
287.76935,-119.8581,39.24089
287.1834,-120.2885,39.4738
287.3553,-119.9218,39.5239
284.29538,-120.4549,38.57567
289.1157,-120.094,38.62627
285.26413,-120.5208,38.8577
288.686,-120.1582,38.90858
289.28757,-119.795,38.9581
287.22507,-120.223,39.19109
289.44382,-119.8581,39.24089
288.70163,-120.2885,39.4738
288.4985,-119.9218,39.5239
285.0463,-120.4549,38.57567
290.46036,-120.094,38.62627
287.2338,-120.5208,38.8577
289.68692,-120.1582,38.90858
288.90567,-119.795,38.9581
289.39786,-120.223,39.19109
289.8666,-119.8581,39.24089
289.81192,-120.2885,39.4738
288.83536,-119.9218,39.5239
287.3437,-120.4549,38.57567
294.4843,-120.094,38.62627
289.83588,-120.5208,38.8577
293.1093,-120.1582,38.90858
291.2343,-119.795,38.9581
291.914,-120.223,39.19109
292.4687,-119.8581,39.24089
293.05463,-120.2885,39.4738
291.7812,-119.9218,39.5239
284.64572,-120.4549,38.57567
288.18478,-120.094,38.62627
285.59103,-120.5208,38.8577
287.08322,-120.1582,38.90858
287.05197,-119.795,38.9581
286.3254,-120.223,39.19109
286.8879,-119.8581,39.24089
286.40353,-120.2885,39.4738
285.93478,-119.9218,39.5239
285.9166,-120.4549,38.57567
290.18222,-120.094,38.62627
287.72128,-120.5208,38.8577
287.9166,-120.1582,38.90858
285.56503,-119.795,38.9581
288.26035,-120.223,39.19109
287.18222,-119.8581,39.24089
287.31503,-120.2885,39.4738
286.09628,-119.9218,39.5239
286.42606,-120.4549,38.57567
295.75415,-120.094,38.62627
290.18387,-120.5208,38.8577
292.80887,-120.1582,38.90858
288.762,-119.795,38.9581
292.75418,-120.223,39.19109
290.85574,-119.8581,39.24089
292.56668,-120.2885,39.4738
289.262,-119.9218,39.5239
287.99808,-120.4549,38.57567
298.27936,-120.094,38.62627
291.66214,-120.5208,38.8577
296.44342,-120.1582,38.90858
291.40433,-119.795,38.9581
295.51373,-120.223,39.19109
293.34964,-119.8581,39.24089
295.60748,-120.2885,39.4738
291.02933,-119.9218,39.5239
291.55484,-120.4549,38.57567
299.64078,-120.094,38.62627
293.6642,-120.5208,38.8577
298.9767,-120.1582,38.90858
294.67203,-119.795,38.9581
297.7111,-120.223,39.19109
296.01578,-119.8581,39.24089
298.85953,-120.2885,39.4738
294.67203,-119.9218,39.5239
294.76474,-120.4549,38.57567
298.47568,-120.094,38.62627
295.4835,-120.5208,38.8577
298.9913,-120.1582,38.90858
297.296,-119.795,38.9581
297.56943,-120.223,39.19109
298.8116,-119.8581,39.24089
299.4913,-120.2885,39.4738
297.1241,-119.9218,39.5239
296.14258,-120.4549,38.57567
299.3379,-120.094,38.62627
296.75977,-120.5208,38.8577
299.58008,-120.1582,38.90858
298.14258,-119.795,38.9581
298.43945,-120.223,39.19109
299.4082,-119.8581,39.24089
299.74414,-120.2885,39.4738
298.54102,-119.9218,39.5239
291.4608,-120.4549,38.57567
296.49203,-120.094,38.62627
291.89047,-120.5208,38.8577
297.24985,-120.1582,38.90858
297.44516,-119.795,38.9581
294.74985,-120.223,39.19109
297.85922,-119.8581,39.24089
297.30453,-120.2885,39.4738
297.42172,-119.9218,39.5239
287.7549,-120.4549,38.57567
292.4971,-120.094,38.62627
287.97366,-120.5208,38.8577
292.46585,-120.1582,38.90858
293.23145,-119.795,38.9581
290.63773,-120.223,39.19109
293.09863,-119.8581,39.24089
292.47366,-120.2885,39.4738
292.34866,-119.9218,39.5239
288.37363,-120.4549,38.57567
292.9361,-120.094,38.62627
288.7408,-120.5208,38.8577
292.8111,-120.1582,38.90858
292.59238,-119.795,38.9581
290.5455,-120.223,39.19109
293.3111,-119.8581,39.24089
292.608,-120.2885,39.4738
292.15488,-119.9218,39.5239
285.9571,-120.4549,38.57567
293.44147,-120.094,38.62627
286.53522,-120.5208,38.8577
292.50397,-120.1582,38.90858
293.55865,-119.795,38.9581
290.69928,-120.223,39.19109
293.23834,-119.8581,39.24089
292.4571,-120.2885,39.4738
292.5196,-119.9218,39.5239
286.74747,-120.4549,38.57567
291.85684,-120.094,38.62627
286.85684,-120.5208,38.8577
290.59903,-120.1582,38.90858
289.50528,-119.795,38.9581
289.34122,-120.223,39.19109
290.03653,-119.8581,39.24089
290.74747,-120.2885,39.4738
289.77872,-119.9218,39.5239
290.88226,-120.4549,38.57567
297.49167,-120.094,38.62627
290.99164,-120.5208,38.8577
296.9526,-120.1582,38.90858
296.02292,-119.795,38.9581
293.8276,-120.223,39.19109
296.67917,-119.8581,39.24089
296.73386,-120.2885,39.4738
295.81198,-119.9218,39.5239
290.0367,-120.4549,38.57567
296.12265,-120.094,38.62627
290.23203,-120.5208,38.8577
295.86484,-120.1582,38.90858
297.06796,-119.795,38.9581
293.1461,-120.223,39.19109
297.0836,-119.8581,39.24089
295.5992,-120.2885,39.4738
296.75546,-119.9218,39.5239
291.18402,-120.4549,38.57567
296.0512,-120.094,38.62627
291.12933,-120.5208,38.8577
295.59027,-120.1582,38.90858
297.32465,-119.795,38.9581
293.07465,-120.223,39.19109
297.1059,-119.8581,39.24089
295.52777,-120.2885,39.4738
296.90277,-119.9218,39.5239
287.90463,-120.4549,38.57567
292.5765,-120.094,38.62627
287.6937,-120.5208,38.8577
291.8265,-120.1582,38.90858
293.46713,-119.795,38.9581
289.59213,-120.223,39.19109
292.92026,-119.8581,39.24089
291.37338,-120.2885,39.4738
292.03745,-119.9218,39.5239
286.04865,-120.4549,38.57567
290.86896,-120.094,38.62627
286.2674,-120.5208,38.8577
290.19708,-120.1582,38.90858
290.99396,-119.795,38.9581
288.10333,-120.223,39.19109
290.62677,-119.8581,39.24089
289.99396,-120.2885,39.4738
289.85333,-119.9218,39.5239
288.26758,-120.4549,38.57567
294.68945,-120.094,38.62627
288.85352,-120.5208,38.8577
293.2754,-120.1582,38.90858
293.42383,-119.795,38.9581
291.33008,-120.223,39.19109
293.07227,-119.8581,39.24089
292.73633,-120.2885,39.4738
292.16602,-119.9218,39.5239
292.7891,-120.4549,38.57567
297.6719,-120.094,38.62627
293.46097,-120.5208,38.8577
296.07034,-120.1582,38.90858
295.80472,-119.795,38.9581
294.99222,-120.223,39.19109
295.09378,-119.8581,39.24089
295.45316,-120.2885,39.4738
294.15628,-119.9218,39.5239
295.329,-120.4549,38.57567
300.61807,-120.094,38.62627
295.77432,-120.5208,38.8577
299.84464,-120.1582,38.90858
298.77432,-119.795,38.9581
297.8837,-120.223,39.19109
298.97745,-119.8581,39.24089
299.53214,-120.2885,39.4738
298.23526,-119.9218,39.5239
289.51172,-120.4549,38.57567
297.71484,-120.094,38.62627
290.2461,-120.5208,38.8577
296.89453,-120.1582,38.90858
298.13672,-119.795,38.9581
293.96484,-120.223,39.19109
297.48828,-119.8581,39.24089
296.63672,-120.2885,39.4738
295.72266,-119.9218,39.5239
289.71695,-120.4549,38.57567
296.3654,-120.094,38.62627
289.8654,-120.5208,38.8577
295.256,-120.1582,38.90858
296.29507,-119.795,38.9581
293.17007,-120.223,39.19109
295.58414,-119.8581,39.24089
295.0607,-120.2885,39.4738
294.71695,-119.9218,39.5239
291.57675,-120.4549,38.57567
298.358,-120.094,38.62627
291.96738,-120.5208,38.8577
297.76425,-120.1582,38.90858
299.4283,-119.795,38.9581
295.2955,-120.223,39.19109
298.63925,-119.8581,39.24089
297.38144,-120.2885,39.4738
297.3502,-119.9218,39.5239
290.14133,-120.4549,38.57567
295.36786,-120.094,38.62627
289.96945,-120.5208,38.8577
294.88348,-120.1582,38.90858
296.75067,-119.795,38.9581
292.46945,-120.223,39.19109
295.86005,-119.8581,39.24089
294.50067,-120.2885,39.4738
295.13348,-119.9218,39.5239
289.26263,-120.4549,38.57567
295.10635,-120.094,38.62627
289.01263,-120.5208,38.8577
294.11417,-120.1582,38.90858
294.72354,-119.795,38.9581
291.50482,-120.223,39.19109
294.16885,-119.8581,39.24089
293.62198,-120.2885,39.4738
293.42667,-119.9218,39.5239
292.05057,-120.4549,38.57567
299.36307,-120.094,38.62627
291.90994,-120.5208,38.8577
297.99588,-120.1582,38.90858
298.98026,-119.795,38.9581
294.7537,-120.223,39.19109
298.10526,-119.8581,39.24089
297.074,-120.2885,39.4738
296.8162,-119.9218,39.5239
295.4817,-120.4549,38.57567
301.9895,-120.094,38.62627
295.1692,-120.5208,38.8577
300.9348,-120.1582,38.90858
301.6145,-119.795,38.9581
297.7317,-120.223,39.19109
300.94263,-119.8581,39.24089
300.00513,-120.2885,39.4738
299.77075,-119.9218,39.5239
291.89246,-120.4549,38.57567
296.18933,-120.094,38.62627
291.93933,-120.5208,38.8577
295.68152,-120.1582,38.90858
297.43152,-119.795,38.9581
293.49402,-120.223,39.19109
296.39246,-119.8581,39.24089
295.05652,-120.2885,39.4738
294.58777,-119.9218,39.5239
289.40283,-120.4549,38.57567
292.16064,-120.094,38.62627
289.6372,-120.5208,38.8577
291.2622,-120.1582,38.90858
291.4419,-119.795,38.9581
290.61377,-120.223,39.19109
290.60596,-119.8581,39.24089
290.67627,-120.2885,39.4738
289.49658,-119.9218,39.5239
291.42218,-120.4549,38.57567
294.9925,-120.094,38.62627
291.78937,-120.5208,38.8577
294.54718,-120.1582,38.90858
293.39093,-119.795,38.9581
293.40656,-120.223,39.19109
293.42218,-119.8581,39.24089
293.66437,-120.2885,39.4738
292.32843,-119.9218,39.5239
290.5127,-120.4549,38.57567
293.43457,-120.094,38.62627
290.7627,-120.5208,38.8577
292.84082,-120.1582,38.90858
292.37207,-119.795,38.9581
292.1455,-120.223,39.19109
292.40332,-119.8581,39.24089
292.41895,-120.2885,39.4738
291.73145,-119.9218,39.5239
293.98032,-120.4549,38.57567
298.9022,-120.094,38.62627
294.5975,-120.5208,38.8577
298.18344,-120.1582,38.90858
295.9022,-119.795,38.9581
296.69907,-120.223,39.19109
297.25375,-119.8581,39.24089
297.87094,-120.2885,39.4738
296.06625,-119.9218,39.5239
295.28967,-120.4549,38.57567
301.3053,-120.094,38.62627
295.50842,-120.5208,38.8577
300.82092,-120.1582,38.90858
300.5553,-119.795,38.9581
298.03186,-120.223,39.19109
300.86,-119.8581,39.24089
300.1803,-120.2885,39.4738
299.2506,-119.9218,39.5239
292.68594,-120.4549,38.57567
298.9047,-120.094,38.62627
292.7875,-120.5208,38.8577
298.67032,-120.1582,38.90858
298.82657,-119.795,38.9581
295.99063,-120.223,39.19109
298.99844,-119.8581,39.24089
298.1,-120.2885,39.4738
297.74063,-119.9218,39.5239
287.4449,-120.4549,38.57567
295.23395,-120.094,38.62627
287.67145,-120.5208,38.8577
294.3824,-120.1582,38.90858
295.04645,-119.795,38.9581
291.55426,-120.223,39.19109
294.4527,-119.8581,39.24089
293.8277,-120.2885,39.4738
293.55426,-119.9218,39.5239
291.73047,-120.4549,38.57567
299.01172,-120.094,38.62627
292.97266,-120.5208,38.8577
298.84766,-120.1582,38.90858
296.1289,-119.795,38.9581
297.01172,-120.223,39.19109
297.91016,-119.8581,39.24089
298.63672,-120.2885,39.4738
296.6836,-119.9218,39.5239
297.36227,-120.4549,38.57567
304.41696,-120.094,38.62627
299.14352,-120.5208,38.8577
303.60446,-120.1582,38.90858
302.23727,-119.795,38.9581
302.67477,-120.223,39.19109
302.6357,-119.8581,39.24089
303.1826,-120.2885,39.4738
301.4482,-119.9218,39.5239
300.26703,-120.4549,38.57567
306.02484,-120.094,38.62627
301.00922,-120.5208,38.8577
306.4311,-120.1582,38.90858
305.7436,-119.795,38.9581
304.6889,-120.223,39.19109
306.53265,-119.8581,39.24089
306.39984,-120.2885,39.4738
305.6264,-119.9218,39.5239
297.5031,-120.4549,38.57567
303.84686,-120.094,38.62627
298.02655,-120.5208,38.8577
303.41718,-120.1582,38.90858
304.26874,-119.795,38.9581
301.14374,-120.223,39.19109
303.97968,-119.8581,39.24089
302.97968,-120.2885,39.4738
303.09686,-119.9218,39.5239
292.26385,-120.4549,38.57567
296.9123,-120.094,38.62627
292.96698,-120.5208,38.8577
296.26385,-120.1582,38.90858
296.34198,-119.795,38.9581
295.0998,-120.223,39.19109
296.69354,-119.8581,39.24089
296.1623,-120.2885,39.4738
295.90448,-119.9218,39.5239
