wvvflx,lon,lat
1490139.6,-120.4549,38.57567
1035764.6,-120.094,38.62627
1487264.6,-120.5208,38.8577
1102264.6,-120.1582,38.90858
900764.6,-119.795,38.9581
1163264.6,-120.223,39.19109
961389.6,-119.8581,39.24089
1213264.6,-120.2885,39.4738
1031264.6,-119.9218,39.5239
1025712.6,-120.4549,38.57567
824562.6,-120.094,38.62627
1039987.6,-120.5208,38.8577
864562.6,-120.1582,38.90858
777762.6,-119.795,38.9581
903737.6,-120.223,39.19109
827462.6,-119.8581,39.24089
939637.6,-120.2885,39.4738
869837.6,-119.9218,39.5239
462067.88,-120.4549,38.57567
274442.88,-120.094,38.62627
592692.9,-120.5208,38.8577
354317.88,-120.1582,38.90858
219817.88,-119.795,38.9581
439692.88,-120.223,39.19109
273817.88,-119.8581,39.24089
499567.88,-120.2885,39.4738
321942.88,-119.9218,39.5239
-423797.6,-120.4549,38.57567
-424172.6,-120.094,38.62627
-356047.6,-120.5208,38.8577
-432297.6,-120.1582,38.90858
-502672.6,-119.795,38.9581
-450922.6,-120.223,39.19109
-536297.6,-119.8581,39.24089
-482672.6,-120.2885,39.4738
-573297.6,-119.9218,39.5239
-455215.62,-120.4549,38.57567
-321090.62,-120.094,38.62627
-431340.62,-120.5208,38.8577
-333215.62,-120.1582,38.90858
-279590.62,-119.795,38.9581
-340840.62,-120.223,39.19109
-280840.62,-119.8581,39.24089
-340715.62,-120.2885,39.4738
-278215.62,-119.9218,39.5239
-252120.66,-120.4549,38.57567
-251995.66,-120.094,38.62627
-252995.66,-120.5208,38.8577
-242120.66,-120.1582,38.90858
-219370.66,-119.795,38.9581
-236995.66,-120.223,39.19109
-209620.66,-119.8581,39.24089
-232370.66,-120.2885,39.4738
-191995.66,-119.9218,39.5239
638743.75,-120.4549,38.57567
421993.72,-120.094,38.62627
740368.7,-120.5208,38.8577
523368.72,-120.1582,38.90858
390118.72,-119.795,38.9581
624743.75,-120.223,39.19109
482493.72,-119.8581,39.24089
724743.7,-120.2885,39.4738
581368.75,-119.9218,39.5239
965997.9,-120.4549,38.57567
773497.9,-120.094,38.62627
979247.9,-120.5208,38.8577
798872.9,-120.1582,38.90858
681747.9,-119.795,38.9581
804622.9,-120.223,39.19109
696497.9,-119.8581,39.24089
781622.9,-120.2885,39.4738
674997.9,-119.9218,39.5239
1390905.8,-120.4549,38.57567
1005405.75,-120.094,38.62627
1313780.8,-120.5208,38.8577
1016280.75,-120.1582,38.90858
877405.75,-119.795,38.9581
1015280.75,-120.223,39.19109
897905.75,-119.8581,39.24089
1003405.75,-120.2885,39.4738
910405.75,-119.9218,39.5239
-280353.06,-120.4549,38.57567
-268228.06,-120.094,38.62627
-263728.06,-120.5208,38.8577
-270603.06,-120.1582,38.90858
-278353.06,-119.795,38.9581
-277228.06,-120.223,39.19109
-276978.06,-119.8581,39.24089
-285103.06,-120.2885,39.4738
-281103.06,-119.9218,39.5239
-14021.844,-120.4549,38.57567
-26021.844,-120.094,38.62627
44728.156,-120.5208,38.8577
-1271.8438,-120.1582,38.90858
-30771.844,-119.795,38.9581
13353.156,-120.223,39.19109
-23896.844,-119.8581,39.24089
18853.156,-120.2885,39.4738
-19646.844,-119.9218,39.5239
-354096.6,-120.4549,38.57567
-347346.6,-120.094,38.62627
-352471.6,-120.5208,38.8577
-359596.6,-120.1582,38.90858
-349096.6,-119.795,38.9581
-351471.6,-120.223,39.19109
-343346.6,-119.8581,39.24089
-332971.6,-120.2885,39.4738
-340596.6,-119.9218,39.5239
-214677.66,-120.4549,38.57567
-242302.66,-120.094,38.62627
-220052.66,-120.5208,38.8577
-226177.66,-120.1582,38.90858
-209677.66,-119.795,38.9581
-205552.66,-120.223,39.19109
-177677.66,-119.8581,39.24089
-182427.66,-120.2885,39.4738
-148427.66,-119.9218,39.5239
650416.0,-120.4549,38.57567
519791.0,-120.094,38.62627
595416.0,-120.5208,38.8577
491541.0,-120.1582,38.90858
416541.0,-119.795,38.9581
460916.0,-120.223,39.19109
398916.0,-119.8581,39.24089
430041.0,-120.2885,39.4738
391666.0,-119.9218,39.5239
923184.5,-120.4549,38.57567
731934.5,-120.094,38.62627
802684.5,-120.5208,38.8577
678684.5,-120.1582,38.90858
607934.5,-119.795,38.9581
602934.5,-120.223,39.19109
554434.5,-119.8581,39.24089
514059.5,-120.2885,39.4738
499559.5,-119.9218,39.5239
233801.28,-120.4549,38.57567
187676.28,-120.094,38.62627
192426.28,-120.5208,38.8577
182551.28,-120.1582,38.90858
197176.28,-119.795,38.9581
174301.28,-120.223,39.19109
197176.28,-119.8581,39.24089
164176.28,-120.2885,39.4738
201926.28,-119.9218,39.5239
-86804.69,-120.4549,38.57567
-84179.69,-120.094,38.62627
-76679.69,-120.5208,38.8577
-69929.69,-120.1582,38.90858
-43054.688,-119.795,38.9581
-56179.688,-120.223,39.19109
-31179.688,-119.8581,39.24089
-46179.688,-120.2885,39.4738
-18179.688,-119.9218,39.5239
31779.375,-120.4549,38.57567
-20970.625,-120.094,38.62627
36279.375,-120.5208,38.8577
-13220.625,-120.1582,38.90858
-49595.625,-119.795,38.9581
-14345.625,-120.223,39.19109
-51595.625,-119.8581,39.24089
-17470.625,-120.2885,39.4738
-58720.625,-119.9218,39.5239
372512.66,-120.4549,38.57567
260262.66,-120.094,38.62627
378762.66,-120.5208,38.8577
279262.66,-120.1582,38.90858
218387.66,-119.795,38.9581
291637.66,-120.223,39.19109
236262.66,-119.8581,39.24089
305387.66,-120.2885,39.4738
259262.66,-119.9218,39.5239
496047.88,-120.4549,38.57567
415922.88,-120.094,38.62627
527672.9,-120.5208,38.8577
455547.88,-120.1582,38.90858
402422.88,-119.795,38.9581
481797.88,-120.223,39.19109
437172.88,-119.8581,39.24089
504297.88,-120.2885,39.4738
468422.88,-119.9218,39.5239
-156923.31,-120.4549,38.57567
-111673.31,-120.094,38.62627
-174548.31,-120.5208,38.8577
-123298.31,-120.1582,38.90858
-91423.31,-119.795,38.9581
-141048.31,-120.223,39.19109
-101298.31,-119.8581,39.24089
-162048.31,-120.2885,39.4738
-111923.31,-119.9218,39.5239
-457856.06,-120.4549,38.57567
-364606.06,-120.094,38.62627
-427106.06,-120.5208,38.8577
-363981.06,-120.1582,38.90858
-352731.06,-119.795,38.9581
-363106.06,-120.223,39.19109
-361481.06,-119.8581,39.24089
-353481.06,-120.2885,39.4738
-373106.06,-119.9218,39.5239
-423996.62,-120.4549,38.57567
-427746.62,-120.094,38.62627
-414871.62,-120.5208,38.8577
-414121.62,-120.1582,38.90858
-416746.62,-119.795,38.9581
-400371.62,-120.223,39.19109
-397871.62,-119.8581,39.24089
-383496.62,-120.2885,39.4738
-372371.62,-119.9218,39.5239
1207905.0,-120.4549,38.57567
925279.94,-120.094,38.62627
1237655.0,-120.5208,38.8577
981655.0,-120.1582,38.90858
838404.94,-119.795,38.9581
1039405.0,-120.223,39.19109
892904.94,-119.8581,39.24089
1086530.0,-120.2885,39.4738
963154.94,-119.9218,39.5239
936965.06,-120.4549,38.57567
622590.06,-120.094,38.62627
975465.06,-120.5208,38.8577
693215.06,-120.1582,38.90858
540215.06,-119.795,38.9581
756215.06,-120.223,39.19109
610965.06,-119.8581,39.24089
813215.06,-120.2885,39.4738
682715.06,-119.9218,39.5239
1505994.0,-120.4549,38.57567
1018119.1,-120.094,38.62627
1609369.0,-120.5208,38.8577
1139869.1,-120.1582,38.90858
917494.1,-119.795,38.9581
1287244.1,-120.223,39.19109
1031619.1,-119.8581,39.24089
1420994.0,-120.2885,39.4738
1179494.1,-119.9218,39.5239
1012624.5,-120.4549,38.57567
769999.6,-120.094,38.62627
1021499.5,-120.5208,38.8577
810999.6,-120.1582,38.90858
739624.6,-119.795,38.9581
848374.6,-120.223,39.19109
788499.6,-119.8581,39.24089
873874.6,-120.2885,39.4738
840624.6,-119.9218,39.5239
-471610.84,-120.4549,38.57567
-534860.9,-120.094,38.62627
-374985.84,-120.5208,38.8577
-467485.84,-120.1582,38.90858
-519860.84,-119.795,38.9581
-403235.84,-120.223,39.19109
-466610.84,-119.8581,39.24089
-337735.84,-120.2885,39.4738
-405860.84,-119.9218,39.5239
-448390.6,-120.4549,38.57567
-448015.6,-120.094,38.62627
-406265.6,-120.5208,38.8577
-452265.6,-120.1582,38.90858
-515390.6,-119.795,38.9581
-457140.6,-120.223,39.19109
-532515.6,-119.8581,39.24089
-448390.6,-120.2885,39.4738
-533515.5,-119.9218,39.5239
555707.75,-120.4549,38.57567
399582.72,-120.094,38.62627
585832.75,-120.5208,38.8577
431457.72,-120.1582,38.90858
334832.72,-119.795,38.9581
468832.72,-120.223,39.19109
365207.72,-119.8581,39.24089
506457.72,-120.2885,39.4738
411082.72,-119.9218,39.5239
771239.4,-120.4549,38.57567
627739.44,-120.094,38.62627
818614.4,-120.5208,38.8577
666489.44,-120.1582,38.90858
551989.44,-119.795,38.9581
680989.44,-120.223,39.19109
566989.44,-119.8581,39.24089
678864.44,-120.2885,39.4738
570364.44,-119.9218,39.5239
-126514.19,-120.4549,38.57567
-135764.19,-120.094,38.62627
-139889.19,-120.5208,38.8577
-152639.19,-120.1582,38.90858
-152764.19,-119.795,38.9581
-159139.19,-120.223,39.19109
-154639.19,-119.8581,39.24089
-145139.19,-120.2885,39.4738
-138639.19,-119.9218,39.5239
15184.5625,-120.4549,38.57567
-5940.4375,-120.094,38.62627
46684.562,-120.5208,38.8577
12434.5625,-120.1582,38.90858
-15940.4375,-119.795,38.9581
26559.562,-120.223,39.19109
-440.4375,-119.8581,39.24089
45934.562,-120.2885,39.4738
24059.562,-119.9218,39.5239
107082.84,-120.4549,38.57567
33707.844,-120.094,38.62627
197957.84,-120.5208,38.8577
92957.84,-120.1582,38.90858
5457.8438,-119.795,38.9581
134207.84,-120.223,39.19109
42707.844,-119.8581,39.24089
157082.84,-120.2885,39.4738
54332.844,-119.9218,39.5239
-508156.12,-120.4549,38.57567
-386331.12,-120.094,38.62627
-527681.1,-120.5208,38.8577
-443656.12,-120.1582,38.90858
-377631.12,-119.795,38.9581
-504481.12,-120.223,39.19109
-449656.12,-119.8581,39.24089
-556656.1,-120.2885,39.4738
-543831.1,-119.9218,39.5239
-691044.75,-120.4549,38.57567
-599444.75,-120.094,38.62627
-679894.75,-120.5208,38.8577
-613169.75,-120.1582,38.90858
-575644.75,-119.795,38.9581
-619494.75,-120.223,39.19109
-587319.75,-119.8581,39.24089
-617769.75,-120.2885,39.4738
-600294.75,-119.9218,39.5239
-729286.56,-120.4549,38.57567
-591786.5,-120.094,38.62627
-727786.56,-120.5208,38.8577
-622786.56,-120.1582,38.90858
-570786.5,-119.795,38.9581
-646536.56,-120.223,39.19109
-599161.5,-119.8581,39.24089
-667536.56,-120.2885,39.4738
-634411.56,-119.9218,39.5239
-646315.9,-120.4549,38.57567
-539440.9,-120.094,38.62627
-680315.9,-120.5208,38.8577
-578565.9,-120.1582,38.90858
-529690.9,-119.795,38.9581
-625815.9,-120.223,39.19109
-574940.9,-119.8581,39.24089
-669565.9,-120.2885,39.4738
-632440.9,-119.9218,39.5239
-1097217.6,-120.4549,38.57567
-984717.6,-120.094,38.62627
-1140592.6,-120.5208,38.8577
-1051092.6,-120.1582,38.90858
-1013092.6,-119.795,38.9581
-1116467.6,-120.223,39.19109
-1084592.6,-119.8581,39.24089
-1173842.6,-120.2885,39.4738
-1155342.6,-119.9218,39.5239
-781599.1,-120.4549,38.57567
-657974.1,-120.094,38.62627
-776849.1,-120.5208,38.8577
-710849.1,-120.1582,38.90858
-712599.1,-119.795,38.9581
-761599.1,-120.223,39.19109
-777724.1,-119.8581,39.24089
-811474.1,-120.2885,39.4738
-849724.1,-119.9218,39.5239
-781065.9,-120.4549,38.57567
-682815.9,-120.094,38.62627
-770440.9,-120.5208,38.8577
-675440.9,-120.1582,38.90858
-633565.9,-119.795,38.9581
-690565.9,-120.223,39.19109
-642940.9,-119.8581,39.24089
-707065.9,-120.2885,39.4738
-671190.9,-119.9218,39.5239
-472192.84,-120.4549,38.57567
-452317.84,-120.094,38.62627
-506192.84,-120.5208,38.8577
-479692.84,-120.1582,38.90858
-467067.84,-119.795,38.9581
-515192.84,-120.223,39.19109
-501317.84,-119.8581,39.24089
-550442.9,-120.2885,39.4738
-540067.9,-119.9218,39.5239
-673228.56,-120.4549,38.57567
-606478.5,-120.094,38.62627
-667728.56,-120.5208,38.8577
-614978.5,-120.1582,38.90858
-590603.5,-119.795,38.9581
-620978.5,-120.223,39.19109
-600353.5,-119.8581,39.24089
-620853.5,-120.2885,39.4738
-606228.5,-119.9218,39.5239
-227517.72,-120.4549,38.57567
-179517.72,-120.094,38.62627
-224517.72,-120.5208,38.8577
-190267.72,-120.1582,38.90858
-174892.72,-119.795,38.9581
-193267.72,-120.223,39.19109
-183017.72,-119.8581,39.24089
-188767.72,-120.2885,39.4738
-178767.72,-119.9218,39.5239
515705.8,-120.4549,38.57567
429830.8,-120.094,38.62627
535955.8,-120.5208,38.8577
455580.8,-120.1582,38.90858
407580.8,-119.795,38.9581
488330.8,-120.223,39.19109
435830.8,-119.8581,39.24089
525830.8,-120.2885,39.4738
475580.8,-119.9218,39.5239
1592366.5,-120.4549,38.57567
1237116.2,-120.094,38.62627
1562116.5,-120.5208,38.8577
1264866.2,-120.1582,38.90858
1126741.2,-119.795,38.9581
1290366.2,-120.223,39.19109
1153491.2,-119.8581,39.24089
1308991.2,-120.2885,39.4738
1199366.2,-119.9218,39.5239
988874.0,-120.4549,38.57567
713749.0,-120.094,38.62627
1004624.0,-120.5208,38.8577
779749.0,-120.1582,38.90858
703374.0,-119.795,38.9581
830499.0,-120.223,39.19109
759874.0,-119.8581,39.24089
868999.0,-120.2885,39.4738
817374.0,-119.9218,39.5239
882384.56,-120.4549,38.57567
566384.6,-120.094,38.62627
864509.56,-120.5208,38.8577
592134.6,-120.1582,38.90858
446259.6,-119.795,38.9581
584134.6,-120.223,39.19109
447759.6,-119.8581,39.24089
550634.6,-120.2885,39.4738
444384.6,-119.9218,39.5239
1571072.8,-120.4549,38.57567
1128947.8,-120.094,38.62627
1600697.8,-120.5208,38.8577
1208197.8,-120.1582,38.90858
983697.8,-119.795,38.9581
1286447.8,-120.223,39.19109
1056822.8,-119.8581,39.24089
1349947.8,-120.2885,39.4738
1152947.8,-119.9218,39.5239
2284948.0,-120.4549,38.57567
1795948.0,-120.094,38.62627
2244948.0,-120.5208,38.8577
1891073.0,-120.1582,38.90858
1726323.0,-119.795,38.9581
1952698.0,-120.223,39.19109
1831198.0,-119.8581,39.24089
2001073.0,-120.2885,39.4738
1934073.0,-119.9218,39.5239
406139.97,-120.4549,38.57567
250014.97,-120.094,38.62627
418264.97,-120.5208,38.8577
292139.97,-120.1582,38.90858
236514.97,-119.795,38.9581
323764.97,-120.223,39.19109
276889.97,-119.8581,39.24089
346514.97,-120.2885,39.4738
309139.97,-119.9218,39.5239
561971.94,-120.4549,38.57567
345096.94,-120.094,38.62627
533346.94,-120.5208,38.8577
344471.94,-120.1582,38.90858
263721.94,-119.795,38.9581
345721.94,-120.223,39.19109
263971.94,-119.8581,39.24089
338471.94,-120.2885,39.4738
291971.94,-119.9218,39.5239
805746.06,-120.4549,38.57567
543621.1,-120.094,38.62627
758746.06,-120.5208,38.8577
534496.1,-120.1582,38.90858
427121.1,-119.795,38.9581
522496.1,-120.223,39.19109
412871.1,-119.8581,39.24089
497496.1,-120.2885,39.4738
424496.1,-119.9218,39.5239
206029.22,-120.4549,38.57567
82529.22,-120.094,38.62627
183029.22,-120.5208,38.8577
105029.22,-120.1582,38.90858
85779.22,-119.795,38.9581
122404.22,-120.223,39.19109
107154.22,-119.8581,39.24089
136279.22,-120.2885,39.4738
138029.22,-119.9218,39.5239
565595.06,-120.4549,38.57567
435095.06,-120.094,38.62627
494470.06,-120.5208,38.8577
422845.06,-120.1582,38.90858
411595.06,-119.795,38.9581
408345.06,-120.223,39.19109
408970.06,-119.8581,39.24089
390345.06,-120.2885,39.4738
422345.06,-119.9218,39.5239
1147008.5,-120.4549,38.57567
773133.56,-120.094,38.62627
1055258.5,-120.5208,38.8577
782758.56,-120.1582,38.90858
682758.56,-119.795,38.9581
774258.56,-120.223,39.19109
686758.56,-119.8581,39.24089
756883.56,-120.2885,39.4738
709383.56,-119.9218,39.5239
1943558.2,-120.4549,38.57567
1357683.2,-120.094,38.62627
1923933.2,-120.5208,38.8577
1452683.2,-120.1582,38.90858
1244308.2,-119.795,38.9581
1497308.2,-120.223,39.19109
1305558.2,-119.8581,39.24089
1497808.2,-120.2885,39.4738
1369933.2,-119.9218,39.5239
2092968.5,-120.4549,38.57567
1647468.5,-120.094,38.62627
2079593.5,-120.5208,38.8577
1777093.5,-120.1582,38.90858
1650093.5,-119.795,38.9581
1837343.5,-120.223,39.19109
1788343.5,-119.8581,39.24089
1888593.5,-120.2885,39.4738
1876593.5,-119.9218,39.5239
-342247.12,-120.4549,38.57567
-414872.12,-120.094,38.62627
-287497.12,-120.5208,38.8577
-381747.12,-120.1582,38.90858
-439247.12,-119.795,38.9581
-358997.12,-120.223,39.19109
-423497.12,-119.8581,39.24089
-337997.12,-120.2885,39.4738
-399997.12,-119.9218,39.5239
85569.625,-120.4549,38.57567
-79305.375,-120.094,38.62627
220944.62,-120.5208,38.8577
18819.625,-120.1582,38.90858
-106055.375,-119.795,38.9581
106694.625,-120.223,39.19109
-40555.375,-119.8581,39.24089
187819.62,-120.2885,39.4738
33694.625,-119.9218,39.5239
1269734.4,-120.4549,38.57567
1015359.4,-120.094,38.62627
1331234.4,-120.5208,38.8577
1109484.4,-120.1582,38.90858
982109.4,-119.795,38.9581
1193609.4,-120.223,39.19109
1069359.4,-119.8581,39.24089
1271734.4,-120.2885,39.4738
1169359.4,-119.9218,39.5239
35522.938,-120.4549,38.57567
59772.938,-120.094,38.62627
30647.938,-120.5208,38.8577
25147.938,-120.1582,38.90858
14647.9375,-119.795,38.9581
-6227.0625,-120.223,39.19109
-32602.062,-119.8581,39.24089
-47102.062,-120.2885,39.4738
-98727.06,-119.9218,39.5239
-1020672.3,-120.4549,38.57567
-867047.3,-120.094,38.62627
-1002047.3,-120.5208,38.8577
-868172.3,-120.1582,38.90858
-759547.3,-119.795,38.9581
-866922.3,-120.223,39.19109
-764172.3,-119.8581,39.24089
-869297.3,-120.2885,39.4738
-788047.3,-119.9218,39.5239
-1442176.8,-120.4549,38.57567
-1294801.8,-120.094,38.62627
-1441051.8,-120.5208,38.8577
-1337426.8,-120.1582,38.90858
-1307551.8,-119.795,38.9581
-1389926.8,-120.223,39.19109
-1378301.8,-119.8581,39.24089
-1449926.8,-120.2885,39.4738
-1461426.8,-119.9218,39.5239
-411213.06,-120.4549,38.57567
-338088.06,-120.094,38.62627
-397088.06,-120.5208,38.8577
-344213.06,-120.1582,38.90858
-325338.06,-119.795,38.9581
-344588.06,-120.223,39.19109
-330463.06,-119.8581,39.24089
-343588.06,-120.2885,39.4738
-343213.06,-119.9218,39.5239
-267676.53,-120.4549,38.57567
-245301.53,-120.094,38.62627
-269676.53,-120.5208,38.8577
-254926.53,-120.1582,38.90858
-255176.53,-119.795,38.9581
-269301.53,-120.223,39.19109
-274926.53,-119.8581,39.24089
-290926.53,-120.2885,39.4738
-297301.53,-119.9218,39.5239
-359127.03,-120.4549,38.57567
-359252.03,-120.094,38.62627
-379377.03,-120.5208,38.8577
-379877.03,-120.1582,38.90858
-397502.03,-119.795,38.9581
-408627.03,-120.223,39.19109
-427627.03,-119.8581,39.24089
-437252.03,-120.2885,39.4738
-463127.03,-119.9218,39.5239
-375989.16,-120.4549,38.57567
-384614.16,-120.094,38.62627
-382414.16,-120.5208,38.8577
-393789.16,-120.1582,38.90858
-404589.16,-119.795,38.9581
-407389.16,-120.223,39.19109
-420814.16,-119.8581,39.24089
-427914.16,-120.2885,39.4738
-447764.16,-119.9218,39.5239
-559380.9,-120.4549,38.57567
-555505.9,-120.094,38.62627
-567505.9,-120.5208,38.8577
-550755.9,-120.1582,38.90858
-534755.9,-119.795,38.9581
-554255.9,-120.223,39.19109
-537005.9,-119.8581,39.24089
-558255.9,-120.2885,39.4738
-525005.9,-119.9218,39.5239
-125418.59,-120.4549,38.57567
-155293.6,-120.094,38.62627
-149293.6,-120.5208,38.8577
-180918.6,-120.1582,38.90858
-223293.6,-119.795,38.9581
-209918.6,-120.223,39.19109
-250293.6,-119.8581,39.24089
-239668.6,-120.2885,39.4738
-266543.6,-119.9218,39.5239
10175.8125,-120.4549,38.57567
-40574.188,-120.094,38.62627
15050.8125,-120.5208,38.8577
-19949.188,-120.1582,38.90858
-25824.188,-119.795,38.9581
-3824.1875,-120.223,39.19109
-6074.1875,-119.8581,39.24089
8925.8125,-120.2885,39.4738
21800.812,-119.9218,39.5239
371465.84,-120.4549,38.57567
220715.84,-120.094,38.62627
285590.84,-120.5208,38.8577
202715.84,-120.1582,38.90858
177090.84,-119.795,38.9581
187840.84,-120.223,39.19109
175715.84,-119.8581,39.24089
174465.84,-120.2885,39.4738
191715.84,-119.9218,39.5239
1040379.6,-120.4549,38.57567
655979.6,-120.094,38.62627
1035579.6,-120.5208,38.8577
717929.6,-120.1582,38.90858
561854.6,-119.795,38.9581
779154.7,-120.223,39.19109
626504.6,-119.8581,39.24089
823904.7,-120.2885,39.4738
707279.6,-119.9218,39.5239
2826998.0,-120.4549,38.57567
2169147.8,-120.094,38.62627
2736948.0,-120.5208,38.8577
2245072.8,-120.1582,38.90858
2036472.8,-119.795,38.9581
2275497.8,-120.223,39.19109
2099122.8,-119.8581,39.24089
2271397.8,-120.2885,39.4738
2165372.8,-119.9218,39.5239
1306836.4,-120.4549,38.57567
916161.4,-120.094,38.62627
1244211.4,-120.5208,38.8577
947886.4,-120.1582,38.90858
823111.4,-119.795,38.9581
955311.4,-120.223,39.19109
843336.4,-119.8581,39.24089
939961.4,-120.2885,39.4738
860486.4,-119.9218,39.5239
1157073.5,-120.4549,38.57567
871873.56,-120.094,38.62627
1117373.5,-120.5208,38.8577
924473.56,-120.1582,38.90858
858148.56,-119.795,38.9581
934598.56,-120.223,39.19109
904848.56,-119.8581,39.24089
936973.56,-120.2885,39.4738
920923.56,-119.9218,39.5239
296244.47,-120.4549,38.57567
243494.47,-120.094,38.62627
262369.47,-120.5208,38.8577
231944.47,-120.1582,38.90858
218144.47,-119.795,38.9581
203044.47,-120.223,39.19109
202094.47,-119.8581,39.24089
166294.47,-120.2885,39.4738
168944.47,-119.9218,39.5239
-553683.4,-120.4549,38.57567
-470558.4,-120.094,38.62627
-551933.4,-120.5208,38.8577
-484183.4,-120.1582,38.90858
-435808.4,-119.795,38.9581
-495683.4,-120.223,39.19109
-452058.4,-119.8581,39.24089
-493183.4,-120.2885,39.4738
-473683.4,-119.9218,39.5239
-147579.56,-120.4549,38.57567
-136579.56,-120.094,38.62627
-151829.56,-120.5208,38.8577
-139079.56,-120.1582,38.90858
-127204.56,-119.795,38.9581
-141829.56,-120.223,39.19109
-129079.56,-119.8581,39.24089
-143454.56,-120.2885,39.4738
-134079.56,-119.9218,39.5239
423966.44,-120.4549,38.57567
287341.44,-120.094,38.62627
377216.44,-120.5208,38.8577
276216.44,-120.1582,38.90858
223966.44,-119.795,38.9581
254341.44,-120.223,39.19109
213091.44,-119.8581,39.24089
224841.44,-120.2885,39.4738
200841.44,-119.9218,39.5239
468642.56,-120.4549,38.57567
330892.56,-120.094,38.62627
457892.56,-120.5208,38.8577
348892.56,-120.1582,38.90858
302767.56,-119.795,38.9581
356392.56,-120.223,39.19109
321142.56,-119.8581,39.24089
356142.56,-120.2885,39.4738
332017.56,-119.9218,39.5239
539441.9,-120.4549,38.57567
437316.84,-120.094,38.62627
517691.84,-120.5208,38.8577
451566.84,-120.1582,38.90858
421316.84,-119.795,38.9581
443316.84,-120.223,39.19109
434441.84,-119.8581,39.24089
418941.84,-120.2885,39.4738
414566.84,-119.9218,39.5239
-165718.4,-120.4549,38.57567
-187893.4,-120.094,38.62627
-148793.4,-120.5208,38.8577
-186743.4,-120.1582,38.90858
-195793.4,-119.795,38.9581
-186568.4,-120.223,39.19109
-199818.4,-119.8581,39.24089
-181868.4,-120.2885,39.4738
-192793.4,-119.9218,39.5239
559742.25,-120.4549,38.57567
444367.28,-120.094,38.62627
565492.25,-120.5208,38.8577
456617.28,-120.1582,38.90858
399992.28,-119.795,38.9581
469117.28,-120.223,39.19109
415117.28,-119.8581,39.24089
478117.28,-120.2885,39.4738
429617.28,-119.9218,39.5239
2759737.5,-120.4549,38.57567
2125237.2,-120.094,38.62627
2708487.5,-120.5208,38.8577
2211612.2,-120.1582,38.90858
1953487.2,-119.795,38.9581
2200237.2,-120.223,39.19109
1994612.2,-119.8581,39.24089
2149737.2,-120.2885,39.4738
1985362.2,-119.9218,39.5239
2744395.0,-120.4549,38.57567
2062645.2,-120.094,38.62627
2712770.0,-120.5208,38.8577
2208020.2,-120.1582,38.90858
2024270.2,-119.795,38.9581
2306270.0,-120.223,39.19109
2170645.2,-119.8581,39.24089
2397895.0,-120.2885,39.4738
2319395.0,-119.9218,39.5239
828898.5,-120.4549,38.57567
663273.5,-120.094,38.62627
826023.5,-120.5208,38.8577
705523.5,-120.1582,38.90858
648648.5,-119.795,38.9581
712148.5,-120.223,39.19109
681523.5,-119.8581,39.24089
720148.5,-120.2885,39.4738
697398.5,-119.9218,39.5239
178148.1,-120.4549,38.57567
120898.09,-120.094,38.62627
205898.1,-120.5208,38.8577
137523.1,-120.1582,38.90858
97023.09,-119.795,38.9581
140148.1,-120.223,39.19109
100148.09,-119.8581,39.24089
130398.09,-120.2885,39.4738
91898.09,-119.9218,39.5239
-2964.875,-120.4549,38.57567
-10714.875,-120.094,38.62627
-4464.875,-120.5208,38.8577
-23589.875,-120.1582,38.90858
-41339.875,-119.795,38.9581
-44839.875,-120.223,39.19109
-63214.875,-119.8581,39.24089
-70089.875,-120.2885,39.4738
-91839.875,-119.9218,39.5239
-249074.78,-120.4549,38.57567
-193449.78,-120.094,38.62627
-250199.78,-120.5208,38.8577
-203449.78,-120.1582,38.90858
-188699.78,-119.795,38.9581
-217449.78,-120.223,39.19109
-201449.78,-119.8581,39.24089
-231074.78,-120.2885,39.4738
-221824.78,-119.9218,39.5239
-430915.75,-120.4549,38.57567
-387540.75,-120.094,38.62627
-447540.75,-120.5208,38.8577
-407040.75,-120.1582,38.90858
-392665.75,-119.795,38.9581
-430790.75,-120.223,39.19109
-418540.75,-119.8581,39.24089
-452165.75,-120.2885,39.4738
-452290.75,-119.9218,39.5239
-439675.78,-120.4549,38.57567
-387050.78,-120.094,38.62627
-432300.78,-120.5208,38.8577
-396925.78,-120.1582,38.90858
-388550.78,-119.795,38.9581
-411425.78,-120.223,39.19109
-406175.78,-119.8581,39.24089
-422300.78,-120.2885,39.4738
-425800.78,-119.9218,39.5239
-217267.9,-120.4549,38.57567
-150392.9,-120.094,38.62627
-215267.9,-120.5208,38.8577
-168517.9,-120.1582,38.90858
-161642.9,-119.795,38.9581
-185267.9,-120.223,39.19109
-179642.9,-119.8581,39.24089
-199267.9,-120.2885,39.4738
-207642.9,-119.9218,39.5239
-273983.28,-120.4549,38.57567
-253158.28,-120.094,38.62627
-276708.28,-120.5208,38.8577
-255408.28,-120.1582,38.90858
-240508.28,-119.795,38.9581
-260608.28,-120.223,39.19109
-245308.28,-119.8581,39.24089
-264983.28,-120.2885,39.4738
-252783.28,-119.9218,39.5239
-254683.28,-120.4549,38.57567
-233683.28,-120.094,38.62627
-244933.28,-120.5208,38.8577
-235558.28,-120.1582,38.90858
-224558.28,-119.795,38.9581
-232808.28,-120.223,39.19109
-226308.28,-119.8581,39.24089
-225558.28,-120.2885,39.4738
-220558.28,-119.9218,39.5239
11136.469,-120.4549,38.57567
-16113.531,-120.094,38.62627
66636.47,-120.5208,38.8577
20136.469,-120.1582,38.90858
-15738.531,-119.795,38.9581
49511.47,-120.223,39.19109
6386.4688,-119.8581,39.24089
79136.47,-120.2885,39.4738
30886.469,-119.9218,39.5239
800718.1,-120.4549,38.57567
621593.1,-120.094,38.62627
870468.1,-120.5208,38.8577
686718.1,-120.1582,38.90858
577093.1,-119.795,38.9581
739343.1,-120.223,39.19109
631718.1,-119.8581,39.24089
788718.1,-120.2885,39.4738
683218.1,-119.9218,39.5239
1904845.4,-120.4549,38.57567
1362345.4,-120.094,38.62627
2004470.4,-120.5208,38.8577
1531220.4,-120.1582,38.90858
1321595.4,-119.795,38.9581
1647845.4,-120.223,39.19109
1461095.4,-119.8581,39.24089
1736845.4,-120.2885,39.4738
1561845.4,-119.9218,39.5239
2047001.9,-120.4549,38.57567
1443876.9,-120.094,38.62627
2080901.9,-120.5208,38.8577
1595251.9,-120.1582,38.90858
1395076.9,-119.795,38.9581
1715876.9,-120.223,39.19109
1533676.9,-119.8581,39.24089
1799151.9,-120.2885,39.4738
1662276.9,-119.9218,39.5239
1152588.9,-120.4549,38.57567
884838.9,-120.094,38.62627
1170088.9,-120.5208,38.8577
958463.9,-120.1582,38.90858
816838.9,-119.795,38.9581
995088.9,-120.223,39.19109
883088.9,-119.8581,39.24089
1029963.9,-120.2885,39.4738
915213.9,-119.9218,39.5239
645517.9,-120.4549,38.57567
495017.84,-120.094,38.62627
631767.9,-120.5208,38.8577
503642.84,-120.1582,38.90858
406142.84,-119.795,38.9581
486017.84,-120.223,39.19109
408267.84,-119.8581,39.24089
457017.84,-120.2885,39.4738
399267.84,-119.9218,39.5239
1024200.5,-120.4549,38.57567
731700.5,-120.094,38.62627
926200.5,-120.5208,38.8577
699550.5,-120.1582,38.90858
563150.6,-119.795,38.9581
651150.5,-120.223,39.19109
541000.6,-119.8581,39.24089
592025.6,-120.2885,39.4738
508150.6,-119.9218,39.5239
711559.9,-120.4549,38.57567
487084.88,-120.094,38.62627
630734.9,-120.5208,38.8577
499409.88,-120.1582,38.90858
391309.88,-119.795,38.9581
449159.88,-120.223,39.19109
382184.88,-119.8581,39.24089
380784.88,-120.2885,39.4738
314309.88,-119.9218,39.5239
331417.66,-120.4549,38.57567
183292.66,-120.094,38.62627
326917.66,-120.5208,38.8577
217167.66,-120.1582,38.90858
152667.66,-119.795,38.9581
215042.66,-120.223,39.19109
168542.66,-119.8581,39.24089
207917.66,-120.2885,39.4738
151917.66,-119.9218,39.5239
1137486.4,-120.4549,38.57567
905361.4,-120.094,38.62627
1052236.4,-120.5208,38.8577
880986.4,-120.1582,38.90858
794611.4,-119.795,38.9581
841611.4,-120.223,39.19109
771361.4,-119.8581,39.24089
794236.4,-120.2885,39.4738
745111.4,-119.9218,39.5239
1891786.1,-120.4549,38.57567
1422911.1,-120.094,38.62627
1844036.1,-120.5208,38.8577
1495286.1,-120.1582,38.90858
1351286.1,-119.795,38.9581
1528411.1,-120.223,39.19109
1416286.1,-119.8581,39.24089
1543286.1,-120.2885,39.4738
1449286.1,-119.9218,39.5239
855168.94,-120.4549,38.57567
608668.94,-120.094,38.62627
847418.94,-120.5208,38.8577
657543.94,-120.1582,38.90858
540918.94,-119.795,38.9581
674168.94,-120.223,39.19109
574043.94,-119.8581,39.24089
678793.94,-120.2885,39.4738
596668.94,-119.9218,39.5239
302327.66,-120.4549,38.57567
215327.66,-120.094,38.62627
312577.66,-120.5208,38.8577
239702.66,-120.1582,38.90858
187077.66,-119.795,38.9581
248827.66,-120.223,39.19109
202952.66,-119.8581,39.24089
248452.66,-120.2885,39.4738
199452.66,-119.9218,39.5239
356921.12,-120.4549,38.57567
222671.12,-120.094,38.62627
359046.12,-120.5208,38.8577
232671.12,-120.1582,38.90858
172421.12,-119.795,38.9581
238171.12,-120.223,39.19109
178796.12,-119.8581,39.24089
239046.12,-120.2885,39.4738
187671.12,-119.9218,39.5239
310269.44,-120.4549,38.57567
203469.44,-120.094,38.62627
273819.44,-120.5208,38.8577
200219.44,-120.1582,38.90858
164844.44,-119.795,38.9581
190794.44,-120.223,39.19109
161094.44,-119.8581,39.24089
180019.44,-120.2885,39.4738
150419.44,-119.9218,39.5239
-43015.75,-120.4549,38.57567
-19265.75,-120.094,38.62627
-53890.75,-120.5208,38.8577
-31765.75,-120.1582,38.90858
-22640.75,-119.795,38.9581
-46015.75,-120.223,39.19109
-39140.75,-119.8581,39.24089
-57390.75,-120.2885,39.4738
-53765.75,-119.9218,39.5239
-81778.59,-120.4549,38.57567
-39778.594,-120.094,38.62627
-68778.59,-120.5208,38.8577
-31028.594,-120.1582,38.90858
-13403.594,-119.795,38.9581
-28653.594,-120.223,39.19109
-7403.5938,-119.8581,39.24089
-25778.594,-120.2885,39.4738
-2778.5938,-119.9218,39.5239
-460733.66,-120.4549,38.57567
-357233.66,-120.094,38.62627
-450108.66,-120.5208,38.8577
-388358.66,-120.1582,38.90858
-379108.66,-119.795,38.9581
-418108.66,-120.223,39.19109
-411108.66,-119.8581,39.24089
-448608.66,-120.2885,39.4738
-457608.66,-119.9218,39.5239
-198360.9,-120.4549,38.57567
-161860.9,-120.094,38.62627
-202360.9,-120.5208,38.8577
-173110.9,-120.1582,38.90858
-161485.9,-119.795,38.9581
-187110.9,-120.223,39.19109
-173110.9,-119.8581,39.24089
-202110.9,-120.2885,39.4738
-188485.9,-119.9218,39.5239
-25259.781,-120.4549,38.57567
-20134.781,-120.094,38.62627
-24509.781,-120.5208,38.8577
-15509.781,-120.1582,38.90858
-10134.781,-119.795,38.9581
-12009.781,-120.223,39.19109
-5009.7812,-119.8581,39.24089
-9759.781,-120.2885,39.4738
2990.2188,-119.9218,39.5239
-7255.3438,-120.4549,38.57567
-3505.3438,-120.094,38.62627
-3630.3438,-120.5208,38.8577
4119.6562,-120.1582,38.90858
9994.656,-119.795,38.9581
11619.656,-120.223,39.19109
18994.656,-119.8581,39.24089
17744.656,-120.2885,39.4738
34119.656,-119.9218,39.5239
44461.53,-120.4549,38.57567
26086.531,-120.094,38.62627
54086.53,-120.5208,38.8577
38961.53,-120.1582,38.90858
36836.53,-119.795,38.9581
53086.53,-120.223,39.19109
50336.53,-119.8581,39.24089
64461.53,-120.2885,39.4738
71711.53,-119.9218,39.5239
216304.38,-120.4549,38.57567
135429.38,-120.094,38.62627
201054.38,-120.5208,38.8577
142054.38,-120.1582,38.90858
113054.375,-119.795,38.9581
144804.38,-120.223,39.19109
121929.375,-119.8581,39.24089
145554.38,-120.2885,39.4738
133179.38,-119.9218,39.5239
690244.1,-120.4549,38.57567
430869.12,-120.094,38.62627
612244.1,-120.5208,38.8577
434494.12,-120.1582,38.90858
357619.12,-119.795,38.9581
434869.12,-120.223,39.19109
368119.12,-119.8581,39.24089
433119.12,-120.2885,39.4738
391119.12,-119.9218,39.5239
879988.8,-120.4549,38.57567
739388.8,-120.094,38.62627
869238.8,-120.5208,38.8577
763913.8,-120.1582,38.90858
756113.8,-119.795,38.9581
792038.8,-120.223,39.19109
788488.8,-119.8581,39.24089
808313.8,-120.2885,39.4738
833688.8,-119.9218,39.5239
122999.125,-120.4549,38.57567
90124.125,-120.094,38.62627
134749.12,-120.5208,38.8577
87374.125,-120.1582,38.90858
37249.125,-119.795,38.9581
78999.125,-120.223,39.19109
18124.125,-119.8581,39.24089
70124.125,-120.2885,39.4738
-16375.875,-119.9218,39.5239
39760.25,-120.4549,38.57567
-62489.75,-120.094,38.62627
79885.25,-120.5208,38.8577
-31614.75,-120.1582,38.90858
-90114.75,-119.795,38.9581
-4489.75,-120.223,39.19109
-73364.75,-119.8581,39.24089
19135.25,-120.2885,39.4738
-66739.75,-119.9218,39.5239
548107.4,-120.4549,38.57567
464982.38,-120.094,38.62627
577107.4,-120.5208,38.8577
494857.38,-120.1582,38.90858
458107.38,-119.795,38.9581
519482.38,-120.223,39.19109
482857.38,-119.8581,39.24089
535232.4,-120.2885,39.4738
491607.38,-119.9218,39.5239
63158.938,-120.4549,38.57567
34158.938,-120.094,38.62627
76908.94,-120.5208,38.8577
41658.938,-120.1582,38.90858
27033.938,-119.795,38.9581
40033.938,-120.223,39.19109
22158.938,-119.8581,39.24089
38408.938,-120.2885,39.4738
9283.9375,-119.9218,39.5239
1108036.5,-120.4549,38.57567
794611.5,-120.094,38.62627
1151436.5,-120.5208,38.8577
864761.5,-120.1582,38.90858
716861.5,-119.795,38.9581
926286.5,-120.223,39.19109
778036.5,-119.8581,39.24089
977961.5,-120.2885,39.4738
843686.5,-119.9218,39.5239
1691913.8,-120.4549,38.57567
1303538.8,-120.094,38.62627
1693463.8,-120.5208,38.8577
1378838.8,-120.1582,38.90858
1187288.8,-119.795,38.9581
1436363.8,-120.223,39.19109
1281413.8,-119.8581,39.24089
1484263.8,-120.2885,39.4738
1348588.8,-119.9218,39.5239
1914584.5,-120.4549,38.57567
1508584.5,-120.094,38.62627
1895459.5,-120.5208,38.8577
1601959.5,-120.1582,38.90858
1448459.5,-119.795,38.9581
1653084.5,-120.223,39.19109
1543084.5,-119.8581,39.24089
1694709.5,-120.2885,39.4738
1605209.5,-119.9218,39.5239
717243.2,-120.4549,38.57567
589643.2,-120.094,38.62627
711143.2,-120.5208,38.8577
614068.2,-120.1582,38.90858
561393.2,-119.795,38.9581
609293.2,-120.223,39.19109
571893.2,-119.8581,39.24089
609718.2,-120.2885,39.4738
567768.2,-119.9218,39.5239
42345.156,-120.4549,38.57567
27520.156,-120.094,38.62627
76045.16,-120.5208,38.8577
48195.156,-120.1582,38.90858
31270.156,-119.795,38.9581
61595.156,-120.223,39.19109
47145.156,-119.8581,39.24089
75995.16,-120.2885,39.4738
47195.156,-119.9218,39.5239
-229000.72,-120.4549,38.57567
-188100.72,-120.094,38.62627
-210475.72,-120.5208,38.8577
-172900.72,-120.1582,38.90858
-156175.72,-119.795,38.9581
-160025.72,-120.223,39.19109
-144000.72,-119.8581,39.24089
-149650.72,-120.2885,39.4738
-140825.72,-119.9218,39.5239
-370331.3,-120.4549,38.57567
-335106.3,-120.094,38.62627
-352056.3,-120.5208,38.8577
-314431.3,-120.1582,38.90858
-285831.3,-119.795,38.9581
-294431.3,-120.223,39.19109
-264106.3,-119.8581,39.24089
-273531.3,-120.2885,39.4738
-243231.31,-119.9218,39.5239
200491.44,-120.4549,38.57567
131241.44,-120.094,38.62627
213491.44,-120.5208,38.8577
135616.44,-120.1582,38.90858
77741.44,-119.795,38.9581
139491.44,-120.223,39.19109
78241.44,-119.8581,39.24089
141991.44,-120.2885,39.4738
83616.44,-119.9218,39.5239
1041235.56,-120.4549,38.57567
881110.56,-120.094,38.62627
1017985.56,-120.5208,38.8577
885985.56,-120.1582,38.90858
799735.56,-119.795,38.9581
864235.56,-120.223,39.19109
801610.56,-119.8581,39.24089
838985.56,-120.2885,39.4738
770235.56,-119.9218,39.5239
-47377.03,-120.4549,38.57567
-153377.03,-120.094,38.62627
-33627.03,-120.5208,38.8577
-132377.03,-120.1582,38.90858
-170377.03,-119.795,38.9581
-119627.03,-120.223,39.19109
-161127.03,-119.8581,39.24089
-111502.03,-120.2885,39.4738
-150752.03,-119.9218,39.5239
807554.8,-120.4549,38.57567
555554.75,-120.094,38.62627
805429.8,-120.5208,38.8577
595554.75,-120.1582,38.90858
479054.75,-119.795,38.9581
628554.75,-120.223,39.19109
509304.75,-119.8581,39.24089
645929.75,-120.2885,39.4738
538929.75,-119.9218,39.5239
617274.1,-120.4549,38.57567
468899.12,-120.094,38.62627
671524.1,-120.5208,38.8577
533799.1,-120.1582,38.90858
470499.12,-119.795,38.9581
591624.1,-120.223,39.19109
528149.1,-119.8581,39.24089
637524.1,-120.2885,39.4738
577249.1,-119.9218,39.5239
230153.38,-120.4549,38.57567
59928.375,-120.094,38.62627
311103.38,-120.5208,38.8577
134503.38,-120.1582,38.90858
50703.375,-119.795,38.9581
209778.38,-120.223,39.19109
109103.375,-119.8581,39.24089
273603.38,-120.2885,39.4738
180378.38,-119.9218,39.5239
234992.94,-120.4549,38.57567
92367.94,-120.094,38.62627
384617.94,-120.5208,38.8577
202367.94,-120.1582,38.90858
88617.94,-119.795,38.9581
305867.94,-120.223,39.19109
175992.94,-119.8581,39.24089
401242.94,-120.2885,39.4738
262367.94,-119.9218,39.5239
950738.94,-120.4549,38.57567
744313.94,-120.094,38.62627
1087664.0,-120.5208,38.8577
864038.94,-120.1582,38.90858
723038.94,-119.795,38.9581
977138.94,-120.223,39.19109
826363.94,-119.8581,39.24089
1083489.0,-120.2885,39.4738
929513.94,-119.9218,39.5239
529648.56,-120.4549,38.57567
571273.56,-120.094,38.62627
561648.56,-120.5208,38.8577
582523.56,-120.1582,38.90858
568773.56,-119.795,38.9581
582648.56,-120.223,39.19109
585398.56,-119.8581,39.24089
593023.56,-120.2885,39.4738
564148.56,-119.9218,39.5239
-651926.75,-120.4549,38.57567
-509676.75,-120.094,38.62627
-652926.75,-120.5208,38.8577
-557676.75,-120.1582,38.90858
-548051.75,-119.795,38.9581
-609426.75,-120.223,39.19109
-606426.75,-119.8581,39.24089
-661426.75,-120.2885,39.4738
-684926.75,-119.9218,39.5239
-782659.1,-120.4549,38.57567
-638534.2,-120.094,38.62627
-780284.1,-120.5208,38.8577
-676284.2,-120.1582,38.90858
-640034.2,-119.795,38.9581
-716659.2,-120.223,39.19109
-686784.2,-119.8581,39.24089
-757409.1,-120.2885,39.4738
-753284.1,-119.9218,39.5239
-1427284.8,-120.4549,38.57567
-1201409.8,-120.094,38.62627
-1420284.8,-120.5208,38.8577
-1236284.8,-120.1582,38.90858
-1108909.8,-119.795,38.9581
-1275159.8,-120.223,39.19109
-1154659.8,-119.8581,39.24089
-1314159.8,-120.2885,39.4738
-1218534.8,-119.9218,39.5239
-419838.94,-120.4549,38.57567
-387213.94,-120.094,38.62627
-426963.94,-120.5208,38.8577
-402213.94,-120.1582,38.90858
-397088.94,-119.795,38.9581
-421338.94,-120.223,39.19109
-413338.94,-119.8581,39.24089
-436963.94,-120.2885,39.4738
-434213.94,-119.9218,39.5239
119464.56,-120.4549,38.57567
68964.56,-120.094,38.62627
162839.56,-120.5208,38.8577
89214.56,-120.1582,38.90858
42214.562,-119.795,38.9581
110339.56,-120.223,39.19109
53339.562,-119.8581,39.24089
132089.56,-120.2885,39.4738
58714.562,-119.9218,39.5239
718171.25,-120.4549,38.57567
578921.25,-120.094,38.62627
747296.25,-120.5208,38.8577
608171.25,-120.1582,38.90858
513546.28,-119.795,38.9581
623046.25,-120.223,39.19109
539171.25,-119.8581,39.24089
625671.25,-120.2885,39.4738
551796.25,-119.9218,39.5239
56611.25,-120.4549,38.57567
92736.25,-120.094,38.62627
71361.25,-120.5208,38.8577
93236.25,-120.1582,38.90858
114236.25,-119.795,38.9581
75236.25,-120.223,39.19109
101986.25,-119.8581,39.24089
52611.25,-120.2885,39.4738
69361.25,-119.9218,39.5239
-640558.6,-120.4549,38.57567
-549783.6,-120.094,38.62627
-659858.6,-120.5208,38.8577
-581908.6,-120.1582,38.90858
-539983.6,-119.795,38.9581
-617633.6,-120.223,39.19109
-573533.6,-119.8581,39.24089
-651733.6,-120.2885,39.4738
-622483.6,-119.9218,39.5239
-40738.125,-120.4549,38.57567
-40613.125,-120.094,38.62627
-56863.125,-120.5208,38.8577
-38488.125,-120.1582,38.90858
-30613.125,-119.795,38.9581
-45863.125,-120.223,39.19109
-28488.125,-119.8581,39.24089
-54113.125,-120.2885,39.4738
-29613.125,-119.9218,39.5239
457283.0,-120.4549,38.57567
343283.0,-120.094,38.62627
472033.0,-120.5208,38.8577
382283.0,-120.1582,38.90858
328658.0,-119.795,38.9581
399158.0,-120.223,39.19109
354783.0,-119.8581,39.24089
406908.0,-120.2885,39.4738
372908.0,-119.9218,39.5239
863313.0,-120.4549,38.57567
702563.0,-120.094,38.62627
910688.0,-120.5208,38.8577
754813.0,-120.1582,38.90858
659063.0,-119.795,38.9581
785813.0,-120.223,39.19109
704938.0,-119.8581,39.24089
802688.0,-120.2885,39.4738
729188.0,-119.9218,39.5239
-410134.12,-120.4549,38.57567
-311634.12,-120.094,38.62627
-427259.12,-120.5208,38.8577
-364009.12,-120.1582,38.90858
-358759.12,-119.795,38.9581
-418759.12,-120.223,39.19109
-411884.12,-119.8581,39.24089
-463259.12,-120.2885,39.4738
-488134.12,-119.9218,39.5239
